{"textures":{"0":"modelengine:entity/pb_aof_pig_baby"},"elements":[{"from":[5.0,5.0,3.0],"to":[11.0,10.0,8.0],"faces":{"east":{"uv":[2.5,8.0,5.0,10.5],"tintindex":-2,"rotation":0,"texture":"#0"},"south":{"uv":[6.5,0.0,9.5,2.5],"tintindex":-2,"rotation":0,"texture":"#0"},"north":{"uv":[0.0,5.0,3.0,7.5],"tintindex":-2,"rotation":0,"texture":"#0"},"west":{"uv":[9.0,7.5,11.5,10.0],"tintindex":-2,"rotation":0,"texture":"#0"},"up":{"uv":[9.5,5.0,6.5,2.5],"tintindex":-2,"rotation":0,"texture":"#0"},"down":{"uv":[9.5,5.0,6.5,7.5],"tintindex":-2,"rotation":0,"texture":"#0"}}},{"from":[9.0,10.0,3.75],"to":[11.0,11.0,4.75],"faces":{"east":{"uv":[12.0,3.0,12.5,3.5],"tintindex":-2,"rotation":0,"texture":"#0"},"south":{"uv":[12.0,1.5,13.0,2.0],"tintindex":-2,"rotation":0,"texture":"#0"},"north":{"uv":[12.0,1.0,13.0,1.5],"tintindex":-2,"rotation":0,"texture":"#0"},"west":{"uv":[3.5,12.0,4.0,12.5],"tintindex":-2,"rotation":0,"texture":"#0"},"up":{"uv":[3.0,12.5,2.0,12.0],"tintindex":-2,"rotation":0,"texture":"#0"},"down":{"uv":[13.0,2.0,12.0,2.5],"tintindex":-2,"rotation":0,"texture":"#0"}}},{"from":[5.0,10.0,3.75],"to":[7.0,11.0,4.75],"faces":{"east":{"uv":[12.0,2.5,12.5,3.0],"tintindex":-2,"rotation":0,"texture":"#0"},"south":{"uv":[11.5,11.5,12.5,12.0],"tintindex":-2,"rotation":0,"texture":"#0"},"north":{"uv":[11.5,11.0,12.5,11.5],"tintindex":-2,"rotation":0,"texture":"#0"},"west":{"uv":[3.0,12.0,3.5,12.5],"tintindex":-2,"rotation":0,"texture":"#0"},"up":{"uv":[13.0,0.5,12.0,0.0],"tintindex":-2,"rotation":0,"texture":"#0"},"down":{"uv":[13.0,0.5,12.0,1.0],"tintindex":-2,"rotation":0,"texture":"#0"}}},{"from":[6.5,5.5,2.0],"to":[9.5,7.5,3.0],"faces":{"east":{"uv":[1.5,11.5,2.0,12.5],"tintindex":-2,"rotation":0,"texture":"#0"},"south":{"uv":[5.0,9.0,6.5,10.0],"tintindex":-2,"rotation":0,"texture":"#0"},"north":{"uv":[5.0,8.0,6.5,9.0],"tintindex":-2,"rotation":0,"texture":"#0"},"west":{"uv":[11.5,8.5,12.0,9.5],"tintindex":-2,"rotation":0,"texture":"#0"},"up":{"uv":[13.0,5.5,11.5,5.0],"tintindex":-2,"rotation":0,"texture":"#0"},"down":{"uv":[9.5,11.5,8.0,12.0],"tintindex":-2,"rotation":0,"texture":"#0"}}}],"display":{"gui":{"rotation":[30,225,0]}}}