{"textures":{"0":"modelengine:entity/pb_aof_pig_baby"},"elements":[{"from":[7.0,5.0,7.0],"to":[9.0,8.0,9.0],"faces":{"east":{"uv":[1.0,10.0,2.0,11.5],"tintindex":-2,"rotation":0,"texture":"#0"},"south":{"uv":[5.0,10.0,6.0,11.5],"tintindex":-2,"rotation":0,"texture":"#0"},"north":{"uv":[0.0,10.0,1.0,11.5],"tintindex":-2,"rotation":0,"texture":"#0"},"west":{"uv":[6.0,10.0,7.0,11.5],"tintindex":-2,"rotation":0,"texture":"#0"},"up":{"uv":[12.5,5.0,11.5,4.0],"tintindex":-2,"rotation":0,"texture":"#0"},"down":{"uv":[6.0,11.5,5.0,12.5],"tintindex":-2,"rotation":0,"texture":"#0"}}}],"display":{"gui":{"rotation":[30,225,0]}}}