{"textures":{"0":"modelengine:entity/pb_aof_pig_baby"},"elements":[{"from":[7.0,5.0,7.0],"to":[9.0,8.0,9.0],"faces":{"east":{"uv":[3.0,10.5,4.0,12.0],"tintindex":-2,"rotation":0,"texture":"#0"},"south":{"uv":[4.0,10.5,5.0,12.0],"tintindex":-2,"rotation":0,"texture":"#0"},"north":{"uv":[2.0,10.5,3.0,12.0],"tintindex":-2,"rotation":0,"texture":"#0"},"west":{"uv":[10.5,4.0,11.5,5.5],"tintindex":-2,"rotation":0,"texture":"#0"},"up":{"uv":[8.0,12.5,7.0,11.5],"tintindex":-2,"rotation":0,"texture":"#0"},"down":{"uv":[12.5,7.5,11.5,8.5],"tintindex":-2,"rotation":0,"texture":"#0"}}}],"display":{"gui":{"rotation":[30,225,0]}}}