{"textures":{"0":"modelengine:entity/nm_sea_slug_aqua_texture"},"elements":[{"from":[8.883388,9.338626,4.75],"to":[8.883388,11.338626,5.75],"faces":{"east":{"uv":[6.0,8.0,7.0,10.0],"tintindex":-2,"rotation":0,"texture":"#0"},"west":{"uv":[7.0,8.0,8.0,10.0],"tintindex":-2,"rotation":0,"texture":"#0"}},"rotation":{"origin":[7.975,8.920957,5.75],"angle":-22.5,"axis":"z"}},{"from":[7.025,7.0088253,4.75],"to":[8.975,8.958825,8.0],"faces":{"east":{"uv":[0.0,0.0,3.0,2.0],"tintindex":-2,"rotation":0,"texture":"#0"},"south":{"uv":[2.0,6.0,4.0,8.0],"tintindex":-2,"rotation":0,"texture":"#0"},"north":{"uv":[0.0,6.0,2.0,8.0],"tintindex":-2,"rotation":0,"texture":"#0"},"west":{"uv":[0.0,2.0,3.0,4.0],"tintindex":-2,"rotation":0,"texture":"#0"},"up":{"uv":[5.0,3.0,3.0,0.0],"tintindex":-2,"rotation":0,"texture":"#0"},"down":{"uv":[5.0,3.0,3.0,6.0],"tintindex":-2,"rotation":0,"texture":"#0"}}},{"from":[7.1166124,9.338626,4.75],"to":[7.1166124,11.338626,5.75],"faces":{"east":{"uv":[8.0,8.0,9.0,10.0],"tintindex":-2,"rotation":0,"texture":"#0"},"west":{"uv":[9.0,2.0,10.0,4.0],"tintindex":-2,"rotation":0,"texture":"#0"}},"rotation":{"origin":[8.025,8.920957,5.75],"angle":22.5,"axis":"z"}}],"display":{"gui":{"rotation":[30,225,0]}}}