{"textures":{"0":"modelengine:entity/iron_swords_2"},"elements":[{"from":[7.45,5.0,7.5],"to":[8.55,7.6,8.5],"faces":{"east":{"uv":[1.0,10.5,0.5,12.0],"tintindex":-2,"rotation":0,"texture":"#0"},"south":{"uv":[0.5,10.5,1.05,12.0],"tintindex":-2,"rotation":0,"texture":"#0"},"north":{"uv":[0.5,10.5,1.05,12.0],"tintindex":-2,"rotation":0,"texture":"#0"},"west":{"uv":[0.5,10.5,1.0,12.0],"tintindex":-2,"rotation":0,"texture":"#0"},"up":{"uv":[0.5,10.5,1.0,11.05],"tintindex":-2,"rotation":90,"texture":"#0"}},"rotation":{"origin":[8.0,5.1,9.5],"angle":-22.5,"axis":"x"}},{"from":[7.49,-5.01,6.49],"to":[8.51,5.01,9.51],"faces":{"east":{"uv":[1.5,11.0,0.0,16.0],"tintindex":-2,"rotation":0,"texture":"#0"},"south":{"uv":[0.5,11.0,1.0,16.0],"tintindex":-2,"rotation":0,"texture":"#0"},"north":{"uv":[0.0,11.0,0.5,16.0],"tintindex":-2,"rotation":0,"texture":"#0"},"west":{"uv":[0.0,11.0,1.5,16.0],"tintindex":-2,"rotation":0,"texture":"#0"},"up":{"uv":[0.0,11.0,1.5,11.5],"tintindex":-2,"rotation":90,"texture":"#0"}}},{"from":[7.0,-16.0,7.0],"to":[9.0,-6.0,9.0],"faces":{"east":{"uv":[16.0,10.0,15.0,15.0],"tintindex":-2,"rotation":0,"texture":"#0"},"south":{"uv":[15.0,10.0,16.0,15.0],"tintindex":-2,"rotation":0,"texture":"#0"},"north":{"uv":[15.0,10.0,16.0,15.0],"tintindex":-2,"rotation":0,"texture":"#0"},"west":{"uv":[15.0,10.0,16.0,15.0],"tintindex":-2,"rotation":0,"texture":"#0"},"up":{"uv":[15.0,15.0,16.0,16.0],"tintindex":-2,"rotation":0,"texture":"#0"},"down":{"uv":[16.0,15.5,15.0,14.5],"tintindex":-2,"rotation":0,"texture":"#0"}}},{"from":[7.49,6.64,5.5899997],"to":[8.51,10.66,8.610001],"faces":{"east":{"uv":[3.0,9.5,1.5,11.5],"tintindex":-2,"rotation":0,"texture":"#0"},"south":{"uv":[2.5,9.5,3.0,11.5],"tintindex":-2,"rotation":0,"texture":"#0"},"north":{"uv":[1.5,9.5,2.0,11.5],"tintindex":-2,"rotation":0,"texture":"#0"},"west":{"uv":[1.5,9.5,3.0,11.5],"tintindex":-2,"rotation":0,"texture":"#0"},"up":{"uv":[1.5,9.5,3.0,10.0],"tintindex":-2,"rotation":90,"texture":"#0"}},"rotation":{"origin":[8.0,6.6,5.6],"angle":22.5,"axis":"x"}},{"from":[7.49,11.74,5.5899997],"to":[8.51,15.66,8.610001],"faces":{"east":{"uv":[3.0,6.0,1.5,8.0],"tintindex":-2,"rotation":0,"texture":"#0"},"south":{"uv":[2.5,6.5,3.0,8.5],"tintindex":-2,"rotation":0,"texture":"#0"},"north":{"uv":[1.5,6.0,2.0,8.0],"tintindex":-2,"rotation":0,"texture":"#0"},"west":{"uv":[1.5,6.0,3.0,8.0],"tintindex":-2,"rotation":0,"texture":"#0"},"up":{"uv":[1.5,6.5,3.0,7.0],"tintindex":-2,"rotation":90,"texture":"#0"}},"rotation":{"origin":[8.0,11.7,5.6],"angle":22.5,"axis":"x"}},{"from":[7.5,19.25,0.099999905],"to":[8.5,21.35,12.1],"faces":{"east":{"uv":[1.5,6.5,0.5,0.5],"tintindex":-2,"rotation":90,"texture":"#0"},"west":{"uv":[1.5,0.5,0.5,6.5],"tintindex":-2,"rotation":90,"texture":"#0"},"up":{"uv":[1.0,6.5,1.5,0.5],"tintindex":-2,"rotation":0,"texture":"#0"},"down":{"uv":[0.5,0.5,1.0,6.5],"tintindex":-2,"rotation":0,"texture":"#0"}},"rotation":{"origin":[8.0,21.3,0.099999905],"angle":-45.0,"axis":"x"}},{"from":[7.4399996,12.139999,6.5899997],"to":[8.56,15.31,7.61],"faces":{"east":{"uv":[1.0,5.5,0.5,7.45],"tintindex":-2,"rotation":0,"texture":"#0"},"west":{"uv":[0.5,5.5,1.0,7.45],"tintindex":-2,"rotation":0,"texture":"#0"}},"rotation":{"origin":[8.0,11.7,5.6],"angle":22.5,"axis":"x"}},{"from":[7.0,-16.0,5.0],"to":[9.0,-14.0,7.0],"faces":{"east":{"uv":[14.0,9.5,13.0,10.5],"tintindex":-2,"rotation":0,"texture":"#0"},"south":{"uv":[13.0,9.5,14.0,10.5],"tintindex":-2,"rotation":0,"texture":"#0"},"north":{"uv":[12.5,9.5,13.5,10.5],"tintindex":-2,"rotation":0,"texture":"#0"},"west":{"uv":[13.0,9.5,14.0,10.5],"tintindex":-2,"rotation":0,"texture":"#0"},"up":{"uv":[16.0,13.0,15.0,14.0],"tintindex":-2,"rotation":0,"texture":"#0"},"down":{"uv":[16.0,14.5,15.0,13.5],"tintindex":-2,"rotation":0,"texture":"#0"}}},{"from":[7.5,5.0,6.5],"to":[8.5,8.0,9.5],"faces":{"east":{"uv":[3.0,10.5,1.5,12.0],"tintindex":-2,"rotation":0,"texture":"#0"},"south":{"uv":[2.0,10.5,2.5,12.0],"tintindex":-2,"rotation":0,"texture":"#0"},"north":{"uv":[1.5,10.5,2.0,12.0],"tintindex":-2,"rotation":0,"texture":"#0"},"west":{"uv":[1.5,10.5,3.0,12.0],"tintindex":-2,"rotation":0,"texture":"#0"},"up":{"uv":[1.5,10.5,3.0,11.0],"tintindex":-2,"rotation":90,"texture":"#0"}},"rotation":{"origin":[8.0,5.1,9.5],"angle":-22.5,"axis":"x"}},{"from":[7.4399996,7.0899997,6.5899997],"to":[8.56,10.16,7.61],"faces":{"east":{"uv":[1.0,9.5,0.5,11.5],"tintindex":-2,"rotation":0,"texture":"#0"},"west":{"uv":[0.5,9.5,1.0,11.5],"tintindex":-2,"rotation":0,"texture":"#0"}},"rotation":{"origin":[8.0,6.6,5.6],"angle":22.5,"axis":"x"}},{"from":[7.49,28.74,8.59],"to":[8.51,29.86,13.610001],"faces":{"east":{"uv":[2.5,0.0,0.0,0.55],"tintindex":-2,"rotation":0,"texture":"#0"},"south":{"uv":[0.5,0.0,1.0,0.55],"tintindex":-2,"rotation":0,"texture":"#0"},"north":{"uv":[0.0,0.0,0.5,0.55],"tintindex":-2,"rotation":0,"texture":"#0"},"west":{"uv":[0.0,0.0,2.5,0.55],"tintindex":-2,"rotation":0,"texture":"#0"},"up":{"uv":[0.0,0.0,2.5,0.5],"tintindex":-2,"rotation":90,"texture":"#0"},"down":{"uv":[0.0,0.0,0.5,5.0],"tintindex":-2,"rotation":0,"texture":"#0"}},"rotation":{"origin":[8.0,29.8,8.55],"angle":-22.5,"axis":"x"}},{"from":[7.0,-5.0,7.0],"to":[9.0,-3.0,10.0],"faces":{"east":{"uv":[15.5,1.5,14.0,2.5],"tintindex":-2,"rotation":0,"texture":"#0"},"south":{"uv":[10.5,0.0,9.5,1.0],"tintindex":-2,"rotation":90,"texture":"#0"},"west":{"uv":[14.0,1.5,15.5,2.5],"tintindex":-2,"rotation":0,"texture":"#0"}}},{"from":[7.45,14.55,7.5],"to":[8.55,18.1,8.5],"faces":{"east":{"uv":[1.0,7.5,0.5,5.5],"tintindex":-2,"rotation":0,"texture":"#0"},"west":{"uv":[0.5,7.5,1.0,5.5],"tintindex":-2,"rotation":0,"texture":"#0"}},"rotation":{"origin":[8.0,15.2,9.5],"angle":-22.5,"axis":"x"}},{"from":[6.5,-6.0,5.0],"to":[9.5,-5.0,11.0],"faces":{"east":{"uv":[6.0,1.5,9.0,2.0],"tintindex":-2,"rotation":0,"texture":"#0"},"south":{"uv":[8.5,0.5,8.0,2.0],"tintindex":-2,"rotation":90,"texture":"#0"},"north":{"uv":[9.0,0.5,8.5,2.0],"tintindex":-2,"rotation":90,"texture":"#0"},"west":{"uv":[9.0,1.5,6.0,2.0],"tintindex":-2,"rotation":0,"texture":"#0"},"up":{"uv":[9.0,0.5,6.0,2.0],"tintindex":-2,"rotation":90,"texture":"#0"},"down":{"uv":[6.0,0.5,9.0,2.0],"tintindex":-2,"rotation":90,"texture":"#0"}}},{"from":[7.5,9.1,6.5],"to":[8.5,13.1,9.5],"faces":{"east":{"uv":[3.0,8.0,1.5,10.0],"tintindex":-2,"rotation":0,"texture":"#0"},"south":{"uv":[2.5,8.5,3.0,10.5],"tintindex":-2,"rotation":0,"texture":"#0"},"north":{"uv":[1.5,8.0,2.0,10.0],"tintindex":-2,"rotation":0,"texture":"#0"},"west":{"uv":[1.5,8.5,3.0,10.5],"tintindex":-2,"rotation":0,"texture":"#0"},"up":{"uv":[1.5,8.5,3.0,9.0],"tintindex":-2,"rotation":90,"texture":"#0"}},"rotation":{"origin":[8.0,10.2,9.5],"angle":-22.5,"axis":"x"}},{"from":[7.49,16.74,-1.3100002],"to":[8.51,18.86,7.71],"faces":{"east":{"uv":[5.5,5.0,4.5,9.5],"tintindex":-2,"rotation":90,"texture":"#0"},"north":{"uv":[0.0,9.0,0.5,10.05],"tintindex":-2,"rotation":0,"texture":"#0"},"west":{"uv":[5.5,9.5,4.5,5.0],"tintindex":-2,"rotation":90,"texture":"#0"},"up":{"uv":[5.0,5.0,5.5,9.5],"tintindex":-2,"rotation":0,"texture":"#0"},"down":{"uv":[4.5,9.5,5.0,5.0],"tintindex":-2,"rotation":0,"texture":"#0"}},"rotation":{"origin":[8.0,16.7,5.6],"angle":22.5,"axis":"x"}},{"from":[7.45,9.5,7.5],"to":[8.55,12.7,8.5],"faces":{"east":{"uv":[1.0,8.0,0.5,10.0],"tintindex":-2,"rotation":0,"texture":"#0"},"west":{"uv":[0.5,8.0,1.0,10.0],"tintindex":-2,"rotation":0,"texture":"#0"}},"rotation":{"origin":[8.0,10.2,9.5],"angle":-22.5,"axis":"x"}},{"from":[7.49,19.24,12.09],"to":[8.51,20.36,14.360001],"faces":{"east":{"uv":[1.125,0.0,0.0,0.55],"tintindex":-2,"rotation":0,"texture":"#0"},"south":{"uv":[0.5,0.0,1.0,0.55],"tintindex":-2,"rotation":0,"texture":"#0"},"north":{"uv":[0.0,0.0,0.5,0.55],"tintindex":-2,"rotation":0,"texture":"#0"},"west":{"uv":[0.0,0.0,1.125,0.55],"tintindex":-2,"rotation":0,"texture":"#0"},"up":{"uv":[0.0,0.0,1.125,0.5],"tintindex":-2,"rotation":90,"texture":"#0"},"down":{"uv":[0.0,0.0,0.5,5.0],"tintindex":-2,"rotation":0,"texture":"#0"}},"rotation":{"origin":[8.0,21.3,0.099999905],"angle":-45.0,"axis":"x"}},{"from":[7.5,14.1,6.5],"to":[8.5,18.1,9.5],"faces":{"east":{"uv":[3.0,10.0,1.5,8.0],"tintindex":-2,"rotation":0,"texture":"#0"},"south":{"uv":[2.0,10.0,2.5,8.0],"tintindex":-2,"rotation":0,"texture":"#0"},"north":{"uv":[1.5,10.0,2.0,8.0],"tintindex":-2,"rotation":0,"texture":"#0"},"west":{"uv":[1.5,10.0,3.0,8.0],"tintindex":-2,"rotation":0,"texture":"#0"},"up":{"uv":[1.5,8.5,3.0,8.0],"tintindex":-2,"rotation":90,"texture":"#0"}},"rotation":{"origin":[8.0,15.2,9.5],"angle":-22.5,"axis":"x"}}],"display":{"gui":{"rotation":[30,225,0]}}}