{"textures":{"2":"modelengine:entity/panda_bamboo"},"elements":[{"from":[0.0,7.019204,4.692564],"to":[6.0,7.019204,7.692564],"faces":{"up":{"uv":[3.0,7.5,0.0,6.0],"tintindex":-2,"rotation":0,"texture":"#2"},"down":{"uv":[6.5,6.0,3.5,7.5],"tintindex":-2,"rotation":0,"texture":"#2"}},"rotation":{"origin":[3.0,7.519204,6.192564],"angle":-22.5,"axis":"x"}},{"from":[1.0,6.519204,7.692564],"to":[14.0,8.519204,9.692564],"faces":{"east":{"uv":[7.0,3.0,8.0,4.0],"tintindex":-2,"rotation":0,"texture":"#2"},"south":{"uv":[0.0,1.5,6.5,2.5],"tintindex":-2,"rotation":0,"texture":"#2"},"north":{"uv":[0.0,0.0,6.5,1.0],"tintindex":-2,"rotation":0,"texture":"#2"},"west":{"uv":[7.0,4.5,8.0,5.5],"tintindex":-2,"rotation":0,"texture":"#2"},"up":{"uv":[6.5,4.0,0.0,3.0],"tintindex":-2,"rotation":0,"texture":"#2"},"down":{"uv":[6.5,4.5,0.0,5.5],"tintindex":-2,"rotation":0,"texture":"#2"}}},{"from":[11.0,8.519204,8.942564],"to":[16.0,10.519204,8.942564],"faces":{"south":{"uv":[7.0,1.5,9.5,2.5],"tintindex":-2,"rotation":0,"texture":"#2"},"north":{"uv":[7.0,0.0,9.5,1.0],"tintindex":-2,"rotation":0,"texture":"#2"}},"rotation":{"origin":[13.5,9.519204,8.692564],"angle":22.5,"axis":"x"}}],"display":{"gui":{"rotation":[30,225,0]}}}