{"textures":{"0":"modelengine:entity/bear_panda"},"elements":[{"from":[3.8378334,-0.346447,4.5715914],"to":[12.877833,9.823552,13.611591],"faces":{"east":{"uv":[8.25,8.0,9.25,9.125],"tintindex":-2,"rotation":0,"texture":"#0"},"south":{"uv":[8.875,2.875,9.875,4.0],"tintindex":-2,"rotation":0,"texture":"#0"},"north":{"uv":[8.25,6.75,9.25,7.875],"tintindex":-2,"rotation":0,"texture":"#0"},"west":{"uv":[8.875,4.125,9.875,5.25],"tintindex":-2,"rotation":0,"texture":"#0"},"up":{"uv":[8.0,10.125,7.0,9.125],"tintindex":-2,"rotation":0,"texture":"#0"},"down":{"uv":[10.25,0.0,9.25,1.0],"tintindex":-2,"rotation":0,"texture":"#0"}},"rotation":{"origin":[16.267834,5.5560303,8.78834],"angle":-22.5,"axis":"x"}}],"display":{"gui":{"rotation":[30,225,0]}}}