{"textures":{"0":"modelengine:entity/bear_panda"},"elements":[{"from":[3.9885,5.175,1.7849998],"to":[12.0115,8.565001,9.695],"faces":{"east":{"uv":[11.25,5.625,10.375,6.0],"tintindex":-2,"rotation":0,"texture":"#0"},"south":{"uv":[11.25,5.125,10.375,5.5],"tintindex":-2,"rotation":0,"texture":"#0"},"north":{"uv":[11.25,0.0,10.375,0.375],"tintindex":-2,"rotation":0,"texture":"#0"},"west":{"uv":[11.25,0.5,10.375,0.875],"tintindex":-2,"rotation":0,"texture":"#0"},"up":{"uv":[9.375,6.25,10.25,5.375],"tintindex":-2,"rotation":0,"texture":"#0"},"down":{"uv":[9.375,6.375,10.25,7.25],"tintindex":-2,"rotation":0,"texture":"#0"}}}],"display":{"gui":{"rotation":[30,225,0]}}}