{"textures":{"0":"modelengine:entity/bear_panda"},"elements":[{"from":[3.2328124,10.425505,-6.146742],"to":[12.272812,21.725506,2.8932576],"faces":{"east":{"uv":[9.25,5.375,8.25,6.625],"tintindex":-2,"rotation":0,"texture":"#0"},"south":{"uv":[8.875,1.5,7.875,2.75],"tintindex":-2,"rotation":0,"texture":"#0"},"north":{"uv":[8.875,1.5,7.875,2.75],"tintindex":-2,"rotation":0,"texture":"#0"},"west":{"uv":[9.25,5.375,8.25,6.625],"tintindex":-2,"rotation":0,"texture":"#0"},"up":{"uv":[9.0,2.5,10.0,1.5],"tintindex":-2,"rotation":0,"texture":"#0"},"down":{"uv":[5.875,9.125,6.875,10.125],"tintindex":-2,"rotation":0,"texture":"#0"}},"rotation":{"origin":[-2.4171877,3.0119953,-11.718149],"angle":45.0,"axis":"x"}}],"display":{"gui":{"rotation":[30,225,0]}}}