{"textures":{"1":"modelengine:entity/bear_saddle"},"elements":[{"from":[19.0,4.3999996,2.2999997],"to":[19.0,8.4,13.299999],"faces":{"east":{"uv":[8.5,1.25,5.75,2.25],"tintindex":-2,"rotation":0,"texture":"#1"},"west":{"uv":[5.75,1.25,8.5,2.25],"tintindex":-2,"rotation":0,"texture":"#1"}}},{"from":[19.0,-0.6000004,7.2999997],"to":[19.0,4.3999996,9.299999],"faces":{"east":{"uv":[6.25,4.0,5.75,5.25],"tintindex":-2,"rotation":0,"texture":"#1"},"west":{"uv":[5.75,4.0,6.25,5.25],"tintindex":-2,"rotation":0,"texture":"#1"}}},{"from":[-3.0,8.4,2.2999997],"to":[19.0,8.4,13.299999],"faces":{"up":{"uv":[5.5,2.75,0.0,0.0],"tintindex":-2,"rotation":0,"texture":"#1"},"down":{"uv":[5.5,0.0,0.0,2.75],"tintindex":-2,"rotation":0,"texture":"#1"}}},{"from":[-3.0,4.3999996,2.2999997],"to":[-3.0,8.4,13.299999],"faces":{"east":{"uv":[8.5,1.25,5.75,2.25],"tintindex":-2,"rotation":0,"texture":"#1"},"west":{"uv":[5.75,1.25,8.5,2.25],"tintindex":-2,"rotation":0,"texture":"#1"}}},{"from":[-3.0,-0.6000004,7.2999997],"to":[-3.0,4.3999996,9.299999],"faces":{"east":{"uv":[6.25,4.0,5.75,5.25],"tintindex":-2,"rotation":0,"texture":"#1"},"west":{"uv":[5.75,4.0,6.25,5.25],"tintindex":-2,"rotation":0,"texture":"#1"}}}],"display":{"gui":{"rotation":[30,225,0]}}}