{"textures":{"0":"modelengine:entity/firefly"},"elements":[{"from":[7.0,7.0,6.0],"to":[9.0,9.0,10.0],"faces":{"east":{"uv":[0.0,6.0,4.0,8.0],"tintindex":-2,"rotation":0,"texture":"#0"},"south":{"uv":[9.0,9.0,11.0,11.0],"tintindex":-2,"rotation":0,"texture":"#0"},"north":{"uv":[6.0,9.0,8.0,11.0],"tintindex":-2,"rotation":0,"texture":"#0"},"west":{"uv":[5.0,6.0,9.0,8.0],"tintindex":-2,"rotation":0,"texture":"#0"},"up":{"uv":[2.0,13.0,0.0,9.0],"tintindex":-2,"rotation":0,"texture":"#0"},"down":{"uv":[5.0,9.0,3.0,13.0],"tintindex":-2,"rotation":0,"texture":"#0"}}}],"display":{"gui":{"rotation":[30,225,0]}}}