{"textures":{"0":"modelengine:entity/crab_hermit"},"elements":[{"from":[3.5,5.3333335,3.666667],"to":[12.5,10.333334,11.666667],"faces":{"east":{"uv":[2.75,6.5,4.75,7.75],"tintindex":-2,"rotation":0,"texture":"#0"},"south":{"uv":[5.5,5.5,7.75,6.75],"tintindex":-2,"rotation":0,"texture":"#0"},"north":{"uv":[5.5,4.0,7.75,5.25],"tintindex":-2,"rotation":0,"texture":"#0"},"west":{"uv":[0.0,7.0,2.0,8.25],"tintindex":-2,"rotation":0,"texture":"#0"},"up":{"uv":[5.0,2.0,2.75,0.0],"tintindex":-2,"rotation":0,"texture":"#0"},"down":{"uv":[5.0,2.25,2.75,4.25],"tintindex":-2,"rotation":0,"texture":"#0"}}},{"from":[4.5,10.333334,3.666667],"to":[6.5,13.333334,3.666667],"faces":{"south":{"uv":[8.75,9.0,9.25,9.75],"tintindex":-2,"rotation":0,"texture":"#0"},"north":{"uv":[1.5,8.5,2.0,9.25],"tintindex":-2,"rotation":0,"texture":"#0"}}},{"from":[9.5,10.333334,3.666667],"to":[11.5,13.333334,3.666667],"faces":{"south":{"uv":[9.5,9.0,10.0,9.75],"tintindex":-2,"rotation":0,"texture":"#0"},"north":{"uv":[3.5,9.5,4.0,10.25],"tintindex":-2,"rotation":0,"texture":"#0"}}}],"display":{"gui":{"rotation":[30,225,0]}}}