{"textures":{"0":"modelengine:entity/crab_hermit"},"elements":[{"from":[6.5,6.9032907,2.795814],"to":[9.5,6.9032907,7.7958145],"faces":{"up":{"uv":[7.75,8.25,7.0,7.0],"tintindex":-2,"rotation":0,"texture":"#0"},"down":{"uv":[8.5,0.0,7.75,1.25],"tintindex":-2,"rotation":0,"texture":"#0"}},"rotation":{"origin":[12.827083,9.500154,8.797584],"angle":-22.5,"axis":"x"}},{"from":[6.5,6.9032907,2.795814],"to":[9.5,8.903291,2.795814],"faces":{"south":{"uv":[9.5,6.75,10.25,7.25],"tintindex":-2,"rotation":0,"texture":"#0"},"north":{"uv":[9.5,6.0,10.25,6.5],"tintindex":-2,"rotation":0,"texture":"#0"}},"rotation":{"origin":[12.827083,9.500154,8.797584],"angle":-22.5,"axis":"x"}},{"from":[9.5,6.9032907,2.795814],"to":[9.5,8.903291,7.7958145],"faces":{"east":{"uv":[0.0,8.5,1.25,9.0],"tintindex":-2,"rotation":0,"texture":"#0"},"west":{"uv":[4.25,8.5,5.5,9.0],"tintindex":-2,"rotation":0,"texture":"#0"}},"rotation":{"origin":[12.827083,9.500154,8.797584],"angle":-22.5,"axis":"x"}},{"from":[6.5,6.9032907,2.795814],"to":[6.5,8.903291,7.7958145],"faces":{"east":{"uv":[8.0,7.5,9.25,8.0],"tintindex":-2,"rotation":0,"texture":"#0"},"west":{"uv":[8.0,8.25,9.25,8.75],"tintindex":-2,"rotation":0,"texture":"#0"}},"rotation":{"origin":[12.827083,9.500154,8.797584],"angle":-22.5,"axis":"x"}},{"from":[6.5,6.9032907,7.7958145],"to":[9.5,8.903291,7.7958145],"faces":{"south":{"uv":[9.5,8.25,10.25,8.75],"tintindex":-2,"rotation":0,"texture":"#0"},"north":{"uv":[9.5,7.5,10.25,8.0],"tintindex":-2,"rotation":0,"texture":"#0"}},"rotation":{"origin":[12.827083,9.500154,8.797584],"angle":-22.5,"axis":"x"}}],"display":{"gui":{"rotation":[30,225,0]}}}