{"textures":{"0":"modelengine:entity/crab_hermit"},"elements":[{"from":[6.5,7.55,3.25],"to":[6.5,9.55,8.25],"faces":{"east":{"uv":[8.0,6.0,9.25,6.5],"tintindex":-2,"rotation":0,"texture":"#0"},"west":{"uv":[8.0,6.75,9.25,7.25],"tintindex":-2,"rotation":0,"texture":"#0"}}},{"from":[6.5,7.55,3.25],"to":[9.5,9.55,3.25],"faces":{"south":{"uv":[9.5,5.25,10.25,5.75],"tintindex":-2,"rotation":0,"texture":"#0"},"north":{"uv":[9.5,4.5,10.25,5.0],"tintindex":-2,"rotation":0,"texture":"#0"}}},{"from":[9.5,7.55,3.25],"to":[9.5,9.55,8.25],"faces":{"east":{"uv":[8.0,4.5,9.25,5.0],"tintindex":-2,"rotation":0,"texture":"#0"},"west":{"uv":[8.0,5.25,9.25,5.75],"tintindex":-2,"rotation":0,"texture":"#0"}}},{"from":[6.5,9.55,3.25],"to":[9.5,9.55,8.25],"faces":{"up":{"uv":[5.75,8.25,5.0,7.0],"tintindex":-2,"rotation":0,"texture":"#0"},"down":{"uv":[6.75,7.0,6.0,8.25],"tintindex":-2,"rotation":0,"texture":"#0"}}},{"from":[6.5,7.55,8.25],"to":[9.5,9.55,8.25],"faces":{"south":{"uv":[2.5,9.5,3.25,10.0],"tintindex":-2,"rotation":0,"texture":"#0"},"north":{"uv":[1.5,9.5,2.25,10.0],"tintindex":-2,"rotation":0,"texture":"#0"}}}],"display":{"gui":{"rotation":[30,225,0]}}}