{"textures":{"0":"modelengine:entity/crab_hermit"},"elements":[{"from":[6.5,6.9032907,7.7958145],"to":[9.5,8.903291,7.7958145],"faces":{"south":{"uv":[10.5,4.5,11.25,5.0],"tintindex":-2,"rotation":0,"texture":"#0"},"north":{"uv":[10.5,3.75,11.25,4.25],"tintindex":-2,"rotation":0,"texture":"#0"}},"rotation":{"origin":[3.1729174,9.500154,8.797584],"angle":-22.5,"axis":"x"}},{"from":[6.5,6.9032907,2.795814],"to":[6.5,8.903291,7.7958145],"faces":{"east":{"uv":[8.75,2.25,10.0,2.75],"tintindex":-2,"rotation":0,"texture":"#0"},"west":{"uv":[9.0,3.0,10.25,3.5],"tintindex":-2,"rotation":0,"texture":"#0"}},"rotation":{"origin":[3.1729174,9.500154,8.797584],"angle":-22.5,"axis":"x"}},{"from":[6.5,6.9032907,2.795814],"to":[9.5,6.9032907,7.7958145],"faces":{"up":{"uv":[8.75,4.25,8.0,3.0],"tintindex":-2,"rotation":0,"texture":"#0"},"down":{"uv":[4.0,8.0,3.25,9.25],"tintindex":-2,"rotation":0,"texture":"#0"}},"rotation":{"origin":[3.1729174,9.500154,8.797584],"angle":-22.5,"axis":"x"}},{"from":[6.5,6.9032907,2.795814],"to":[9.5,8.903291,2.795814],"faces":{"south":{"uv":[10.5,3.0,11.25,3.5],"tintindex":-2,"rotation":0,"texture":"#0"},"north":{"uv":[3.0,10.5,3.75,11.0],"tintindex":-2,"rotation":0,"texture":"#0"}},"rotation":{"origin":[3.1729174,9.500154,8.797584],"angle":-22.5,"axis":"x"}},{"from":[9.5,6.9032907,2.795814],"to":[9.5,8.903291,7.7958145],"faces":{"east":{"uv":[9.0,3.75,10.25,4.25],"tintindex":-2,"rotation":0,"texture":"#0"},"west":{"uv":[7.25,9.0,8.5,9.5],"tintindex":-2,"rotation":0,"texture":"#0"}},"rotation":{"origin":[3.1729174,9.500154,8.797584],"angle":-22.5,"axis":"x"}}],"display":{"gui":{"rotation":[30,225,0]}}}