{"textures":{"0":"modelengine:entity/crab_hermit"},"elements":[{"from":[3.0,5.1464467,2.9393396],"to":[13.0,12.146446,11.93934],"faces":{"east":{"uv":[5.25,0.0,7.5,1.75],"tintindex":-2,"rotation":0,"texture":"#0"},"south":{"uv":[0.0,5.0,2.5,6.75],"tintindex":-2,"rotation":0,"texture":"#0"},"north":{"uv":[2.75,4.5,5.25,6.25],"tintindex":-2,"rotation":0,"texture":"#0"},"west":{"uv":[5.25,2.0,7.5,3.75],"tintindex":-2,"rotation":0,"texture":"#0"},"up":{"uv":[2.5,2.25,0.0,0.0],"tintindex":-2,"rotation":0,"texture":"#0"},"down":{"uv":[2.5,2.5,0.0,4.75],"tintindex":-2,"rotation":0,"texture":"#0"}},"rotation":{"origin":[8.5,7.6464467,6.9393396],"angle":45.0,"axis":"x"}}],"display":{"gui":{"rotation":[30,225,0]}}}