{"textures":{"0":"modelengine:entity/pb_aof_brown_cow_female"},"elements":[{"from":[6.0,-4.0,6.0],"to":[10.0,8.0,10.0],"faces":{"east":{"uv":[1.0,5.5,1.5,7.0],"tintindex":-2,"rotation":0,"texture":"#0"},"south":{"uv":[5.75,2.375,6.25,3.875],"tintindex":-2,"rotation":0,"texture":"#0"},"north":{"uv":[3.875,5.375,4.375,6.875],"tintindex":-2,"rotation":0,"texture":"#0"},"west":{"uv":[5.75,3.875,6.25,5.375],"tintindex":-2,"rotation":0,"texture":"#0"},"up":{"uv":[7.375,6.75,6.875,6.25],"tintindex":-2,"rotation":0,"texture":"#0"},"down":{"uv":[7.375,6.75,6.875,7.25],"tintindex":-2,"rotation":0,"texture":"#0"}}}],"display":{"gui":{"rotation":[30,225,0]}}}