{"textures":{"0":"modelengine:entity/pb_aof_brown_cow_female"},"elements":[{"from":[6.0,-3.0,6.0],"to":[10.0,8.0,10.0],"faces":{"east":{"uv":[3.0,6.375,3.5,7.75],"tintindex":-2,"rotation":0,"texture":"#0"},"south":{"uv":[6.375,4.5,6.875,5.875],"tintindex":-2,"rotation":0,"texture":"#0"},"north":{"uv":[2.5,6.375,3.0,7.75],"tintindex":-2,"rotation":0,"texture":"#0"},"west":{"uv":[6.375,5.875,6.875,7.25],"tintindex":-2,"rotation":0,"texture":"#0"},"up":{"uv":[7.5,1.75,7.0,1.25],"tintindex":-2,"rotation":0,"texture":"#0"},"down":{"uv":[0.5,7.25,0.0,7.75],"tintindex":-2,"rotation":0,"texture":"#0"}}}],"display":{"gui":{"rotation":[30,225,0]}}}