{"textures":{"0":"modelengine:entity/bear"},"elements":[{"from":[3.5,2.0565634,4.631955],"to":[12.5,11.556563,13.131955],"faces":{"east":{"uv":[2.125,4.0625,1.0625,5.25],"tintindex":-2,"rotation":0,"texture":"#0"},"south":{"uv":[3.375,2.875,4.5,4.0625],"tintindex":-2,"rotation":0,"texture":"#0"},"north":{"uv":[2.25,2.875,3.375,4.0625],"tintindex":-2,"rotation":0,"texture":"#0"},"west":{"uv":[1.0625,4.0625,2.125,5.25],"tintindex":-2,"rotation":0,"texture":"#0"},"up":{"uv":[3.25,5.125,2.125,4.0625],"tintindex":-2,"rotation":0,"texture":"#0"},"down":{"uv":[4.375,4.0625,3.25,5.125],"tintindex":-2,"rotation":0,"texture":"#0"}},"rotation":{"origin":[8.0,7.8065634,8.631955],"angle":22.5,"axis":"x"}},{"from":[6.25,9.556563,11.631955],"to":[9.75,12.056563,15.131955],"faces":{"east":{"uv":[4.5625,7.75,5.0,8.0625],"tintindex":-2,"rotation":0,"texture":"#0"},"south":{"uv":[7.8125,2.9375,8.25,3.25],"tintindex":-2,"rotation":0,"texture":"#0"},"north":{"uv":[7.75,4.3125,8.1875,4.625],"tintindex":-2,"rotation":0,"texture":"#0"},"west":{"uv":[7.8125,3.25,8.25,3.5625],"tintindex":-2,"rotation":0,"texture":"#0"},"up":{"uv":[8.125,2.9375,7.6875,2.5],"tintindex":-2,"rotation":0,"texture":"#0"},"down":{"uv":[5.4375,7.6875,5.0,8.125],"tintindex":-2,"rotation":0,"texture":"#0"}},"rotation":{"origin":[7.75,7.8065634,8.631955],"angle":22.5,"axis":"x"}},{"from":[3.5,12.597581,-12.599518],"to":[12.5,12.597581,-7.5995197],"faces":{"up":{"uv":[6.375,5.125,5.25,4.5],"tintindex":-2,"rotation":0,"texture":"#0"},"down":{"uv":[5.25,4.5,6.375,5.125],"tintindex":-2,"rotation":0,"texture":"#0"}},"rotation":{"origin":[8.0,12.597581,-9.099518],"angle":-45.0,"axis":"x"}},{"from":[2.5,15.353763,-5.3167295],"to":[13.5,15.353763,0.18327045],"faces":{"up":{"uv":[3.5,5.8125,2.125,5.125],"tintindex":-2,"rotation":0,"texture":"#0"},"down":{"uv":[2.125,5.125,3.5,5.8125],"tintindex":-2,"rotation":0,"texture":"#0"}},"rotation":{"origin":[8.0,15.353763,-2.5667295],"angle":-22.5,"axis":"x"}},{"from":[6.0,3.75,-11.5],"to":[10.0,9.25,-7.5],"faces":{"east":{"uv":[5.6875,6.8125,6.1875,7.5],"tintindex":-2,"rotation":0,"texture":"#0"},"south":{"uv":[6.8125,5.75,7.3125,6.4375],"tintindex":-2,"rotation":0,"texture":"#0"},"north":{"uv":[6.8125,3.625,7.3125,4.3125],"tintindex":-2,"rotation":0,"texture":"#0"},"west":{"uv":[0.0,6.875,0.5,7.5625],"tintindex":-2,"rotation":0,"texture":"#0"},"up":{"uv":[7.8125,6.4375,7.3125,5.9375],"tintindex":-2,"rotation":0,"texture":"#0"},"down":{"uv":[6.6875,7.375,6.1875,7.875],"tintindex":-2,"rotation":0,"texture":"#0"}},"rotation":{"origin":[8.0,6.5,-9.5],"angle":22.5,"axis":"x"}},{"from":[8.0,0.7500005,-10.5],"to":[8.0,3.75,-4.5],"faces":{"east":{"uv":[7.75,4.3125,7.0,4.6875],"tintindex":-2,"rotation":0,"texture":"#0"},"west":{"uv":[7.0,4.3125,7.75,4.6875],"tintindex":-2,"rotation":0,"texture":"#0"}},"rotation":{"origin":[8.0,6.5,-9.5],"angle":22.5,"axis":"x"}},{"from":[2.5,2.8018456,-5.1075897],"to":[13.5,14.301845,6.3924103],"faces":{"east":{"uv":[1.4375,1.4375,0.0,2.875],"tintindex":-2,"rotation":0,"texture":"#0"},"south":{"uv":[1.4375,1.4375,2.8125,2.875],"tintindex":-2,"rotation":0,"texture":"#0"},"north":{"uv":[1.4375,0.0,2.8125,1.4375],"tintindex":-2,"rotation":0,"texture":"#0"},"west":{"uv":[0.0,1.4375,1.4375,2.875],"tintindex":-2,"rotation":0,"texture":"#0"},"up":{"uv":[4.1875,1.4375,2.8125,0.0],"tintindex":-2,"rotation":0,"texture":"#0"},"down":{"uv":[4.1875,1.4375,2.8125,2.875],"tintindex":-2,"rotation":0,"texture":"#0"}}},{"from":[3.5,2.0565634,-10.368046],"to":[12.5,11.556563,-3.3680449],"faces":{"east":{"uv":[5.375,2.25,4.5,3.4375],"tintindex":-2,"rotation":0,"texture":"#0"},"south":{"uv":[1.125,2.875,2.25,4.0625],"tintindex":-2,"rotation":0,"texture":"#0"},"north":{"uv":[0.0,2.875,1.125,4.0625],"tintindex":-2,"rotation":0,"texture":"#0"},"west":{"uv":[4.5,2.25,5.375,3.4375],"tintindex":-2,"rotation":0,"texture":"#0"},"up":{"uv":[6.25,0.875,5.125,0.0],"tintindex":-2,"rotation":0,"texture":"#0"},"down":{"uv":[6.25,0.875,5.125,1.75],"tintindex":-2,"rotation":0,"texture":"#0"}},"rotation":{"origin":[8.0,7.8065634,-7.368045],"angle":-22.5,"axis":"x"}}],"display":{"gui":{"rotation":[30,225,0]}}}