{"textures":{"0":"modelengine:entity/bear"},"elements":[{"from":[5.0,0.5,7.0],"to":[10.0,13.5,15.0],"faces":{"east":{"uv":[6.875,1.4375,6.375,2.25],"tintindex":-2,"rotation":0,"texture":"#0"},"south":{"uv":[1.75,7.375,1.4375,8.1875],"tintindex":-2,"rotation":0,"texture":"#0"},"north":{"uv":[2.625,7.3125,2.3125,8.125],"tintindex":-2,"rotation":0,"texture":"#0"},"west":{"uv":[6.8125,5.75,6.3125,6.5625],"tintindex":-2,"rotation":0,"texture":"#0"},"up":{"uv":[0.75,8.1875,1.0625,7.6875],"tintindex":-2,"rotation":0,"texture":"#0"},"down":{"uv":[7.6875,7.0,8.0,7.5],"tintindex":-2,"rotation":0,"texture":"#0"}},"rotation":{"origin":[-3.0,18.0,-2.0],"angle":22.5,"axis":"x"}}],"display":{"gui":{"rotation":[30,225,0]}}}