{"textures":{"0":"modelengine:entity/bear"},"elements":[{"from":[5.87868,-7.1213207,2.5],"to":[5.87868,-1.1213207,13.5],"faces":{"east":{"uv":[8.0,5.5625,7.3125,5.9375],"tintindex":-2,"rotation":0,"texture":"#0"},"west":{"uv":[7.3125,5.5625,8.0,5.9375],"tintindex":-2,"rotation":0,"texture":"#0"}},"rotation":{"origin":[5.87868,-4.1213207,8.0],"angle":-45.0,"axis":"z"}},{"from":[-1.0,-4.0,10.5],"to":[5.0,1.0,10.5],"faces":{"south":{"uv":[8.375,0.5,8.0,0.8125],"tintindex":-2,"rotation":0,"texture":"#0"},"north":{"uv":[8.0,0.5,8.375,0.8125],"tintindex":-2,"rotation":0,"texture":"#0"}},"rotation":{"origin":[2.0000005,-1.5,10.5],"angle":-22.5,"axis":"x"}},{"from":[-1.0,-4.0,7.5],"to":[5.0,1.0,7.5],"faces":{"south":{"uv":[8.375,0.5,8.0,0.8125],"tintindex":-2,"rotation":0,"texture":"#0"},"north":{"uv":[8.0,0.5,8.375,0.8125],"tintindex":-2,"rotation":0,"texture":"#0"}}},{"from":[-1.0,-4.0,4.5],"to":[5.0,1.0,4.5],"faces":{"south":{"uv":[8.375,0.5,8.0,0.8125],"tintindex":-2,"rotation":0,"texture":"#0"},"north":{"uv":[8.0,0.5,8.375,0.8125],"tintindex":-2,"rotation":0,"texture":"#0"}},"rotation":{"origin":[2.0000005,-1.5,4.5],"angle":22.5,"axis":"x"}},{"from":[2.0000005,-2.0,2.5],"to":[8.0,8.0,13.5],"faces":{"east":{"uv":[2.0,6.3125,1.3125,6.9375],"tintindex":-2,"rotation":0,"texture":"#0"},"south":{"uv":[0.75,7.6875,0.375,8.3125],"tintindex":-2,"rotation":0,"texture":"#0"},"north":{"uv":[7.0625,7.625,6.6875,8.25],"tintindex":-2,"rotation":0,"texture":"#0"},"west":{"uv":[6.9375,0.8125,6.25,1.4375],"tintindex":-2,"rotation":0,"texture":"#0"},"up":{"uv":[7.3125,7.8125,7.6875,7.125],"tintindex":-2,"rotation":0,"texture":"#0"},"down":{"uv":[1.0625,7.375,1.4375,8.0625],"tintindex":-2,"rotation":0,"texture":"#0"}}}],"display":{"gui":{"rotation":[30,225,0]}}}