{"textures":{"0":"modelengine:entity/pb_aof_chick_baby"},"elements":[{"from":[7.0,7.5,7.0],"to":[9.0,12.0,9.0],"faces":{"east":{"uv":[1.0,3.0,2.0,5.5],"tintindex":-2,"rotation":0,"texture":"#0"},"south":{"uv":[4.0,0.0,5.0,2.5],"tintindex":-2,"rotation":0,"texture":"#0"},"north":{"uv":[0.0,3.0,1.0,5.5],"tintindex":-2,"rotation":0,"texture":"#0"},"west":{"uv":[4.0,2.5,5.0,5.0],"tintindex":-2,"rotation":0,"texture":"#0"},"up":{"uv":[4.0,7.5,3.0,6.5],"tintindex":-2,"rotation":0,"texture":"#0"},"down":{"uv":[7.5,3.0,6.5,4.0],"tintindex":-2,"rotation":0,"texture":"#0"}}},{"from":[7.5,10.0,6.5],"to":[8.5,11.0,7.0],"faces":{"east":{"uv":[2.5,7.5,3.0,8.0],"tintindex":-2,"rotation":0,"texture":"#0"},"south":{"uv":[3.0,7.5,3.5,8.0],"tintindex":-2,"rotation":0,"texture":"#0"},"north":{"uv":[2.0,4.5,2.5,5.0],"tintindex":-2,"rotation":0,"texture":"#0"},"west":{"uv":[7.5,3.0,8.0,3.5],"tintindex":-2,"rotation":0,"texture":"#0"},"up":{"uv":[4.0,8.0,3.5,7.5],"tintindex":-2,"rotation":0,"texture":"#0"},"down":{"uv":[8.0,3.5,7.5,4.0],"tintindex":-2,"rotation":0,"texture":"#0"}}}],"display":{"gui":{"rotation":[30,225,0]}}}