{"textures":{"1":"modelengine:entity/bear_brown_honey"},"elements":[{"from":[0.6550002,1.6769562,-3.638999],"to":[15.344999,14.1069565,8.791],"faces":{"east":{"uv":[1.75,7.75,3.125,9.125],"tintindex":-2,"rotation":0,"texture":"#1"},"south":{"uv":[7.125,3.875,8.75,5.25],"tintindex":-2,"rotation":0,"texture":"#1"},"north":{"uv":[6.5,6.125,8.125,7.5],"tintindex":-2,"rotation":0,"texture":"#1"},"west":{"uv":[3.25,7.75,4.625,9.125],"tintindex":-2,"rotation":0,"texture":"#1"},"up":{"uv":[9.125,1.375,7.5,0.0],"tintindex":-2,"rotation":0,"texture":"#1"},"down":{"uv":[8.125,7.625,6.5,9.0],"tintindex":-2,"rotation":0,"texture":"#1"}}},{"from":[-1.2597599,12.088816,0.88099957],"to":[4.3902407,16.608816,2.0110006],"faces":{"east":{"uv":[2.375,4.25,2.5,4.75],"tintindex":-2,"rotation":0,"texture":"#1"},"south":{"uv":[10.625,7.375,11.25,7.875],"tintindex":-2,"rotation":0,"texture":"#1"},"north":{"uv":[0.0,10.5,0.625,11.0],"tintindex":-2,"rotation":0,"texture":"#1"},"west":{"uv":[2.375,4.875,2.5,5.375],"tintindex":-2,"rotation":0,"texture":"#1"},"up":{"uv":[9.625,2.75,9.0,2.625],"tintindex":-2,"rotation":0,"texture":"#1"},"down":{"uv":[11.25,8.625,10.625,8.75],"tintindex":-2,"rotation":0,"texture":"#1"}}},{"from":[11.609759,12.088816,0.88099957],"to":[17.25976,16.608816,2.0110006],"faces":{"east":{"uv":[1.75,6.25,1.875,6.75],"tintindex":-2,"rotation":0,"texture":"#1"},"south":{"uv":[9.75,10.75,10.375,11.25],"tintindex":-2,"rotation":0,"texture":"#1"},"north":{"uv":[10.625,8.0,11.25,8.5],"tintindex":-2,"rotation":0,"texture":"#1"},"west":{"uv":[2.0,6.25,2.125,6.75],"tintindex":-2,"rotation":0,"texture":"#1"},"up":{"uv":[11.625,3.875,11.0,3.75],"tintindex":-2,"rotation":0,"texture":"#1"},"down":{"uv":[11.625,4.0,11.0,4.125],"tintindex":-2,"rotation":0,"texture":"#1"}}},{"from":[2.915,3.9652061,-8.159],"to":[13.085,8.485207,-2.5089998],"faces":{"east":{"uv":[10.375,6.125,11.0,6.625],"tintindex":-2,"rotation":0,"texture":"#1"},"south":{"uv":[6.75,10.25,7.875,10.75],"tintindex":-2,"rotation":0,"texture":"#1"},"north":{"uv":[10.125,2.0,11.25,2.5],"tintindex":-2,"rotation":0,"texture":"#1"},"west":{"uv":[10.375,6.75,11.0,7.25],"tintindex":-2,"rotation":0,"texture":"#1"},"up":{"uv":[10.5,8.0,9.375,7.375],"tintindex":-2,"rotation":0,"texture":"#1"},"down":{"uv":[10.5,8.125,9.375,8.75],"tintindex":-2,"rotation":0,"texture":"#1"}}}],"display":{"gui":{"rotation":[30,225,0]}}}