{"textures":{"3":"modelengine:entity/bear_honeycomb"},"elements":[{"from":[4.415,6.870001,5.175001],"to":[11.585,9.13,10.825001],"faces":{"east":{"uv":[8.0,6.0,14.0,8.0],"tintindex":-2,"rotation":0,"texture":"#3"},"south":{"uv":[15.0,0.0,8.0,2.0],"tintindex":-2,"rotation":0,"texture":"#3"},"north":{"uv":[8.0,0.0,15.0,2.0],"tintindex":-2,"rotation":0,"texture":"#3"},"west":{"uv":[8.0,9.0,14.0,11.0],"tintindex":-2,"rotation":0,"texture":"#3"},"up":{"uv":[7.0,6.0,0.0,0.0],"tintindex":-2,"rotation":0,"texture":"#3"},"down":{"uv":[7.0,0.0,0.0,6.0],"tintindex":-2,"rotation":0,"texture":"#3"}}}],"display":{"gui":{"rotation":[30,225,0]}}}