{"textures":{"0":"modelengine:entity/bear_brown"},"elements":[{"from":[3.9884996,4.8925,2.3499994],"to":[12.011499,8.2825,10.259999],"faces":{"east":{"uv":[10.375,0.5,11.25,0.875],"tintindex":-2,"rotation":0,"texture":"#0"},"south":{"uv":[10.375,5.125,11.25,5.5],"tintindex":-2,"rotation":0,"texture":"#0"},"north":{"uv":[10.375,0.0,11.25,0.375],"tintindex":-2,"rotation":0,"texture":"#0"},"west":{"uv":[10.375,5.625,11.25,6.0],"tintindex":-2,"rotation":0,"texture":"#0"},"up":{"uv":[10.25,6.25,9.375,5.375],"tintindex":-2,"rotation":0,"texture":"#0"},"down":{"uv":[10.25,6.375,9.375,7.25],"tintindex":-2,"rotation":0,"texture":"#0"}}}],"display":{"gui":{"rotation":[30,225,0]}}}