{"textures":{"0":"modelengine:entity/bear_brown"},"elements":[{"from":[3.1221666,-5.6920805,2.5757327],"to":[12.162167,2.2179198,10.485733],"faces":{"east":{"uv":[10.125,9.25,9.25,10.125],"tintindex":-2,"rotation":0,"texture":"#0"},"south":{"uv":[2.125,9.25,1.125,10.125],"tintindex":-2,"rotation":0,"texture":"#0"},"north":{"uv":[2.125,9.25,1.125,10.125],"tintindex":-2,"rotation":0,"texture":"#0"},"west":{"uv":[10.125,9.25,9.25,10.125],"tintindex":-2,"rotation":0,"texture":"#0"},"up":{"uv":[3.375,10.125,4.375,9.25],"tintindex":-2,"rotation":0,"texture":"#0"},"down":{"uv":[8.125,9.25,9.125,10.125],"tintindex":-2,"rotation":0,"texture":"#0"}},"rotation":{"origin":[-2.4995832,7.3231916,-9.443199],"angle":-22.5,"axis":"x"}}],"display":{"gui":{"rotation":[30,225,0]}}}