{"textures":{"0":"modelengine:entity/bear_brown"},"elements":[{"from":[-2.17,-0.47500038,-6.9725],"to":[18.17,16.475,7.7175],"faces":{"east":{"uv":[4.75,6.125,6.375,8.0],"tintindex":-2,"rotation":0,"texture":"#0"},"south":{"uv":[0.0,4.25,2.25,6.125],"tintindex":-2,"rotation":0,"texture":"#0"},"north":{"uv":[2.75,4.0,5.0,5.875],"tintindex":-2,"rotation":0,"texture":"#0"},"west":{"uv":[0.0,6.25,1.625,8.125],"tintindex":-2,"rotation":0,"texture":"#0"},"up":{"uv":[7.75,3.75,5.5,2.125],"tintindex":-2,"rotation":0,"texture":"#0"},"down":{"uv":[4.625,6.0,2.375,7.625],"tintindex":-2,"rotation":0,"texture":"#0"}}}],"display":{"gui":{"rotation":[30,225,0]}}}