{"textures":{"0":"modelengine:entity/bear_brown"},"elements":[{"from":[-3.8649998,4.8925004,-6.125],"to":[19.865,22.9725,10.825001],"faces":{"east":{"uv":[5.125,4.0,7.0,6.0],"tintindex":-2,"rotation":0,"texture":"#0"},"south":{"uv":[0.0,2.125,2.625,4.125],"tintindex":-2,"rotation":0,"texture":"#0"},"north":{"uv":[0.0,0.0,2.625,2.0],"tintindex":-2,"rotation":0,"texture":"#0"},"west":{"uv":[5.5,0.0,7.375,2.0],"tintindex":-2,"rotation":0,"texture":"#0"},"up":{"uv":[5.375,1.875,2.75,0.0],"tintindex":-2,"rotation":0,"texture":"#0"},"down":{"uv":[5.375,1.875,2.75,0.0],"tintindex":-2,"rotation":0,"texture":"#0"}}}],"display":{"gui":{"rotation":[30,225,0]}}}