{"textures":{"0":"modelengine:entity/nm_lion_texture"},"elements":[{"from":[5.0,-5.0,6.0],"to":[9.0,9.0,10.0],"faces":{"east":{"uv":[6.125,6.5,6.625,8.25],"tintindex":-2,"rotation":0,"texture":"#0"},"south":{"uv":[6.625,6.5,7.125,8.25],"tintindex":-2,"rotation":0,"texture":"#0"},"north":{"uv":[4.625,6.5,5.125,8.25],"tintindex":-2,"rotation":0,"texture":"#0"},"west":{"uv":[6.75,1.25,7.25,3.0],"tintindex":-2,"rotation":0,"texture":"#0"},"up":{"uv":[7.75,3.0,7.25,2.5],"tintindex":-2,"rotation":0,"texture":"#0"},"down":{"uv":[7.625,7.375,7.125,7.875],"tintindex":-2,"rotation":0,"texture":"#0"}}}],"display":{"gui":{"rotation":[30,225,0]}}}