{"textures":{"0":"modelengine:entity/nm_lion_texture"},"elements":[{"from":[7.0,-3.9468002,6.490098],"to":[9.0,9.0532,8.490098],"faces":{"east":{"uv":[6.75,4.625,7.0,6.25],"tintindex":-2,"rotation":0,"texture":"#0"},"south":{"uv":[1.0,6.875,1.25,8.5],"tintindex":-2,"rotation":0,"texture":"#0"},"north":{"uv":[6.75,3.0,7.0,4.625],"tintindex":-2,"rotation":0,"texture":"#0"},"west":{"uv":[1.25,6.875,1.5,8.5],"tintindex":-2,"rotation":0,"texture":"#0"},"up":{"uv":[1.375,5.0,1.125,4.75],"tintindex":-2,"rotation":0,"texture":"#0"},"down":{"uv":[1.375,5.0,1.125,5.25],"tintindex":-2,"rotation":0,"texture":"#0"}}}],"display":{"gui":{"rotation":[30,225,0]}}}