{"textures":{"0":"modelengine:entity/iron_swords"},"elements":[{"from":[7.01,-5.79,4.03],"to":[8.99,-4.8100004,6.0099998],"faces":{"east":{"uv":[15.0,13.0,15.5,14.0],"tintindex":-2,"rotation":90,"texture":"#0"},"south":{"uv":[14.5,15.0,15.0,16.0],"tintindex":-2,"rotation":90,"texture":"#0"},"north":{"uv":[14.0,14.5,15.0,15.0],"tintindex":-2,"rotation":0,"texture":"#0"},"west":{"uv":[16.0,12.5,15.5,11.5],"tintindex":-2,"rotation":270,"texture":"#0"},"up":{"uv":[16.0,13.0,15.0,14.0],"tintindex":-2,"rotation":0,"texture":"#0"},"down":{"uv":[15.5,16.0,14.5,15.0],"tintindex":-2,"rotation":90,"texture":"#0"}},"rotation":{"origin":[8.0,-3.0,8.0],"angle":45.0,"axis":"x"}},{"from":[7.0,-4.12,4.2],"to":[9.0,-1.1199999,5.2],"faces":{"east":{"uv":[15.0,11.5,15.5,10.0],"tintindex":-2,"rotation":0,"texture":"#0"},"south":{"uv":[12.5,12.0,11.5,13.0],"tintindex":-2,"rotation":0,"texture":"#0"},"north":{"uv":[15.0,11.5,16.0,10.0],"tintindex":-2,"rotation":0,"texture":"#0"},"west":{"uv":[15.5,11.0,15.0,10.0],"tintindex":-2,"rotation":0,"texture":"#0"},"up":{"uv":[14.0,14.5,15.0,15.0],"tintindex":-2,"rotation":180,"texture":"#0"},"down":{"uv":[12.0,13.5,12.5,14.5],"tintindex":-2,"rotation":90,"texture":"#0"}},"rotation":{"origin":[8.0,-3.0,8.0],"angle":-22.5,"axis":"x"}},{"from":[7.01,-5.99,6.01],"to":[8.99,-3.01,7.99],"faces":{"east":{"uv":[11.0,11.0,12.5,10.0],"tintindex":-2,"rotation":90,"texture":"#0"},"south":{"uv":[11.5,13.0,12.5,14.5],"tintindex":-2,"rotation":0,"texture":"#0"},"north":{"uv":[15.0,11.5,16.0,10.0],"tintindex":-2,"rotation":0,"texture":"#0"},"west":{"uv":[12.5,11.0,11.0,10.0],"tintindex":-2,"rotation":270,"texture":"#0"},"up":{"uv":[14.0,14.0,15.0,15.0],"tintindex":-2,"rotation":0,"texture":"#0"},"down":{"uv":[12.5,13.5,11.5,14.5],"tintindex":-2,"rotation":90,"texture":"#0"}},"rotation":{"origin":[8.0,-3.0,8.0],"angle":45.0,"axis":"x"}},{"from":[7.51,4.86,11.31],"to":[8.49,9.04,12.889999],"faces":{"east":{"uv":[2.3,12.5,1.5,14.7],"tintindex":-2,"rotation":0,"texture":"#0"},"south":{"uv":[1.5,12.5,2.0,14.7],"tintindex":-2,"rotation":0,"texture":"#0"},"north":{"uv":[1.5,12.5,2.0,14.7],"tintindex":-2,"rotation":0,"texture":"#0"},"west":{"uv":[1.5,12.5,2.3,14.7],"tintindex":-2,"rotation":0,"texture":"#0"}},"rotation":{"origin":[8.0,14.8,9.0],"angle":45.0,"axis":"x"}},{"from":[7.49,6.74,5.99],"to":[8.51,20.36,8.21],"faces":{"east":{"uv":[2.5,6.0,1.5,12.8],"tintindex":-2,"rotation":0,"texture":"#0"},"south":{"uv":[2.0,6.0,2.5,12.8],"tintindex":-2,"rotation":0,"texture":"#0"},"north":{"uv":[1.5,6.0,2.0,12.8],"tintindex":-2,"rotation":0,"texture":"#0"},"west":{"uv":[1.5,6.0,2.5,12.8],"tintindex":-2,"rotation":0,"texture":"#0"}}},{"from":[7.51,27.16,3.01],"to":[8.49,30.14,4.39],"faces":{"east":{"uv":[2.0,0.0,1.5,2.0],"tintindex":-2,"rotation":0,"texture":"#0"},"south":{"uv":[2.5,0.0,3.0,2.0],"tintindex":-2,"rotation":0,"texture":"#0"},"north":{"uv":[1.5,0.0,2.0,2.0],"tintindex":-2,"rotation":0,"texture":"#0"},"west":{"uv":[1.5,0.0,2.0,2.0],"tintindex":-2,"rotation":0,"texture":"#0"},"up":{"uv":[0.0,0.0,0.5,0.5],"tintindex":-2,"rotation":0,"texture":"#0"},"down":{"uv":[0.0,0.0,0.5,0.5],"tintindex":-2,"rotation":0,"texture":"#0"}},"rotation":{"origin":[8.0,28.1,6.0],"angle":-22.5,"axis":"x"}},{"from":[7.51,27.66,6.9100003],"to":[8.49,31.74,8.09],"faces":{"east":{"uv":[1.6,0.5,1.0,2.75],"tintindex":-2,"rotation":0,"texture":"#0"},"south":{"uv":[2.0,0.5,2.5,2.75],"tintindex":-2,"rotation":0,"texture":"#0"},"north":{"uv":[1.0,0.5,1.5,2.75],"tintindex":-2,"rotation":0,"texture":"#0"},"west":{"uv":[1.0,0.5,1.6,2.75],"tintindex":-2,"rotation":0,"texture":"#0"}},"rotation":{"origin":[8.0,20.8,9.0],"angle":-22.5,"axis":"x"}},{"from":[6.51,4.8100004,3.51],"to":[9.49,6.79,8.49],"faces":{"east":{"uv":[6.5,14.0,9.0,15.0],"tintindex":-2,"rotation":0,"texture":"#0"},"south":{"uv":[6.5,14.0,8.0,15.0],"tintindex":-2,"rotation":0,"texture":"#0"},"north":{"uv":[8.5,15.5,7.5,14.0],"tintindex":-2,"rotation":90,"texture":"#0"},"west":{"uv":[9.0,14.0,6.5,15.0],"tintindex":-2,"rotation":0,"texture":"#0"},"up":{"uv":[9.0,14.0,6.5,15.5],"tintindex":-2,"rotation":90,"texture":"#0"},"down":{"uv":[8.0,16.0,5.5,14.5],"tintindex":-2,"rotation":90,"texture":"#0"}}},{"from":[7.5,27.8,2.1999998],"to":[8.5,29.58,3.1999998],"faces":{"east":{"uv":[3.0,0.0,1.5,4.0],"tintindex":-2,"rotation":0,"texture":"#0"},"north":{"uv":[1.5,0.0,2.0,4.0],"tintindex":-2,"rotation":0,"texture":"#0"},"west":{"uv":[1.5,0.0,3.0,4.0],"tintindex":-2,"rotation":0,"texture":"#0"},"up":{"uv":[0.0,0.0,0.5,0.5],"tintindex":-2,"rotation":0,"texture":"#0"}},"rotation":{"origin":[8.0,28.1,6.0],"angle":22.5,"axis":"x"}},{"from":[7.51,18.66,4.9100003],"to":[8.49,28.14,6.89],"faces":{"east":{"uv":[2.0,4.0,1.5,8.0],"tintindex":-2,"rotation":0,"texture":"#0"},"south":{"uv":[2.5,4.0,3.0,8.0],"tintindex":-2,"rotation":0,"texture":"#0"},"north":{"uv":[1.5,4.0,2.0,8.0],"tintindex":-2,"rotation":0,"texture":"#0"},"west":{"uv":[1.5,4.0,2.0,8.0],"tintindex":-2,"rotation":0,"texture":"#0"}},"rotation":{"origin":[8.0,20.8,9.0],"angle":-22.5,"axis":"x"}},{"from":[7.5,20.65,6.0],"to":[8.5,28.35,8.1],"faces":{"east":{"uv":[3.0,4.0,2.0,8.0],"tintindex":-2,"rotation":0,"texture":"#0"},"south":{"uv":[2.5,4.15,3.0,7.95],"tintindex":-2,"rotation":0,"texture":"#0"},"west":{"uv":[2.0,4.0,3.0,8.0],"tintindex":-2,"rotation":0,"texture":"#0"}},"rotation":{"origin":[8.0,20.8,9.0],"angle":-22.5,"axis":"x"}},{"from":[7.5,26.0,2.4],"to":[8.5,29.28,3.4],"faces":{"east":{"uv":[3.0,0.0,1.5,4.0],"tintindex":-2,"rotation":0,"texture":"#0"},"north":{"uv":[1.5,0.0,2.0,4.0],"tintindex":-2,"rotation":0,"texture":"#0"},"west":{"uv":[1.5,0.0,3.0,4.0],"tintindex":-2,"rotation":0,"texture":"#0"}}},{"from":[7.0,-3.0,6.0],"to":[9.0,5.0,8.0],"faces":{"east":{"uv":[16.0,10.0,15.0,14.0],"tintindex":-2,"rotation":0,"texture":"#0"},"south":{"uv":[15.0,10.0,16.0,14.0],"tintindex":-2,"rotation":0,"texture":"#0"},"north":{"uv":[15.0,10.0,16.0,14.0],"tintindex":-2,"rotation":0,"texture":"#0"},"west":{"uv":[15.0,10.0,16.0,14.0],"tintindex":-2,"rotation":0,"texture":"#0"}}}],"display":{"gui":{"rotation":[30,225,0]}}}