{"textures":{"0":"modelengine:entity/iron_swords"},"elements":[{"from":[7.05,1.1999998,7.0],"to":[8.95,4.1,9.0],"faces":{"east":{"uv":[4.5,0.0,5.5,6.0],"tintindex":-2,"rotation":0,"texture":"#0"},"south":{"uv":[4.5,0.0,5.5,6.0],"tintindex":-2,"rotation":0,"texture":"#0"},"north":{"uv":[4.5,0.0,5.5,6.0],"tintindex":-2,"rotation":0,"texture":"#0"},"west":{"uv":[4.5,0.0,5.5,6.0],"tintindex":-2,"rotation":0,"texture":"#0"}}},{"from":[7.49,4.99,6.49],"to":[8.51,10.01,9.51],"faces":{"east":{"uv":[3.0,7.5,1.5,16.0],"tintindex":-2,"rotation":0,"texture":"#0"},"south":{"uv":[1.0,7.5,1.5,16.0],"tintindex":-2,"rotation":0,"texture":"#0"},"north":{"uv":[0.0,7.5,0.5,16.0],"tintindex":-2,"rotation":0,"texture":"#0"},"west":{"uv":[1.5,7.0,3.0,16.0],"tintindex":-2,"rotation":0,"texture":"#0"},"up":{"uv":[0.0,7.5,0.5,10.0],"tintindex":-2,"rotation":0,"texture":"#0"},"down":{"uv":[0.0,7.5,0.5,10.0],"tintindex":-2,"rotation":0,"texture":"#0"}}},{"from":[7.51,11.166602,13.352388],"to":[8.49,12.046601,16.272388],"faces":{"east":{"uv":[1.5,0.0,2.05,1.57],"tintindex":-2,"rotation":270,"texture":"#0"},"south":{"uv":[1.5,2.93,2.0,3.48],"tintindex":-2,"rotation":0,"texture":"#0"},"north":{"uv":[2.5,14.43,3.0,14.98],"tintindex":-2,"rotation":180,"texture":"#0"},"west":{"uv":[2.0,0.0,2.55,1.57],"tintindex":-2,"rotation":90,"texture":"#0"},"up":{"uv":[1.5,0.93,2.0,2.5],"tintindex":-2,"rotation":180,"texture":"#0"}},"rotation":{"origin":[8.0,1.0999999,4.5],"angle":-22.5,"axis":"x"}},{"from":[5.5,4.25,6.0],"to":[6.5,4.5,10.0],"faces":{"east":{"uv":[6.5,3.5,7.0,5.5],"tintindex":-2,"rotation":90,"texture":"#0"},"south":{"uv":[6.5,5.0,7.0,5.5],"tintindex":-2,"rotation":0,"texture":"#0"},"north":{"uv":[6.5,3.5,7.0,4.0],"tintindex":-2,"rotation":0,"texture":"#0"},"west":{"uv":[6.5,5.5,7.0,3.5],"tintindex":-2,"rotation":90,"texture":"#0"},"up":{"uv":[6.5,3.5,7.0,5.5],"tintindex":-2,"rotation":0,"texture":"#0"},"down":{"uv":[6.5,0.5,7.0,2.5],"tintindex":-2,"rotation":0,"texture":"#0"}}},{"from":[7.51,15.110001,4.21],"to":[8.49,15.54,4.5899997],"faces":{"east":{"uv":[1.5,0.0,2.25,0.725],"tintindex":-2,"rotation":0,"texture":"#0"},"south":{"uv":[1.5,0.0,2.0,0.725],"tintindex":-2,"rotation":0,"texture":"#0"},"north":{"uv":[1.5,0.0,2.0,0.725],"tintindex":-2,"rotation":0,"texture":"#0"},"west":{"uv":[2.0,0.0,2.75,0.725],"tintindex":-2,"rotation":0,"texture":"#0"},"up":{"uv":[1.5,0.0,2.0,0.75],"tintindex":-2,"rotation":0,"texture":"#0"},"down":{"uv":[1.5,0.0,2.0,0.75],"tintindex":-2,"rotation":0,"texture":"#0"}},"rotation":{"origin":[8.0,1.0999999,4.5],"angle":22.5,"axis":"x"}},{"from":[6.8500004,0.9999998,6.8],"to":[9.05,4.2999997,9.2],"faces":{"east":{"uv":[5.5,0.0,6.5,6.0],"tintindex":-2,"rotation":0,"texture":"#0"},"south":{"uv":[5.5,0.0,6.5,6.0],"tintindex":-2,"rotation":0,"texture":"#0"},"north":{"uv":[5.5,0.0,6.5,6.0],"tintindex":-2,"rotation":0,"texture":"#0"},"west":{"uv":[5.5,0.0,6.5,6.0],"tintindex":-2,"rotation":0,"texture":"#0"},"down":{"uv":[5.5,6.0,6.5,7.0],"tintindex":-2,"rotation":0,"texture":"#0"}}},{"from":[6.5,4.25,5.0],"to":[9.5,4.5,11.0],"faces":{"east":{"uv":[7.0,6.0,7.5,3.0],"tintindex":-2,"rotation":90,"texture":"#0"},"south":{"uv":[8.5,3.0,7.0,3.5],"tintindex":-2,"rotation":0,"texture":"#0"},"north":{"uv":[8.5,3.0,7.0,3.5],"tintindex":-2,"rotation":0,"texture":"#0"},"west":{"uv":[7.5,6.0,7.0,3.0],"tintindex":-2,"rotation":90,"texture":"#0"},"up":{"uv":[7.0,3.0,8.5,6.0],"tintindex":-2,"rotation":0,"texture":"#0"},"down":{"uv":[7.0,0.0,8.5,3.0],"tintindex":-2,"rotation":0,"texture":"#0"}}},{"from":[7.51,15.110001,4.51],"to":[8.49,16.539999,5.6899996],"faces":{"east":{"uv":[1.5,0.0,2.25,0.725],"tintindex":-2,"rotation":0,"texture":"#0"},"south":{"uv":[1.5,6.93,2.0,7.655],"tintindex":-2,"rotation":0,"texture":"#0"},"north":{"uv":[2.5,14.43,3.0,15.155],"tintindex":-2,"rotation":0,"texture":"#0"},"west":{"uv":[2.0,0.0,2.75,0.725],"tintindex":-2,"rotation":0,"texture":"#0"},"up":{"uv":[2.5,14.43,3.0,15.18],"tintindex":-2,"rotation":0,"texture":"#0"},"down":{"uv":[2.5,14.43,3.0,15.18],"tintindex":-2,"rotation":0,"texture":"#0"}},"rotation":{"origin":[8.0,1.0999999,4.5],"angle":22.5,"axis":"x"}},{"from":[9.5,4.25,6.0],"to":[10.5,4.5,10.0],"faces":{"east":{"uv":[8.5,3.5,9.0,5.5],"tintindex":-2,"rotation":90,"texture":"#0"},"south":{"uv":[8.5,5.0,9.0,5.5],"tintindex":-2,"rotation":0,"texture":"#0"},"north":{"uv":[8.5,3.5,9.0,4.0],"tintindex":-2,"rotation":0,"texture":"#0"},"west":{"uv":[8.5,3.5,9.0,5.5],"tintindex":-2,"rotation":90,"texture":"#0"},"up":{"uv":[8.5,3.5,9.0,5.5],"tintindex":-2,"rotation":0,"texture":"#0"},"down":{"uv":[8.5,0.5,9.0,2.5],"tintindex":-2,"rotation":0,"texture":"#0"}}},{"from":[7.5,10.1,3.0],"to":[8.5,15.1,5.7],"faces":{"east":{"uv":[3.0,0.0,1.5,8.0],"tintindex":-2,"rotation":0,"texture":"#0"},"south":{"uv":[1.0,0.0,1.5,8.0],"tintindex":-2,"rotation":0,"texture":"#0"},"north":{"uv":[0.0,0.0,0.5,8.0],"tintindex":-2,"rotation":0,"texture":"#0"},"west":{"uv":[1.5,0.0,3.0,8.0],"tintindex":-2,"rotation":0,"texture":"#0"},"up":{"uv":[0.0,0.0,0.5,1.5],"tintindex":-2,"rotation":0,"texture":"#0"},"down":{"uv":[0.0,0.0,0.5,1.5],"tintindex":-2,"rotation":0,"texture":"#0"}},"rotation":{"origin":[8.0,1.0999999,4.5],"angle":22.5,"axis":"x"}},{"from":[7.3,4.5,6.3],"to":[8.7,5.25,9.7],"faces":{"east":{"uv":[4.5,0.0,3.0,1.5],"tintindex":-2,"rotation":0,"texture":"#0"},"south":{"uv":[4.0,0.0,4.5,1.5],"tintindex":-2,"rotation":0,"texture":"#0"},"north":{"uv":[3.0,0.0,3.5,1.5],"tintindex":-2,"rotation":0,"texture":"#0"},"west":{"uv":[3.0,0.0,4.5,1.5],"tintindex":-2,"rotation":0,"texture":"#0"},"up":{"uv":[3.0,0.0,4.5,0.5],"tintindex":-2,"rotation":90,"texture":"#0"},"down":{"uv":[3.0,0.0,4.5,0.5],"tintindex":-2,"rotation":90,"texture":"#0"}}}],"display":{"gui":{"rotation":[30,225,0]}}}