{"textures":{"0":"modelengine:entity/em_bandit_a1"},"elements":[{"from":[5.060482,8.24,10.626955],"to":[5.060482,12.24,14.626955],"faces":{"east":{"uv":[6.125,6.875,5.625,7.375],"tintindex":0,"rotation":0,"texture":"#0"},"west":{"uv":[5.625,6.875,6.125,7.375],"tintindex":0,"rotation":0,"texture":"#0"}},"rotation":{"origin":[8.096016,8.140001,7.591421],"angle":45.0,"axis":"y"}},{"from":[3.996016,5.940001,3.7843146],"to":[12.196016,8.140001,3.9843144],"faces":{"south":{"uv":[6.25,6.875,7.25,7.125],"tintindex":0,"rotation":0,"texture":"#0"},"north":{"uv":[6.5,5.75,7.5,6.0],"tintindex":0,"rotation":0,"texture":"#0"}}},{"from":[11.13155,8.24,10.626955],"to":[11.13155,12.24,14.626955],"faces":{"east":{"uv":[3.125,6.75,3.625,7.25],"tintindex":0,"rotation":0,"texture":"#0"},"west":{"uv":[3.625,6.75,3.125,7.25],"tintindex":0,"rotation":0,"texture":"#0"}},"rotation":{"origin":[8.096016,8.140001,7.591421],"angle":-45.0,"axis":"y"}},{"from":[3.996016,8.139999,3.7843146],"to":[12.196016,12.34,11.984315],"faces":{"east":{"uv":[1.0,4.375,2.0,4.875],"tintindex":0,"rotation":0,"texture":"#0"},"south":{"uv":[4.375,2.25,5.375,2.75],"tintindex":0,"rotation":0,"texture":"#0"},"north":{"uv":[3.875,4.25,4.875,4.75],"tintindex":0,"rotation":0,"texture":"#0"},"west":{"uv":[4.375,2.875,5.375,3.375],"tintindex":0,"rotation":0,"texture":"#0"},"up":{"uv":[1.0,1.0,0.0,0.0],"tintindex":0,"rotation":0,"texture":"#0"},"down":{"uv":[1.0,1.125,0.0,2.125],"tintindex":0,"rotation":0,"texture":"#0"}}},{"from":[4.096016,8.24,3.8843145],"to":[12.096016,16.24,11.884315],"faces":{"east":{"uv":[1.125,1.125,2.125,2.125],"tintindex":0,"rotation":0,"texture":"#0"},"south":{"uv":[0.0,2.25,1.0,3.25],"tintindex":0,"rotation":0,"texture":"#0"},"north":{"uv":[1.125,0.0,2.125,1.0],"tintindex":0,"rotation":0,"texture":"#0"},"west":{"uv":[2.25,0.0,3.25,1.0],"tintindex":0,"rotation":0,"texture":"#0"},"up":{"uv":[2.125,3.25,1.125,2.25],"tintindex":0,"rotation":0,"texture":"#0"},"down":{"uv":[3.25,1.125,2.25,2.125],"tintindex":0,"rotation":0,"texture":"#0"}}}],"display":{"gui":{"rotation":[30,225,0]}}}