{"textures":{"0":"modelengine:entity/nm_sea_slug_aqua_texture"},"elements":[{"from":[7.0,6.9838,7.316269],"to":[9.0,8.9838,10.316269],"faces":{"east":{"uv":[0.0,4.0,3.0,6.0],"tintindex":-2,"rotation":0,"texture":"#0"},"south":{"uv":[7.0,4.0,9.0,6.0],"tintindex":-2,"rotation":0,"texture":"#0"},"north":{"uv":[7.0,2.0,9.0,4.0],"tintindex":-2,"rotation":0,"texture":"#0"},"west":{"uv":[5.0,0.0,8.0,2.0],"tintindex":-2,"rotation":0,"texture":"#0"},"up":{"uv":[7.0,5.0,5.0,2.0],"tintindex":-2,"rotation":0,"texture":"#0"},"down":{"uv":[7.0,5.0,5.0,8.0],"tintindex":-2,"rotation":0,"texture":"#0"}}}],"display":{"gui":{"rotation":[30,225,0]}}}