{"textures":{"0":"modelengine:entity/nm_sea_slug_aqua_texture"},"elements":[{"from":[7.025,7.525,8.0],"to":[8.975,8.475,10.25],"faces":{"east":{"uv":[9.0,10.0,11.0,11.0],"tintindex":-2,"rotation":0,"texture":"#0"},"south":{"uv":[10.0,9.0,12.0,10.0],"tintindex":-2,"rotation":0,"texture":"#0"},"north":{"uv":[10.0,8.0,12.0,9.0],"tintindex":-2,"rotation":0,"texture":"#0"},"west":{"uv":[11.0,0.0,13.0,1.0],"tintindex":-2,"rotation":0,"texture":"#0"},"up":{"uv":[9.0,8.0,7.0,6.0],"tintindex":-2,"rotation":0,"texture":"#0"},"down":{"uv":[2.0,8.0,0.0,10.0],"tintindex":-2,"rotation":0,"texture":"#0"}}}],"display":{"gui":{"rotation":[30,225,0]}}}