{"textures":{"0":"modelengine:entity/nm_sea_slug_aqua_texture"},"elements":[{"from":[6.0125,8.0,8.0],"to":[7.0375,8.0,10.0],"faces":{"up":{"uv":[8.0,12.0,7.0,10.0],"tintindex":-2,"rotation":0,"texture":"#0"},"down":{"uv":[9.0,10.0,8.0,12.0],"tintindex":-2,"rotation":0,"texture":"#0"}}},{"from":[8.9875,8.0,8.0],"to":[10.0125,8.0,10.0],"faces":{"up":{"uv":[7.0,12.0,6.0,10.0],"tintindex":-2,"rotation":0,"texture":"#0"},"down":{"uv":[11.0,6.0,10.0,8.0],"tintindex":-2,"rotation":0,"texture":"#0"}}}],"display":{"gui":{"rotation":[30,225,0]}}}