{"textures":{"0":"modelengine:entity/nm_sea_slug_aqua_texture"},"elements":[{"from":[8.501,9.073223,7.5],"to":[8.501,10.073223,8.5],"faces":{"east":{"uv":[11.0,1.0,12.0,2.0],"tintindex":-2,"rotation":0,"texture":"#0"},"west":{"uv":[2.0,11.0,3.0,12.0],"tintindex":-2,"rotation":0,"texture":"#0"}},"rotation":{"origin":[8.501,9.073223,8.0],"angle":-45.0,"axis":"z"}},{"from":[7.499,9.073223,7.5],"to":[7.499,10.073223,8.5],"faces":{"east":{"uv":[11.0,2.0,12.0,3.0],"tintindex":-2,"rotation":0,"texture":"#0"},"west":{"uv":[3.0,11.0,4.0,12.0],"tintindex":-2,"rotation":0,"texture":"#0"}},"rotation":{"origin":[7.499,9.073223,8.0],"angle":45.0,"axis":"z"}},{"from":[7.5,7.073223,7.5],"to":[7.5,10.073223,8.5],"faces":{"east":{"uv":[3.0,8.0,4.0,11.0],"tintindex":-2,"rotation":0,"texture":"#0"},"west":{"uv":[5.0,8.0,6.0,11.0],"tintindex":-2,"rotation":0,"texture":"#0"}}},{"from":[8.5,7.073223,7.5],"to":[8.5,10.073223,8.5],"faces":{"east":{"uv":[4.0,6.0,5.0,9.0],"tintindex":-2,"rotation":0,"texture":"#0"},"west":{"uv":[2.0,8.0,3.0,11.0],"tintindex":-2,"rotation":0,"texture":"#0"}}}],"display":{"gui":{"rotation":[30,225,0]}}}