{"textures":{"0":"modelengine:entity/iron_swords_2"},"elements":[{"from":[7.5,19.65,3.35],"to":[8.5,21.05,7.35],"faces":{"east":{"uv":[3.0,0.0,1.0,0.65],"tintindex":-2,"rotation":0,"texture":"#0"},"west":{"uv":[1.0,0.0,3.0,0.65],"tintindex":-2,"rotation":0,"texture":"#0"},"down":{"uv":[0.0,0.0,0.5,2.0],"tintindex":-2,"rotation":0,"texture":"#0"}},"rotation":{"origin":[8.0,25.3,2.9499998],"angle":22.5,"axis":"x"}},{"from":[7.5,17.55,2.1999998],"to":[8.5,21.55,7.2],"faces":{"east":{"uv":[0.0,3.0,2.0,5.5],"tintindex":-2,"rotation":90,"texture":"#0"},"west":{"uv":[2.0,3.0,0.0,5.5],"tintindex":-2,"rotation":270,"texture":"#0"},"up":{"uv":[0.0,3.0,0.5,5.5],"tintindex":-2,"rotation":0,"texture":"#0"}},"rotation":{"origin":[8.0,21.55,7.2],"angle":45.0,"axis":"x"}},{"from":[7.5,2.0,6.5],"to":[8.5,16.0,9.5],"faces":{"east":{"uv":[0.0,8.5,1.5,15.5],"tintindex":-2,"rotation":0,"texture":"#0"},"south":{"uv":[0.0,8.5,0.5,15.5],"tintindex":-2,"rotation":0,"texture":"#0"},"north":{"uv":[1.0,8.5,1.5,15.5],"tintindex":-2,"rotation":0,"texture":"#0"},"west":{"uv":[1.5,8.5,0.0,15.5],"tintindex":-2,"rotation":0,"texture":"#0"}}},{"from":[7.5,19.55,0.6999998],"to":[8.5,22.85,2.0500002],"faces":{"east":{"uv":[2.65,0.0,1.0,0.675],"tintindex":-2,"rotation":90,"texture":"#0"},"north":{"uv":[1.0,0.0,2.65,0.5],"tintindex":-2,"rotation":270,"texture":"#0"},"west":{"uv":[1.0,0.0,2.65,0.675],"tintindex":-2,"rotation":270,"texture":"#0"}}},{"from":[7.49,20.539999,1.1899998],"to":[8.51,21.56,2.2099998],"faces":{"east":{"uv":[1.5,0.0,1.0,0.5],"tintindex":-2,"rotation":90,"texture":"#0"},"west":{"uv":[1.0,0.0,1.5,0.5],"tintindex":-2,"rotation":270,"texture":"#0"},"up":{"uv":[1.5,0.0,2.0,0.5],"tintindex":-2,"rotation":0,"texture":"#0"}},"rotation":{"origin":[8.0,21.55,7.2],"angle":45.0,"axis":"x"}},{"from":[7.0,-8.0,7.0],"to":[9.0,1.0,9.0],"faces":{"east":{"uv":[14.0,8.0,13.0,12.5],"tintindex":-2,"rotation":0,"texture":"#0"},"south":{"uv":[13.0,8.0,14.0,12.5],"tintindex":-2,"rotation":0,"texture":"#0"},"north":{"uv":[13.0,8.0,14.0,12.5],"tintindex":-2,"rotation":0,"texture":"#0"},"west":{"uv":[13.0,8.0,14.0,12.5],"tintindex":-2,"rotation":0,"texture":"#0"}}},{"from":[6.0,-9.0,6.0],"to":[10.0,-8.0,10.0],"faces":{"east":{"uv":[14.0,0.0,12.0,0.5],"tintindex":-2,"rotation":0,"texture":"#0"},"south":{"uv":[13.5,0.0,14.0,2.0],"tintindex":-2,"rotation":90,"texture":"#0"},"north":{"uv":[12.0,2.0,12.5,0.0],"tintindex":-2,"rotation":90,"texture":"#0"},"west":{"uv":[12.0,1.5,14.0,2.0],"tintindex":-2,"rotation":0,"texture":"#0"},"up":{"uv":[12.0,0.0,14.0,2.0],"tintindex":-2,"rotation":90,"texture":"#0"},"down":{"uv":[12.0,0.0,14.0,2.0],"tintindex":-2,"rotation":0,"texture":"#0"}}},{"from":[7.5,-15.0,7.5],"to":[8.5,-12.0,8.5],"faces":{"east":{"uv":[15.5,4.5,16.0,6.0],"tintindex":-2,"rotation":0,"texture":"#0"},"south":{"uv":[16.0,4.5,15.5,6.0],"tintindex":-2,"rotation":0,"texture":"#0"},"north":{"uv":[16.0,4.5,15.5,6.0],"tintindex":-2,"rotation":0,"texture":"#0"},"west":{"uv":[16.0,4.5,15.5,6.0],"tintindex":-2,"rotation":0,"texture":"#0"},"down":{"uv":[15.5,6.0,16.0,5.5],"tintindex":-2,"rotation":0,"texture":"#0"}}},{"from":[7.51,20.960001,2.36],"to":[8.49,24.94,4.04],"faces":{"east":{"uv":[1.85,0.0,1.0,2.0],"tintindex":-2,"rotation":0,"texture":"#0"},"north":{"uv":[1.0,0.0,1.5,2.0],"tintindex":-2,"rotation":0,"texture":"#0"},"west":{"uv":[1.0,0.0,1.85,2.0],"tintindex":-2,"rotation":0,"texture":"#0"}},"rotation":{"origin":[8.0,25.3,2.9499998],"angle":22.5,"axis":"x"}},{"from":[7.0,-12.0,7.0],"to":[9.0,-9.0,9.0],"faces":{"east":{"uv":[9.5,2.5,10.5,1.0],"tintindex":-2,"rotation":0,"texture":"#0"},"south":{"uv":[10.5,2.5,9.5,1.0],"tintindex":-2,"rotation":0,"texture":"#0"},"north":{"uv":[10.5,2.5,9.5,1.0],"tintindex":-2,"rotation":0,"texture":"#0"},"west":{"uv":[10.5,2.5,9.5,1.0],"tintindex":-2,"rotation":0,"texture":"#0"},"down":{"uv":[12.5,0.0,13.5,1.0],"tintindex":-2,"rotation":0,"texture":"#0"}}},{"from":[6.5,-11.0,6.5],"to":[9.5,-10.0,9.5],"faces":{"east":{"uv":[12.0,0.0,10.5,0.5],"tintindex":-2,"rotation":0,"texture":"#0"},"south":{"uv":[11.5,0.0,12.0,1.5],"tintindex":-2,"rotation":90,"texture":"#0"},"north":{"uv":[10.5,1.5,11.0,0.0],"tintindex":-2,"rotation":90,"texture":"#0"},"west":{"uv":[10.5,1.0,12.0,1.5],"tintindex":-2,"rotation":0,"texture":"#0"},"up":{"uv":[10.5,0.0,12.0,1.5],"tintindex":-2,"rotation":90,"texture":"#0"},"down":{"uv":[10.5,0.0,12.0,1.5],"tintindex":-2,"rotation":0,"texture":"#0"}}},{"from":[7.51,23.210001,1.1600001],"to":[8.49,24.289999,2.5400002],"faces":{"east":{"uv":[1.65,0.0,1.0,0.55],"tintindex":-2,"rotation":0,"texture":"#0"},"west":{"uv":[1.0,0.0,1.65,0.55],"tintindex":-2,"rotation":0,"texture":"#0"},"up":{"uv":[1.0,0.0,1.65,0.5],"tintindex":-2,"rotation":90,"texture":"#0"}},"rotation":{"origin":[8.0,23.55,2.1999998],"angle":-45.0,"axis":"x"}},{"from":[7.51,18.26,2.76],"to":[8.49,20.94,3.34],"faces":{"east":{"uv":[1.3,0.0,1.0,1.35],"tintindex":-2,"rotation":0,"texture":"#0"},"south":{"uv":[1.5,0.0,2.0,1.35],"tintindex":-2,"rotation":0,"texture":"#0"},"north":{"uv":[1.0,0.0,1.5,1.35],"tintindex":-2,"rotation":0,"texture":"#0"},"west":{"uv":[1.0,0.0,1.3,1.35],"tintindex":-2,"rotation":0,"texture":"#0"},"up":{"uv":[1.0,0.0,1.3,0.5],"tintindex":-2,"rotation":90,"texture":"#0"}},"rotation":{"origin":[8.0,25.3,2.9499998],"angle":22.5,"axis":"x"}},{"from":[5.75,1.0,6.0],"to":[9.75,2.0,10.0],"faces":{"east":{"uv":[14.0,0.0,12.0,0.5],"tintindex":-2,"rotation":0,"texture":"#0"},"south":{"uv":[13.5,0.0,14.0,2.0],"tintindex":-2,"rotation":90,"texture":"#0"},"north":{"uv":[12.0,2.0,12.5,0.0],"tintindex":-2,"rotation":90,"texture":"#0"},"west":{"uv":[12.0,1.5,14.0,2.0],"tintindex":-2,"rotation":0,"texture":"#0"},"up":{"uv":[12.0,0.0,14.0,2.0],"tintindex":-2,"rotation":90,"texture":"#0"},"down":{"uv":[12.0,0.0,14.0,2.0],"tintindex":-2,"rotation":0,"texture":"#0"}}},{"from":[7.51,18.41,-0.040000193],"to":[8.49,19.24,3.84],"faces":{"east":{"uv":[1.425,0.0,1.0,1.95],"tintindex":-2,"rotation":90,"texture":"#0"},"north":{"uv":[1.0,0.0,1.425,0.5],"tintindex":-2,"rotation":270,"texture":"#0"},"west":{"uv":[1.0,0.0,1.425,1.95],"tintindex":-2,"rotation":270,"texture":"#0"},"up":{"uv":[1.5,0.0,2.0,1.95],"tintindex":-2,"rotation":0,"texture":"#0"},"down":{"uv":[0.0,0.0,0.5,1.95],"tintindex":-2,"rotation":180,"texture":"#0"}},"rotation":{"origin":[8.0,18.9,0.05000019],"angle":-22.5,"axis":"x"}},{"from":[7.5,23.2,0.5],"to":[8.5,23.9,1.1999998],"faces":{"east":{"uv":[1.35,0.0,1.0,0.35],"tintindex":-2,"rotation":0,"texture":"#0"},"north":{"uv":[1.0,0.0,1.5,0.35],"tintindex":-2,"rotation":0,"texture":"#0"},"west":{"uv":[1.0,0.0,1.35,0.35],"tintindex":-2,"rotation":0,"texture":"#0"},"up":{"uv":[1.0,0.0,1.35,0.5],"tintindex":-2,"rotation":90,"texture":"#0"}},"rotation":{"origin":[8.0,23.55,2.1999998],"angle":-22.5,"axis":"x"}},{"from":[7.49,13.99,5.49],"to":[8.51,16.01,6.51],"faces":{"east":{"uv":[0.5,10.5,0.0,11.5],"tintindex":-2,"rotation":0,"texture":"#0"},"north":{"uv":[0.0,10.5,0.5,11.5],"tintindex":-2,"rotation":0,"texture":"#0"},"west":{"uv":[0.0,10.5,0.5,11.5],"tintindex":-2,"rotation":0,"texture":"#0"}},"rotation":{"origin":[8.0,16.0,9.5],"angle":-22.5,"axis":"x"}},{"from":[7.49,25.09,2.24],"to":[8.51,25.81,2.9599998],"faces":{"east":{"uv":[1.35,0.0,1.0,0.35],"tintindex":-2,"rotation":0,"texture":"#0"},"north":{"uv":[1.0,0.0,1.5,0.35],"tintindex":-2,"rotation":0,"texture":"#0"},"west":{"uv":[1.0,0.0,1.35,0.35],"tintindex":-2,"rotation":0,"texture":"#0"},"up":{"uv":[1.0,0.0,1.35,0.5],"tintindex":-2,"rotation":90,"texture":"#0"}}},{"from":[7.49,15.99,5.49],"to":[8.51,22.01,9.51],"faces":{"east":{"uv":[0.0,6.0,2.0,9.0],"tintindex":-2,"rotation":0,"texture":"#0"},"south":{"uv":[0.0,6.0,0.5,9.0],"tintindex":-2,"rotation":0,"texture":"#0"},"north":{"uv":[0.0,6.0,0.5,9.0],"tintindex":-2,"rotation":0,"texture":"#0"},"west":{"uv":[2.0,6.0,0.0,9.0],"tintindex":-2,"rotation":0,"texture":"#0"},"up":{"uv":[0.0,6.0,2.0,6.5],"tintindex":-2,"rotation":90,"texture":"#0"}},"rotation":{"origin":[8.0,16.0,9.5],"angle":-22.5,"axis":"x"}}],"display":{"gui":{"rotation":[30,225,0]}}}