{"textures":{"0":"modelengine:entity/nm_lion_texture"},"elements":[{"from":[3.5,1.8089542,6.5753994],"to":[12.5,11.808955,18.5754],"faces":{"east":{"uv":[4.5,3.75,6.0,5.0],"tintindex":-2,"rotation":0,"texture":"#0"},"south":{"uv":[5.875,0.0,7.0,1.25],"tintindex":-2,"rotation":0,"texture":"#0"},"north":{"uv":[5.125,5.0,6.25,6.25],"tintindex":-2,"rotation":0,"texture":"#0"},"west":{"uv":[1.375,4.625,2.875,5.875],"tintindex":-2,"rotation":0,"texture":"#0"},"up":{"uv":[5.875,1.5,4.75,0.0],"tintindex":-2,"rotation":0,"texture":"#0"},"down":{"uv":[5.125,5.0,4.0,6.5],"tintindex":-2,"rotation":0,"texture":"#0"}}}],"display":{"gui":{"rotation":[30,225,0]}}}