{"textures":{"0":"modelengine:entity/nm_lion_texture"},"elements":[{"from":[10.0,6.107521,2.5747442],"to":[13.0,10.107521,3.5747442],"faces":{"east":{"uv":[6.0,3.75,6.125,4.25],"tintindex":-2,"rotation":0,"texture":"#0"},"south":{"uv":[1.875,7.625,2.25,8.125],"tintindex":-2,"rotation":0,"texture":"#0"},"north":{"uv":[7.5,5.5,7.875,6.0],"tintindex":-2,"rotation":0,"texture":"#0"},"west":{"uv":[6.0,4.25,6.125,4.75],"tintindex":-2,"rotation":0,"texture":"#0"},"up":{"uv":[6.25,1.375,5.875,1.25],"tintindex":-2,"rotation":0,"texture":"#0"},"down":{"uv":[6.25,1.375,5.875,1.5],"tintindex":-2,"rotation":0,"texture":"#0"}}},{"from":[3.0,6.107521,2.5747442],"to":[6.0,10.107521,3.5747442],"faces":{"east":{"uv":[1.125,5.25,1.25,5.75],"tintindex":-2,"rotation":0,"texture":"#0"},"south":{"uv":[7.5,5.0,7.875,5.5],"tintindex":-2,"rotation":0,"texture":"#0"},"north":{"uv":[7.5,4.5,7.875,5.0],"tintindex":-2,"rotation":0,"texture":"#0"},"west":{"uv":[1.25,5.25,1.375,5.75],"tintindex":-2,"rotation":0,"texture":"#0"},"up":{"uv":[5.5,2.625,5.125,2.5],"tintindex":-2,"rotation":0,"texture":"#0"},"down":{"uv":[5.875,2.5,5.5,2.625],"tintindex":-2,"rotation":0,"texture":"#0"}}},{"from":[4.0,0.10752106,0.5747442],"to":[12.0,8.107521,3.5747442],"faces":{"east":{"uv":[1.375,3.25,1.75,4.25],"tintindex":-2,"rotation":0,"texture":"#0"},"south":{"uv":[1.125,5.875,2.125,6.875],"tintindex":-2,"rotation":0,"texture":"#0"},"north":{"uv":[5.125,1.5,6.125,2.5],"tintindex":-2,"rotation":0,"texture":"#0"},"west":{"uv":[1.5,6.875,1.875,7.875],"tintindex":-2,"rotation":0,"texture":"#0"},"up":{"uv":[4.375,3.0,3.375,2.625],"tintindex":-2,"rotation":0,"texture":"#0"},"down":{"uv":[8.0,0.0,7.0,0.375],"tintindex":-2,"rotation":0,"texture":"#0"}}},{"from":[6.0,0.1250763,-2.3363123],"to":[10.0,4.7250757,1.6636877],"faces":{"east":{"uv":[7.0,3.0,7.5,3.625],"tintindex":-2,"rotation":0,"texture":"#0"},"south":{"uv":[7.0,3.625,7.5,4.25],"tintindex":-2,"rotation":0,"texture":"#0"},"north":{"uv":[7.0,0.375,7.5,1.0],"tintindex":-2,"rotation":0,"texture":"#0"},"west":{"uv":[7.0,4.25,7.5,4.875],"tintindex":-2,"rotation":0,"texture":"#0"},"up":{"uv":[7.625,7.375,7.125,6.875],"tintindex":-2,"rotation":0,"texture":"#0"},"down":{"uv":[7.75,1.0,7.25,1.5],"tintindex":-2,"rotation":0,"texture":"#0"}},"rotation":{"origin":[8.0,2.580225,0.10596943],"angle":-22.5,"axis":"x"}},{"from":[1.0,-1.892479,3.5747442],"to":[15.0,11.107521,12.574745],"faces":{"east":{"uv":[2.875,4.625,4.0,6.25],"tintindex":-2,"rotation":0,"texture":"#0"},"south":{"uv":[0.0,1.625,1.75,3.25],"tintindex":-2,"rotation":0,"texture":"#0"},"north":{"uv":[0.0,0.0,1.75,1.625],"tintindex":-2,"rotation":0,"texture":"#0"},"west":{"uv":[0.0,4.75,1.125,6.375],"tintindex":-2,"rotation":0,"texture":"#0"},"up":{"uv":[5.125,2.625,3.375,1.5],"tintindex":-2,"rotation":0,"texture":"#0"},"down":{"uv":[6.25,2.625,4.5,3.75],"tintindex":-2,"rotation":0,"texture":"#0"}}}],"display":{"gui":{"rotation":[30,225,0]}}}