{"textures":{"0":"modelengine:entity/nm_lion_texture"},"elements":[{"from":[7.0,-5.0,6.0],"to":[11.0,9.0,10.0],"faces":{"east":{"uv":[0.5,6.375,1.0,8.125],"tintindex":-2,"rotation":0,"texture":"#0"},"south":{"uv":[3.625,6.5,4.125,8.25],"tintindex":-2,"rotation":0,"texture":"#0"},"north":{"uv":[0.0,6.375,0.5,8.125],"tintindex":-2,"rotation":0,"texture":"#0"},"west":{"uv":[4.125,6.5,4.625,8.25],"tintindex":-2,"rotation":0,"texture":"#0"},"up":{"uv":[7.75,2.0,7.25,1.5],"tintindex":-2,"rotation":0,"texture":"#0"},"down":{"uv":[7.75,2.0,7.25,2.5],"tintindex":-2,"rotation":0,"texture":"#0"}}}],"display":{"gui":{"rotation":[30,225,0]}}}