{"textures":{"0":"modelengine:entity/nm_lion_texture"},"elements":[{"from":[6.0,-4.9942894,5.7382836],"to":[10.0,9.005711,9.738284],"faces":{"east":{"uv":[6.25,4.75,6.75,6.5],"tintindex":-2,"rotation":0,"texture":"#0"},"south":{"uv":[5.125,6.25,5.625,8.0],"tintindex":-2,"rotation":0,"texture":"#0"},"north":{"uv":[3.125,6.25,3.625,8.0],"tintindex":-2,"rotation":0,"texture":"#0"},"west":{"uv":[5.625,6.25,6.125,8.0],"tintindex":-2,"rotation":0,"texture":"#0"},"up":{"uv":[7.5,6.375,7.0,5.875],"tintindex":-2,"rotation":0,"texture":"#0"},"down":{"uv":[7.625,6.375,7.125,6.875],"tintindex":-2,"rotation":0,"texture":"#0"}}}],"display":{"gui":{"rotation":[30,225,0]}}}