{"textures":{"0":"modelengine:entity/nm_lion_texture"},"elements":[{"from":[6.5,4.3533993,6.4318724],"to":[9.5,8.353399,9.431872],"faces":{"east":{"uv":[7.5,3.0,7.875,3.5],"tintindex":-2,"rotation":0,"texture":"#0"},"south":{"uv":[7.5,3.5,7.875,4.0],"tintindex":-2,"rotation":0,"texture":"#0"},"north":{"uv":[7.5,0.375,7.875,0.875],"tintindex":-2,"rotation":0,"texture":"#0"},"west":{"uv":[7.5,4.0,7.875,4.5],"tintindex":-2,"rotation":0,"texture":"#0"},"up":{"uv":[1.75,4.625,1.375,4.25],"tintindex":-2,"rotation":0,"texture":"#0"},"down":{"uv":[4.375,4.625,4.0,5.0],"tintindex":-2,"rotation":0,"texture":"#0"}}}],"display":{"gui":{"rotation":[30,225,0]}}}