{"textures":{"0":"modelengine:entity/nm_lion_texture"},"elements":[{"from":[2.5,0.8637123,-4.9468346],"to":[13.5,12.863712,8.053166],"faces":{"east":{"uv":[1.75,0.0,3.375,1.5],"tintindex":-2,"rotation":0,"texture":"#0"},"south":{"uv":[3.375,0.0,4.75,1.5],"tintindex":-2,"rotation":0,"texture":"#0"},"north":{"uv":[0.0,3.25,1.375,4.75],"tintindex":-2,"rotation":0,"texture":"#0"},"west":{"uv":[1.75,1.5,3.375,3.0],"tintindex":-2,"rotation":0,"texture":"#0"},"up":{"uv":[3.125,4.625,1.75,3.0],"tintindex":-2,"rotation":0,"texture":"#0"},"down":{"uv":[4.5,3.0,3.125,4.625],"tintindex":-2,"rotation":0,"texture":"#0"}}}],"display":{"gui":{"rotation":[30,225,0]}}}