{"textures":{"0":"modelengine:entity/iron_swords"},"elements":[{"from":[7.48,10.58,5.48],"to":[8.52,17.62,8.52],"faces":{"east":{"uv":[1.5,4.08,0.0,16.0],"tintindex":-2,"rotation":0,"texture":"#0"},"south":{"uv":[1.0,4.08,1.5,16.0],"tintindex":-2,"rotation":0,"texture":"#0"},"north":{"uv":[0.0,4.08,0.5,16.0],"tintindex":-2,"rotation":0,"texture":"#0"},"west":{"uv":[0.0,4.08,1.5,16.0],"tintindex":-2,"rotation":0,"texture":"#0"},"up":{"uv":[0.0,0.0,0.5,1.5],"tintindex":-2,"rotation":0,"texture":"#0"}}},{"from":[7.48,18.529999,7.0800004],"to":[8.52,20.490002,8.52],"faces":{"east":{"uv":[1.75,0.0,0.0,0.75],"tintindex":-2,"rotation":0,"texture":"#0"},"south":{"uv":[1.0,0.0,1.5,0.75],"tintindex":-2,"rotation":0,"texture":"#0"},"north":{"uv":[0.0,0.0,0.5,0.75],"tintindex":-2,"rotation":0,"texture":"#0"},"west":{"uv":[0.0,0.0,1.75,0.75],"tintindex":-2,"rotation":0,"texture":"#0"},"up":{"uv":[0.0,0.0,0.5,1.5],"tintindex":-2,"rotation":0,"texture":"#0"}}},{"from":[6.49,10.09,5.54],"to":[9.51,10.860001,8.56],"faces":{"east":{"uv":[14.5,8.5,16.0,10.0],"tintindex":-2,"rotation":0,"texture":"#0"},"south":{"uv":[14.5,8.5,16.0,10.0],"tintindex":-2,"rotation":0,"texture":"#0"},"north":{"uv":[14.5,8.5,16.0,10.0],"tintindex":-2,"rotation":0,"texture":"#0"},"west":{"uv":[14.5,8.5,16.0,10.0],"tintindex":-2,"rotation":0,"texture":"#0"},"up":{"uv":[14.5,10.0,16.0,8.5],"tintindex":-2,"rotation":270,"texture":"#0"},"down":{"uv":[11.0,14.5,12.5,16.0],"tintindex":-2,"rotation":0,"texture":"#0"}}},{"from":[7.5,10.6,5.5],"to":[8.5,17.5,8.5],"faces":{"east":{"uv":[3.0,2.58,1.5,14.5],"tintindex":-2,"rotation":0,"texture":"#0"},"south":{"uv":[2.5,2.58,3.0,14.5],"tintindex":-2,"rotation":0,"texture":"#0"},"north":{"uv":[1.5,2.58,2.0,14.5],"tintindex":-2,"rotation":0,"texture":"#0"},"west":{"uv":[1.5,2.58,3.0,14.5],"tintindex":-2,"rotation":0,"texture":"#0"},"up":{"uv":[0.0,0.0,0.5,1.5],"tintindex":-2,"rotation":0,"texture":"#0"}},"rotation":{"origin":[8.0,10.55,5.5],"angle":-22.5,"axis":"x"}},{"from":[7.49,17.59,4.99],"to":[8.51,19.11,8.51],"faces":{"east":{"uv":[1.75,0.0,0.0,0.75],"tintindex":-2,"rotation":0,"texture":"#0"},"south":{"uv":[1.0,0.0,1.5,0.75],"tintindex":-2,"rotation":0,"texture":"#0"},"north":{"uv":[0.0,0.0,0.5,0.75],"tintindex":-2,"rotation":0,"texture":"#0"},"west":{"uv":[0.0,0.0,1.75,0.75],"tintindex":-2,"rotation":0,"texture":"#0"},"up":{"uv":[0.0,0.0,0.5,1.5],"tintindex":-2,"rotation":0,"texture":"#0"}}},{"from":[7.48,18.86,4.83],"to":[8.52,20.400002,7.3700004],"faces":{"east":{"uv":[1.75,0.0,0.0,0.75],"tintindex":-2,"rotation":0,"texture":"#0"},"south":{"uv":[1.0,0.0,1.5,0.75],"tintindex":-2,"rotation":0,"texture":"#0"},"north":{"uv":[0.0,0.0,0.5,0.75],"tintindex":-2,"rotation":0,"texture":"#0"},"west":{"uv":[0.0,0.0,1.75,0.75],"tintindex":-2,"rotation":0,"texture":"#0"},"up":{"uv":[0.0,0.0,0.5,1.5],"tintindex":-2,"rotation":0,"texture":"#0"}},"rotation":{"origin":[8.0,19.75,7.0],"angle":-22.5,"axis":"x"}},{"from":[7.49,16.0,3.8],"to":[8.51,17.42,5.92],"faces":{"east":{"uv":[1.5,0.0,0.0,0.5],"tintindex":-2,"rotation":0,"texture":"#0"},"south":{"uv":[1.0,0.0,1.5,0.5],"tintindex":-2,"rotation":0,"texture":"#0"},"north":{"uv":[0.0,0.0,0.5,0.5],"tintindex":-2,"rotation":0,"texture":"#0"},"west":{"uv":[0.0,0.0,1.5,0.5],"tintindex":-2,"rotation":0,"texture":"#0"},"up":{"uv":[0.0,0.0,0.5,1.5],"tintindex":-2,"rotation":0,"texture":"#0"}},"rotation":{"origin":[8.0,17.05,2.8000002],"angle":-45.0,"axis":"x"}},{"from":[7.49,17.0,2.84],"to":[8.51,18.12,4.0600004],"faces":{"east":{"uv":[1.5,0.0,0.0,0.5],"tintindex":-2,"rotation":90,"texture":"#0"},"north":{"uv":[0.0,0.0,0.5,1.5],"tintindex":-2,"rotation":180,"texture":"#0"},"west":{"uv":[0.0,0.0,1.5,0.5],"tintindex":-2,"rotation":270,"texture":"#0"},"up":{"uv":[1.0,0.0,1.5,0.5],"tintindex":-2,"rotation":0,"texture":"#0"},"down":{"uv":[0.0,0.0,0.5,0.5],"tintindex":-2,"rotation":180,"texture":"#0"}},"rotation":{"origin":[8.0,17.05,2.8000002],"angle":22.5,"axis":"x"}},{"from":[7.0,6.85,6.0],"to":[9.0,7.1,8.0],"faces":{"east":{"uv":[14.5,13.5,13.5,14.0],"tintindex":-2,"rotation":0,"texture":"#0"},"south":{"uv":[13.5,13.5,14.5,14.0],"tintindex":-2,"rotation":0,"texture":"#0"},"north":{"uv":[13.5,13.5,14.5,14.0],"tintindex":-2,"rotation":0,"texture":"#0"},"west":{"uv":[13.5,13.5,14.5,14.0],"tintindex":-2,"rotation":0,"texture":"#0"},"down":{"uv":[5.5,6.0,6.5,7.0],"tintindex":-2,"rotation":0,"texture":"#0"}}},{"from":[7.0,10.25,8.0],"to":[9.0,10.75,12.0],"faces":{"east":{"uv":[14.0,4.5,16.0,5.5],"tintindex":-2,"rotation":0,"texture":"#0"},"south":{"uv":[15.0,2.5,16.0,3.5],"tintindex":-2,"rotation":0,"texture":"#0"},"west":{"uv":[16.0,4.5,14.0,5.5],"tintindex":-2,"rotation":0,"texture":"#0"},"up":{"uv":[16.0,3.5,14.5,4.5],"tintindex":-2,"rotation":90,"texture":"#0"},"down":{"uv":[15.5,7.0,14.5,8.5],"tintindex":-2,"rotation":0,"texture":"#0"}}},{"from":[7.0,10.25,2.0],"to":[9.0,10.75,6.0],"faces":{"east":{"uv":[16.0,4.5,14.0,5.5],"tintindex":-2,"rotation":0,"texture":"#0"},"north":{"uv":[15.0,2.5,16.0,3.5],"tintindex":-2,"rotation":0,"texture":"#0"},"west":{"uv":[14.0,4.5,16.0,5.5],"tintindex":-2,"rotation":0,"texture":"#0"},"up":{"uv":[14.5,4.5,16.0,3.5],"tintindex":-2,"rotation":90,"texture":"#0"},"down":{"uv":[14.5,8.5,15.5,7.0],"tintindex":-2,"rotation":0,"texture":"#0"}}},{"from":[6.49,7.0899997,5.54],"to":[9.51,7.86,8.56],"faces":{"east":{"uv":[12.5,14.5,14.0,16.0],"tintindex":-2,"rotation":0,"texture":"#0"},"south":{"uv":[12.5,14.5,14.0,16.0],"tintindex":-2,"rotation":0,"texture":"#0"},"north":{"uv":[12.5,14.5,14.0,16.0],"tintindex":-2,"rotation":0,"texture":"#0"},"west":{"uv":[12.5,14.5,14.0,16.0],"tintindex":-2,"rotation":0,"texture":"#0"},"up":{"uv":[9.5,16.0,11.0,14.5],"tintindex":-2,"rotation":270,"texture":"#0"},"down":{"uv":[11.0,14.5,12.5,16.0],"tintindex":-2,"rotation":0,"texture":"#0"}}},{"from":[7.0,7.35,6.0],"to":[9.0,10.1,8.0],"faces":{"east":{"uv":[14.5,8.5,13.5,14.0],"tintindex":-2,"rotation":0,"texture":"#0"},"south":{"uv":[13.5,8.5,14.5,14.0],"tintindex":-2,"rotation":0,"texture":"#0"},"north":{"uv":[13.5,8.5,14.5,14.0],"tintindex":-2,"rotation":0,"texture":"#0"},"west":{"uv":[13.5,8.5,14.5,14.0],"tintindex":-2,"rotation":0,"texture":"#0"},"down":{"uv":[5.5,6.0,6.5,7.0],"tintindex":-2,"rotation":0,"texture":"#0"}}}],"display":{"gui":{"rotation":[30,225,0]}}}