{"textures":{"0":"modelengine:entity/nm_antelope_texture"},"elements":[{"from":[0.539042,13.806377,4.047114],"to":[5.5390425,15.656378,5.047114],"faces":{"east":{"uv":[10.0,12.0,10.25,12.5],"tintindex":-2,"rotation":0,"texture":"#0"},"south":{"uv":[11.75,5.25,13.0,5.75],"tintindex":-2,"rotation":0,"texture":"#0"},"north":{"uv":[11.75,4.75,13.0,5.25],"tintindex":-2,"rotation":0,"texture":"#0"},"west":{"uv":[10.5,12.5,10.75,13.0],"tintindex":-2,"rotation":0,"texture":"#0"},"up":{"uv":[6.75,12.75,5.5,12.5],"tintindex":-2,"rotation":0,"texture":"#0"},"down":{"uv":[13.75,5.75,12.5,6.0],"tintindex":-2,"rotation":0,"texture":"#0"}},"rotation":{"origin":[0.7140422,13.906378,7.547114],"angle":-22.5,"axis":"z"}},{"from":[6.0,8.009895,-3.9528866],"to":[10.0,11.009895,0.047113895],"faces":{"east":{"uv":[10.75,10.5,11.75,11.25],"tintindex":-2,"rotation":0,"texture":"#0"},"south":{"uv":[11.0,1.25,12.0,2.0],"tintindex":-2,"rotation":0,"texture":"#0"},"north":{"uv":[10.5,9.75,11.5,10.5],"tintindex":-2,"rotation":0,"texture":"#0"},"west":{"uv":[11.0,2.0,12.0,2.75],"tintindex":-2,"rotation":0,"texture":"#0"},"up":{"uv":[11.5,9.75,10.5,8.75],"tintindex":-2,"rotation":0,"texture":"#0"},"down":{"uv":[10.75,10.5,9.75,11.5],"tintindex":-2,"rotation":0,"texture":"#0"}}},{"from":[5.0,8.009895,0.047113895],"to":[11.0,14.009895,8.047113],"faces":{"east":{"uv":[7.5,2.5,9.5,4.0],"tintindex":-2,"rotation":0,"texture":"#0"},"south":{"uv":[9.0,0.0,10.5,1.5],"tintindex":-2,"rotation":0,"texture":"#0"},"north":{"uv":[7.5,8.5,9.0,10.0],"tintindex":-2,"rotation":0,"texture":"#0"},"west":{"uv":[4.0,7.5,6.0,9.0],"tintindex":-2,"rotation":0,"texture":"#0"},"up":{"uv":[9.0,6.0,7.5,4.0],"tintindex":-2,"rotation":0,"texture":"#0"},"down":{"uv":[7.5,7.5,6.0,9.5],"tintindex":-2,"rotation":0,"texture":"#0"}}},{"from":[10.460958,13.806377,4.047114],"to":[15.4609585,15.656378,5.047114],"faces":{"east":{"uv":[9.5,7.5,9.75,8.0],"tintindex":-2,"rotation":0,"texture":"#0"},"south":{"uv":[11.75,4.25,13.0,4.75],"tintindex":-2,"rotation":0,"texture":"#0"},"north":{"uv":[9.0,11.5,10.25,12.0],"tintindex":-2,"rotation":0,"texture":"#0"},"west":{"uv":[9.5,8.0,9.75,8.5],"tintindex":-2,"rotation":0,"texture":"#0"},"up":{"uv":[13.25,4.0,12.0,3.75],"tintindex":-2,"rotation":0,"texture":"#0"},"down":{"uv":[13.25,4.0,12.0,4.25],"tintindex":-2,"rotation":0,"texture":"#0"}},"rotation":{"origin":[15.285957,13.906378,7.547114],"angle":22.5,"axis":"z"}}],"display":{"gui":{"rotation":[30,225,0]}}}