{"textures":{"0":"modelengine:entity/nm_antelope_texture"},"elements":[{"from":[6.6110144,7.6258545,6.8284273],"to":[8.611014,11.6258545,8.828427],"faces":{"east":{"uv":[12.0,8.25,12.5,9.25],"tintindex":-2,"rotation":0,"texture":"#0"},"south":{"uv":[9.0,12.0,9.5,13.0],"tintindex":-2,"rotation":0,"texture":"#0"},"north":{"uv":[12.0,7.25,12.5,8.25],"tintindex":-2,"rotation":0,"texture":"#0"},"west":{"uv":[12.0,9.25,12.5,10.25],"tintindex":-2,"rotation":0,"texture":"#0"},"up":{"uv":[13.0,11.0,12.5,10.5],"tintindex":-2,"rotation":0,"texture":"#0"},"down":{"uv":[13.0,11.0,12.5,11.5],"tintindex":-2,"rotation":0,"texture":"#0"}}},{"from":[6.6110144,2.7974262,3.1715727],"to":[8.611014,4.797426,5.1715727],"faces":{"east":{"uv":[12.75,2.5,13.25,3.0],"tintindex":-2,"rotation":0,"texture":"#0"},"south":{"uv":[5.5,12.75,6.0,13.25],"tintindex":-2,"rotation":0,"texture":"#0"},"north":{"uv":[12.75,2.0,13.25,2.5],"tintindex":-2,"rotation":0,"texture":"#0"},"west":{"uv":[6.0,12.75,6.5,13.25],"tintindex":-2,"rotation":0,"texture":"#0"},"up":{"uv":[7.0,13.25,6.5,12.75],"tintindex":-2,"rotation":0,"texture":"#0"},"down":{"uv":[9.0,12.75,8.5,13.25],"tintindex":-2,"rotation":0,"texture":"#0"}}},{"from":[6.636015,3.65098,3.9393396],"to":[8.586015,9.650978,5.9393396],"faces":{"east":{"uv":[11.5,2.75,12.0,4.25],"tintindex":-2,"rotation":0,"texture":"#0"},"south":{"uv":[11.5,7.25,12.0,8.75],"tintindex":-2,"rotation":0,"texture":"#0"},"north":{"uv":[11.25,11.25,11.75,12.75],"tintindex":-2,"rotation":0,"texture":"#0"},"west":{"uv":[11.5,8.75,12.0,10.25],"tintindex":-2,"rotation":0,"texture":"#0"},"up":{"uv":[13.25,1.5,12.75,1.0],"tintindex":-2,"rotation":0,"texture":"#0"},"down":{"uv":[13.25,1.5,12.75,2.0],"tintindex":-2,"rotation":0,"texture":"#0"}},"rotation":{"origin":[7.6110144,5.15098,4.9393396],"angle":45.0,"axis":"x"}},{"from":[8.611014,9.6258545,6.8284273],"to":[10.611014,11.6258545,8.828427],"faces":{"east":{"uv":[11.75,12.5,12.25,13.0],"tintindex":-2,"rotation":0,"texture":"#0"},"south":{"uv":[12.5,12.0,13.0,12.5],"tintindex":-2,"rotation":0,"texture":"#0"},"north":{"uv":[12.5,11.5,13.0,12.0],"tintindex":-2,"rotation":0,"texture":"#0"},"west":{"uv":[12.25,12.5,12.75,13.0],"tintindex":-2,"rotation":0,"texture":"#0"},"up":{"uv":[13.25,0.5,12.75,0.0],"tintindex":-2,"rotation":0,"texture":"#0"},"down":{"uv":[13.25,0.5,12.75,1.0],"tintindex":-2,"rotation":0,"texture":"#0"}}}],"display":{"gui":{"rotation":[30,225,0]}}}