{"textures":{"0":"modelengine:entity/nm_antelope_texture"},"elements":[{"from":[6.5,-2.0,6.5],"to":[9.5,10.0,9.5],"faces":{"east":{"uv":[0.75,10.0,1.5,13.0],"tintindex":-2,"rotation":0,"texture":"#0"},"south":{"uv":[1.5,10.0,2.25,13.0],"tintindex":-2,"rotation":0,"texture":"#0"},"north":{"uv":[0.0,10.0,0.75,13.0],"tintindex":-2,"rotation":0,"texture":"#0"},"west":{"uv":[2.25,10.0,3.0,13.0],"tintindex":-2,"rotation":0,"texture":"#0"},"up":{"uv":[12.5,12.5,11.75,11.75],"tintindex":-2,"rotation":0,"texture":"#0"},"down":{"uv":[12.75,1.0,12.0,1.75],"tintindex":-2,"rotation":0,"texture":"#0"}}}],"display":{"gui":{"rotation":[30,225,0]}}}