{"textures":{"0":"modelengine:entity/nm_antelope_texture"},"elements":[{"from":[6.5,-2.0,6.5000005],"to":[9.5,10.0,9.5],"faces":{"east":{"uv":[4.75,9.0,5.5,12.0],"tintindex":-2,"rotation":0,"texture":"#0"},"south":{"uv":[9.0,8.5,9.75,11.5],"tintindex":-2,"rotation":0,"texture":"#0"},"north":{"uv":[4.0,9.0,4.75,12.0],"tintindex":-2,"rotation":0,"texture":"#0"},"west":{"uv":[9.5,1.5,10.25,4.5],"tintindex":-2,"rotation":0,"texture":"#0"},"up":{"uv":[12.5,6.5,11.75,5.75],"tintindex":-2,"rotation":0,"texture":"#0"},"down":{"uv":[12.5,6.5,11.75,7.25],"tintindex":-2,"rotation":0,"texture":"#0"}}}],"display":{"gui":{"rotation":[30,225,0]}}}