{"textures":{"0":"modelengine:entity/nm_antelope_texture"},"elements":[{"from":[6.0,6.0,3.0],"to":[10.0,16.0,9.0],"faces":{"east":{"uv":[7.5,0.0,9.0,2.5],"tintindex":-2,"rotation":0,"texture":"#0"},"south":{"uv":[8.5,6.0,9.5,8.5],"tintindex":-2,"rotation":0,"texture":"#0"},"north":{"uv":[7.5,6.0,8.5,8.5],"tintindex":-2,"rotation":0,"texture":"#0"},"west":{"uv":[2.5,7.5,4.0,10.0],"tintindex":-2,"rotation":0,"texture":"#0"},"up":{"uv":[11.25,6.0,10.25,4.5],"tintindex":-2,"rotation":0,"texture":"#0"},"down":{"uv":[11.25,6.0,10.25,7.5],"tintindex":-2,"rotation":0,"texture":"#0"}}},{"from":[6.0,16.0,3.0],"to":[10.0,18.0,8.0],"faces":{"east":{"uv":[11.5,0.0,12.75,0.5],"tintindex":-2,"rotation":0,"texture":"#0"},"south":{"uv":[3.75,12.0,4.75,12.5],"tintindex":-2,"rotation":0,"texture":"#0"},"north":{"uv":[12.0,3.25,13.0,3.75],"tintindex":-2,"rotation":0,"texture":"#0"},"west":{"uv":[11.5,0.5,12.75,1.0],"tintindex":-2,"rotation":0,"texture":"#0"},"up":{"uv":[11.5,1.25,10.5,0.0],"tintindex":-2,"rotation":0,"texture":"#0"},"down":{"uv":[11.5,7.5,10.5,8.75],"tintindex":-2,"rotation":0,"texture":"#0"}}}],"display":{"gui":{"rotation":[30,225,0]}}}