{"textures":{"0":"modelengine:entity/nm_antelope_texture"},"elements":[{"from":[3.0,-0.063072205,0.71171],"to":[13.0,9.936928,20.71171],"faces":{"east":{"uv":[0.0,0.0,5.0,2.5],"tintindex":-2,"rotation":0,"texture":"#0"},"south":{"uv":[5.0,5.0,7.5,7.5],"tintindex":-2,"rotation":0,"texture":"#0"},"north":{"uv":[2.5,5.0,5.0,7.5],"tintindex":-2,"rotation":0,"texture":"#0"},"west":{"uv":[0.0,2.5,5.0,5.0],"tintindex":-2,"rotation":0,"texture":"#0"},"up":{"uv":[2.5,10.0,0.0,5.0],"tintindex":-2,"rotation":0,"texture":"#0"},"down":{"uv":[7.5,0.0,5.0,5.0],"tintindex":-2,"rotation":0,"texture":"#0"}}}],"display":{"gui":{"rotation":[30,225,0]}}}