{"textures":{"0":"modelengine:entity/nm_antelope_texture"},"elements":[{"from":[6.5,-2.0,6.5],"to":[9.5,10.0,9.5],"faces":{"east":{"uv":[7.0,10.0,7.75,13.0],"tintindex":-2,"rotation":0,"texture":"#0"},"south":{"uv":[7.75,10.0,8.5,13.0],"tintindex":-2,"rotation":0,"texture":"#0"},"north":{"uv":[3.0,10.0,3.75,13.0],"tintindex":-2,"rotation":0,"texture":"#0"},"west":{"uv":[10.25,1.5,11.0,4.5],"tintindex":-2,"rotation":0,"texture":"#0"},"up":{"uv":[12.75,2.5,12.0,1.75],"tintindex":-2,"rotation":0,"texture":"#0"},"down":{"uv":[12.75,2.5,12.0,3.25],"tintindex":-2,"rotation":0,"texture":"#0"}}}],"display":{"gui":{"rotation":[30,225,0]}}}