{"textures":{"0":"modelengine:entity/nm_antelope_texture"},"elements":[{"from":[7.3889856,7.6258545,6.8284273],"to":[9.388986,11.6258545,8.828427],"faces":{"east":{"uv":[10.25,11.5,10.75,12.5],"tintindex":-2,"rotation":0,"texture":"#0"},"south":{"uv":[8.5,11.75,9.0,12.75],"tintindex":-2,"rotation":0,"texture":"#0"},"north":{"uv":[9.0,1.5,9.5,2.5],"tintindex":-2,"rotation":0,"texture":"#0"},"west":{"uv":[4.75,12.0,5.25,13.0],"tintindex":-2,"rotation":0,"texture":"#0"},"up":{"uv":[6.0,9.5,5.5,9.0],"tintindex":-2,"rotation":0,"texture":"#0"},"down":{"uv":[7.5,9.5,7.0,10.0],"tintindex":-2,"rotation":0,"texture":"#0"}}},{"from":[5.3889856,9.6258545,6.8284273],"to":[7.3889856,11.6258545,8.828427],"faces":{"east":{"uv":[3.75,12.5,4.25,13.0],"tintindex":-2,"rotation":0,"texture":"#0"},"south":{"uv":[4.25,12.5,4.75,13.0],"tintindex":-2,"rotation":0,"texture":"#0"},"north":{"uv":[9.5,12.0,10.0,12.5],"tintindex":-2,"rotation":0,"texture":"#0"},"west":{"uv":[12.5,6.0,13.0,6.5],"tintindex":-2,"rotation":0,"texture":"#0"},"up":{"uv":[13.0,7.0,12.5,6.5],"tintindex":-2,"rotation":0,"texture":"#0"},"down":{"uv":[13.0,7.0,12.5,7.5],"tintindex":-2,"rotation":0,"texture":"#0"}}},{"from":[7.4139853,3.65098,3.9393396],"to":[9.363985,9.650978,5.9393396],"faces":{"east":{"uv":[11.25,4.25,11.75,5.75],"tintindex":-2,"rotation":0,"texture":"#0"},"south":{"uv":[11.25,5.75,11.75,7.25],"tintindex":-2,"rotation":0,"texture":"#0"},"north":{"uv":[11.0,2.75,11.5,4.25],"tintindex":-2,"rotation":0,"texture":"#0"},"west":{"uv":[10.75,11.25,11.25,12.75],"tintindex":-2,"rotation":0,"texture":"#0"},"up":{"uv":[13.0,8.0,12.5,7.5],"tintindex":-2,"rotation":0,"texture":"#0"},"down":{"uv":[13.0,8.0,12.5,8.5],"tintindex":-2,"rotation":0,"texture":"#0"}},"rotation":{"origin":[8.388986,5.15098,4.9393396],"angle":45.0,"axis":"x"}},{"from":[7.3889856,2.7974262,3.1715727],"to":[9.388986,4.797426,5.1715727],"faces":{"east":{"uv":[12.5,9.0,13.0,9.5],"tintindex":-2,"rotation":0,"texture":"#0"},"south":{"uv":[9.5,12.5,10.0,13.0],"tintindex":-2,"rotation":0,"texture":"#0"},"north":{"uv":[12.5,8.5,13.0,9.0],"tintindex":-2,"rotation":0,"texture":"#0"},"west":{"uv":[12.5,9.5,13.0,10.0],"tintindex":-2,"rotation":0,"texture":"#0"},"up":{"uv":[10.5,13.0,10.0,12.5],"tintindex":-2,"rotation":0,"texture":"#0"},"down":{"uv":[13.0,10.0,12.5,10.5],"tintindex":-2,"rotation":0,"texture":"#0"}}}],"display":{"gui":{"rotation":[30,225,0]}}}