{"textures":{"0":"modelengine:entity/nm_antelope_texture"},"elements":[{"from":[6.5,-2.0,6.5000005],"to":[9.5,10.0,9.5],"faces":{"east":{"uv":[5.5,9.5,6.25,12.5],"tintindex":-2,"rotation":0,"texture":"#0"},"south":{"uv":[6.25,9.5,7.0,12.5],"tintindex":-2,"rotation":0,"texture":"#0"},"north":{"uv":[9.5,4.5,10.25,7.5],"tintindex":-2,"rotation":0,"texture":"#0"},"west":{"uv":[9.75,7.5,10.5,10.5],"tintindex":-2,"rotation":0,"texture":"#0"},"up":{"uv":[12.5,11.0,11.75,10.25],"tintindex":-2,"rotation":0,"texture":"#0"},"down":{"uv":[12.5,11.0,11.75,11.75],"tintindex":-2,"rotation":0,"texture":"#0"}}}],"display":{"gui":{"rotation":[30,225,0]}}}