{"textures":{"0":"modelengine:entity/nm_antelope_texture"},"elements":[{"from":[7.0,2.0771494,7.798951],"to":[9.0,9.077148,8.798951],"faces":{"east":{"uv":[3.75,10.0,4.0,11.75],"tintindex":-2,"rotation":0,"texture":"#0"},"south":{"uv":[8.5,10.0,9.0,11.75],"tintindex":-2,"rotation":0,"texture":"#0"},"north":{"uv":[9.0,4.0,9.5,5.75],"tintindex":-2,"rotation":0,"texture":"#0"},"west":{"uv":[5.25,12.0,5.5,13.75],"tintindex":-2,"rotation":0,"texture":"#0"},"up":{"uv":[9.5,6.0,9.0,5.75],"tintindex":-2,"rotation":0,"texture":"#0"},"down":{"uv":[11.0,1.25,10.5,1.5],"tintindex":-2,"rotation":0,"texture":"#0"}}}],"display":{"gui":{"rotation":[30,225,0]}}}