{"textures":{"0":"modelengine:entity/hummingbirdred"},"elements":[{"from":[9.0,6.0,10.0],"to":[10.0,7.0,12.0],"faces":{"east":{"uv":[2.0,9.0,3.0,9.5],"tintindex":0,"rotation":0,"texture":"#0"},"south":{"uv":[4.5,9.0,5.0,9.5],"tintindex":0,"rotation":0,"texture":"#0"},"north":{"uv":[3.0,9.0,3.5,9.5],"tintindex":0,"rotation":0,"texture":"#0"},"west":{"uv":[3.5,9.0,4.5,9.5],"tintindex":0,"rotation":0,"texture":"#0"},"up":{"uv":[3.5,9.0,3.0,8.0],"tintindex":0,"rotation":0,"texture":"#0"},"down":{"uv":[4.0,8.0,3.5,9.0],"tintindex":0,"rotation":0,"texture":"#0"}}},{"from":[8.0,6.0,6.0],"to":[9.0,7.0,7.0],"faces":{"east":{"uv":[0.0,9.5,0.5,10.0],"tintindex":0,"rotation":0,"texture":"#0"},"south":{"uv":[1.5,9.5,2.0,10.0],"tintindex":0,"rotation":0,"texture":"#0"},"north":{"uv":[0.5,9.5,1.0,10.0],"tintindex":0,"rotation":0,"texture":"#0"},"west":{"uv":[1.0,9.5,1.5,10.0],"tintindex":0,"rotation":0,"texture":"#0"},"up":{"uv":[1.0,9.5,0.5,9.0],"tintindex":0,"rotation":0,"texture":"#0"},"down":{"uv":[1.5,9.0,1.0,9.5],"tintindex":0,"rotation":0,"texture":"#0"}}},{"from":[7.0,6.0,7.0],"to":[10.0,7.0,10.0],"faces":{"east":{"uv":[5.0,1.5,6.5,2.0],"tintindex":0,"rotation":0,"texture":"#0"},"south":{"uv":[9.5,1.5,11.0,2.0],"tintindex":0,"rotation":0,"texture":"#0"},"north":{"uv":[6.5,1.5,8.0,2.0],"tintindex":0,"rotation":0,"texture":"#0"},"west":{"uv":[8.0,1.5,9.5,2.0],"tintindex":0,"rotation":0,"texture":"#0"},"up":{"uv":[8.0,1.5,6.5,0.0],"tintindex":0,"rotation":0,"texture":"#0"},"down":{"uv":[9.5,0.0,8.0,1.5],"tintindex":0,"rotation":0,"texture":"#0"}}},{"from":[8.0,6.0,10.0],"to":[9.0,7.0,13.0],"faces":{"east":{"uv":[7.0,8.5,8.5,9.0],"tintindex":0,"rotation":0,"texture":"#0"},"south":{"uv":[10.5,8.5,11.0,9.0],"tintindex":0,"rotation":0,"texture":"#0"},"north":{"uv":[8.5,8.5,9.0,9.0],"tintindex":0,"rotation":0,"texture":"#0"},"west":{"uv":[9.0,8.5,10.5,9.0],"tintindex":0,"rotation":0,"texture":"#0"},"up":{"uv":[9.0,8.5,8.5,7.0],"tintindex":0,"rotation":0,"texture":"#0"},"down":{"uv":[9.5,7.0,9.0,8.5],"tintindex":0,"rotation":0,"texture":"#0"}}},{"from":[7.0,7.0,6.0],"to":[10.0,8.0,10.0],"faces":{"east":{"uv":[0.0,4.5,2.0,5.0],"tintindex":0,"rotation":0,"texture":"#0"},"south":{"uv":[5.5,4.5,7.0,5.0],"tintindex":0,"rotation":0,"texture":"#0"},"north":{"uv":[2.0,4.5,3.5,5.0],"tintindex":0,"rotation":0,"texture":"#0"},"west":{"uv":[3.5,4.5,5.5,5.0],"tintindex":0,"rotation":0,"texture":"#0"},"up":{"uv":[3.5,4.5,2.0,2.5],"tintindex":0,"rotation":0,"texture":"#0"},"down":{"uv":[5.0,2.5,3.5,4.5],"tintindex":0,"rotation":0,"texture":"#0"}}},{"from":[7.0,8.0,5.0],"to":[10.0,9.0,9.0],"faces":{"east":{"uv":[0.0,2.0,2.0,2.5],"tintindex":0,"rotation":0,"texture":"#0"},"south":{"uv":[5.5,2.0,7.0,2.5],"tintindex":0,"rotation":0,"texture":"#0"},"north":{"uv":[2.0,2.0,3.5,2.5],"tintindex":0,"rotation":0,"texture":"#0"},"west":{"uv":[3.5,2.0,5.5,2.5],"tintindex":0,"rotation":0,"texture":"#0"},"up":{"uv":[3.5,2.0,2.0,0.0],"tintindex":0,"rotation":0,"texture":"#0"},"down":{"uv":[5.0,0.0,3.5,2.0],"tintindex":0,"rotation":0,"texture":"#0"}}},{"from":[9.0,5.0,8.0],"to":[10.0,6.0,9.0],"faces":{"east":{"uv":[9.0,9.5,9.5,10.0],"tintindex":0,"rotation":0,"texture":"#0"},"south":{"uv":[10.5,9.5,11.0,10.0],"tintindex":0,"rotation":0,"texture":"#0"},"north":{"uv":[9.5,9.5,10.0,10.0],"tintindex":0,"rotation":0,"texture":"#0"},"west":{"uv":[10.0,9.5,10.5,10.0],"tintindex":0,"rotation":0,"texture":"#0"},"up":{"uv":[10.0,9.5,9.5,9.0],"tintindex":0,"rotation":0,"texture":"#0"},"down":{"uv":[10.5,9.0,10.0,9.5],"tintindex":0,"rotation":0,"texture":"#0"}}},{"from":[8.0,7.0,5.0],"to":[9.0,8.0,6.0],"faces":{"east":{"uv":[6.5,5.0,7.0,5.5],"tintindex":0,"rotation":0,"texture":"#0"},"south":{"uv":[8.0,5.0,8.5,5.5],"tintindex":0,"rotation":0,"texture":"#0"},"north":{"uv":[7.0,5.0,7.5,5.5],"tintindex":0,"rotation":0,"texture":"#0"},"west":{"uv":[7.5,5.0,8.0,5.5],"tintindex":0,"rotation":0,"texture":"#0"},"up":{"uv":[7.5,5.0,7.0,4.5],"tintindex":0,"rotation":0,"texture":"#0"},"down":{"uv":[8.0,4.5,7.5,5.0],"tintindex":0,"rotation":0,"texture":"#0"}}},{"from":[7.0,5.0,8.0],"to":[8.0,6.0,9.0],"faces":{"east":{"uv":[7.0,9.5,7.5,10.0],"tintindex":0,"rotation":0,"texture":"#0"},"south":{"uv":[8.5,9.5,9.0,10.0],"tintindex":0,"rotation":0,"texture":"#0"},"north":{"uv":[7.5,9.5,8.0,10.0],"tintindex":0,"rotation":0,"texture":"#0"},"west":{"uv":[8.0,9.5,8.5,10.0],"tintindex":0,"rotation":0,"texture":"#0"},"up":{"uv":[8.0,9.5,7.5,9.0],"tintindex":0,"rotation":0,"texture":"#0"},"down":{"uv":[8.5,9.0,8.0,9.5],"tintindex":0,"rotation":0,"texture":"#0"}}},{"from":[7.0,6.0,10.0],"to":[8.0,7.0,12.0],"faces":{"east":{"uv":[8.0,3.0,9.0,3.5],"tintindex":0,"rotation":0,"texture":"#0"},"south":{"uv":[10.5,3.0,11.0,3.5],"tintindex":0,"rotation":0,"texture":"#0"},"north":{"uv":[9.0,3.0,9.5,3.5],"tintindex":0,"rotation":0,"texture":"#0"},"west":{"uv":[9.5,3.0,10.5,3.5],"tintindex":0,"rotation":0,"texture":"#0"},"up":{"uv":[9.5,3.0,9.0,2.0],"tintindex":0,"rotation":0,"texture":"#0"},"down":{"uv":[10.0,2.0,9.5,3.0],"tintindex":0,"rotation":0,"texture":"#0"}}},{"from":[8.0,7.0,10.0],"to":[9.0,8.0,12.0],"faces":{"east":{"uv":[4.0,9.5,5.0,10.0],"tintindex":0,"rotation":0,"texture":"#0"},"south":{"uv":[6.5,9.5,7.0,10.0],"tintindex":0,"rotation":0,"texture":"#0"},"north":{"uv":[5.0,9.5,5.5,10.0],"tintindex":0,"rotation":0,"texture":"#0"},"west":{"uv":[5.5,9.5,6.5,10.0],"tintindex":0,"rotation":0,"texture":"#0"},"up":{"uv":[5.5,9.5,5.0,8.5],"tintindex":0,"rotation":0,"texture":"#0"},"down":{"uv":[6.0,8.5,5.5,9.5],"tintindex":0,"rotation":0,"texture":"#0"}}},{"from":[8.0,8.0,9.0],"to":[9.0,9.0,10.0],"faces":{"east":{"uv":[4.5,5.5,5.0,6.0],"tintindex":0,"rotation":0,"texture":"#0"},"south":{"uv":[6.0,5.5,6.5,6.0],"tintindex":0,"rotation":0,"texture":"#0"},"north":{"uv":[5.0,5.5,5.5,6.0],"tintindex":0,"rotation":0,"texture":"#0"},"west":{"uv":[5.5,5.5,6.0,6.0],"tintindex":0,"rotation":0,"texture":"#0"},"up":{"uv":[5.5,5.5,5.0,5.0],"tintindex":0,"rotation":0,"texture":"#0"},"down":{"uv":[6.0,5.0,5.5,5.5],"tintindex":0,"rotation":0,"texture":"#0"}}}],"display":{"gui":{"rotation":[30,225,0]}}}