{"textures":{"0":"modelengine:entity/hummingbirdred"},"elements":[{"from":[7.0,7.0,5.0],"to":[10.0,9.0,8.0],"faces":{"east":{"uv":[0.0,6.5,1.5,7.5],"tintindex":0,"rotation":0,"texture":"#0"},"south":{"uv":[4.5,6.5,6.0,7.5],"tintindex":0,"rotation":0,"texture":"#0"},"north":{"uv":[1.5,6.5,3.0,7.5],"tintindex":0,"rotation":0,"texture":"#0"},"west":{"uv":[3.0,6.5,4.5,7.5],"tintindex":0,"rotation":0,"texture":"#0"},"up":{"uv":[3.0,6.5,1.5,5.0],"tintindex":0,"rotation":0,"texture":"#0"},"down":{"uv":[4.5,5.0,3.0,6.5],"tintindex":0,"rotation":0,"texture":"#0"}}},{"from":[8.0,8.0,8.0],"to":[9.0,9.0,9.0],"faces":{"east":{"uv":[5.0,3.0,5.5,3.5],"tintindex":0,"rotation":0,"texture":"#0"},"south":{"uv":[6.5,3.0,7.0,3.5],"tintindex":0,"rotation":0,"texture":"#0"},"north":{"uv":[5.5,3.0,6.0,3.5],"tintindex":0,"rotation":0,"texture":"#0"},"west":{"uv":[6.0,3.0,6.5,3.5],"tintindex":0,"rotation":0,"texture":"#0"},"up":{"uv":[6.0,3.0,5.5,2.5],"tintindex":0,"rotation":0,"texture":"#0"},"down":{"uv":[6.5,2.5,6.0,3.0],"tintindex":0,"rotation":0,"texture":"#0"}}},{"from":[7.0,7.0,8.0],"to":[8.0,8.0,9.0],"faces":{"east":{"uv":[0.0,3.0,0.5,3.5],"tintindex":0,"rotation":0,"texture":"#0"},"south":{"uv":[1.5,3.0,2.0,3.5],"tintindex":0,"rotation":0,"texture":"#0"},"north":{"uv":[0.5,3.0,1.0,3.5],"tintindex":0,"rotation":0,"texture":"#0"},"west":{"uv":[1.0,3.0,1.5,3.5],"tintindex":0,"rotation":0,"texture":"#0"},"up":{"uv":[1.0,3.0,0.5,2.5],"tintindex":0,"rotation":0,"texture":"#0"},"down":{"uv":[1.5,2.5,1.0,3.0],"tintindex":0,"rotation":0,"texture":"#0"}}},{"from":[9.0,7.0,8.0],"to":[10.0,8.0,9.0],"faces":{"east":{"uv":[0.0,4.0,0.5,4.5],"tintindex":0,"rotation":0,"texture":"#0"},"south":{"uv":[1.5,4.0,2.0,4.5],"tintindex":0,"rotation":0,"texture":"#0"},"north":{"uv":[0.5,4.0,1.0,4.5],"tintindex":0,"rotation":0,"texture":"#0"},"west":{"uv":[1.0,4.0,1.5,4.5],"tintindex":0,"rotation":0,"texture":"#0"},"up":{"uv":[1.0,4.0,0.5,3.5],"tintindex":0,"rotation":0,"texture":"#0"},"down":{"uv":[1.5,3.5,1.0,4.0],"tintindex":0,"rotation":0,"texture":"#0"}}},{"from":[8.0,7.0,2.0],"to":[9.0,8.0,5.0],"faces":{"east":{"uv":[7.0,6.0,8.5,6.5],"tintindex":0,"rotation":0,"texture":"#0"},"south":{"uv":[10.5,6.0,11.0,6.5],"tintindex":0,"rotation":0,"texture":"#0"},"north":{"uv":[8.5,6.0,9.0,6.5],"tintindex":0,"rotation":0,"texture":"#0"},"west":{"uv":[9.0,6.0,10.5,6.5],"tintindex":0,"rotation":0,"texture":"#0"},"up":{"uv":[9.0,6.0,8.5,4.5],"tintindex":0,"rotation":0,"texture":"#0"},"down":{"uv":[9.5,4.5,9.0,6.0],"tintindex":0,"rotation":0,"texture":"#0"}}},{"from":[8.0,7.0,8.0],"to":[9.0,8.0,10.0],"faces":{"east":{"uv":[0.0,8.5,1.0,9.0],"tintindex":0,"rotation":0,"texture":"#0"},"south":{"uv":[2.5,8.5,3.0,9.0],"tintindex":0,"rotation":0,"texture":"#0"},"north":{"uv":[1.0,8.5,1.5,9.0],"tintindex":0,"rotation":0,"texture":"#0"},"west":{"uv":[1.5,8.5,2.5,9.0],"tintindex":0,"rotation":0,"texture":"#0"},"up":{"uv":[1.5,8.5,1.0,7.5],"tintindex":0,"rotation":0,"texture":"#0"},"down":{"uv":[2.0,7.5,1.5,8.5],"tintindex":0,"rotation":0,"texture":"#0"}}}],"display":{"gui":{"rotation":[30,225,0]}}}