{"textures":{"0":"modelengine:entity/hummingbirdred"},"elements":[{"from":[7.0,7.0,11.0],"to":[8.0,8.0,12.0],"faces":{"east":{"uv":[0.0,0.5,0.5,1.0],"tintindex":0,"rotation":0,"texture":"#0"},"south":{"uv":[1.5,0.5,2.0,1.0],"tintindex":0,"rotation":0,"texture":"#0"},"north":{"uv":[0.5,0.5,1.0,1.0],"tintindex":0,"rotation":0,"texture":"#0"},"west":{"uv":[1.0,0.5,1.5,1.0],"tintindex":0,"rotation":0,"texture":"#0"},"up":{"uv":[1.0,0.5,0.5,0.0],"tintindex":0,"rotation":0,"texture":"#0"},"down":{"uv":[1.5,0.0,1.0,0.5],"tintindex":0,"rotation":0,"texture":"#0"}}},{"from":[7.0,7.0,8.0],"to":[8.0,9.0,11.0],"faces":{"east":{"uv":[5.5,3.5,7.0,4.5],"tintindex":0,"rotation":0,"texture":"#0"},"south":{"uv":[9.0,3.5,9.5,4.5],"tintindex":0,"rotation":0,"texture":"#0"},"north":{"uv":[7.0,3.5,7.5,4.5],"tintindex":0,"rotation":0,"texture":"#0"},"west":{"uv":[7.5,3.5,9.0,4.5],"tintindex":0,"rotation":0,"texture":"#0"},"up":{"uv":[7.5,3.5,7.0,2.0],"tintindex":0,"rotation":0,"texture":"#0"},"down":{"uv":[8.0,2.0,7.5,3.5],"tintindex":0,"rotation":0,"texture":"#0"}}}],"display":{"gui":{"rotation":[30,225,0]}}}