{"textures":{"0":"modelengine:entity/hummingbirdred"},"elements":[{"from":[8.0,7.0,8.0],"to":[9.0,9.0,11.0],"faces":{"east":{"uv":[4.5,7.5,6.0,8.5],"tintindex":0,"rotation":0,"texture":"#0"},"south":{"uv":[8.0,7.5,8.5,8.5],"tintindex":0,"rotation":0,"texture":"#0"},"north":{"uv":[6.0,7.5,6.5,8.5],"tintindex":0,"rotation":0,"texture":"#0"},"west":{"uv":[6.5,7.5,8.0,8.5],"tintindex":0,"rotation":0,"texture":"#0"},"up":{"uv":[6.5,7.5,6.0,6.0],"tintindex":0,"rotation":0,"texture":"#0"},"down":{"uv":[7.0,6.0,6.5,7.5],"tintindex":0,"rotation":0,"texture":"#0"}}},{"from":[8.0,7.0,11.0],"to":[9.0,8.0,12.0],"faces":{"east":{"uv":[0.0,1.5,0.5,2.0],"tintindex":0,"rotation":0,"texture":"#0"},"south":{"uv":[1.5,1.5,2.0,2.0],"tintindex":0,"rotation":0,"texture":"#0"},"north":{"uv":[0.5,1.5,1.0,2.0],"tintindex":0,"rotation":0,"texture":"#0"},"west":{"uv":[1.0,1.5,1.5,2.0],"tintindex":0,"rotation":0,"texture":"#0"},"up":{"uv":[1.0,1.5,0.5,1.0],"tintindex":0,"rotation":0,"texture":"#0"},"down":{"uv":[1.5,1.0,1.0,1.5],"tintindex":0,"rotation":0,"texture":"#0"}}}],"display":{"gui":{"rotation":[30,225,0]}}}