{"textures":{"0":"modelengine:entity/iron_swords"},"elements":[{"from":[7.74,6.365,3.6149998],"to":[8.26,7.885,5.135],"faces":{"east":{"uv":[14.5,1.0,16.0,2.5],"tintindex":-2,"rotation":0,"texture":"#0"},"south":{"uv":[14.0,1.0,14.5,2.5],"tintindex":-2,"rotation":0,"texture":"#0"},"north":{"uv":[14.5,0.5,16.0,1.0],"tintindex":-2,"rotation":90,"texture":"#0"},"west":{"uv":[14.5,1.0,16.0,2.5],"tintindex":-2,"rotation":0,"texture":"#0"},"up":{"uv":[14.5,0.5,16.0,1.0],"tintindex":-2,"rotation":90,"texture":"#0"},"down":{"uv":[14.0,1.0,14.5,2.5],"tintindex":-2,"rotation":180,"texture":"#0"}},"rotation":{"origin":[8.0,6.7,4.55],"angle":-22.5,"axis":"x"}},{"from":[7.5,4.025,7.9],"to":[8.5,4.525,10.9],"faces":{"east":{"uv":[13.0,5.0,16.0,5.5],"tintindex":-2,"rotation":0,"texture":"#0"},"south":{"uv":[16.0,3.5,15.0,4.0],"tintindex":-2,"rotation":0,"texture":"#0"},"north":{"uv":[15.5,3.5,14.5,4.0],"tintindex":-2,"rotation":0,"texture":"#0"},"west":{"uv":[16.0,5.0,13.0,5.5],"tintindex":-2,"rotation":0,"texture":"#0"},"up":{"uv":[16.0,4.5,13.0,3.5],"tintindex":-2,"rotation":90,"texture":"#0"},"down":{"uv":[13.0,5.5,16.0,6.5],"tintindex":-2,"rotation":90,"texture":"#0"}},"rotation":{"origin":[8.0,4.85,7.5],"angle":-45.0,"axis":"x"}},{"from":[7.495,4.87,7.995],"to":[8.505,5.88,9.505],"faces":{"east":{"uv":[14.5,4.5,16.0,5.5],"tintindex":-2,"rotation":0,"texture":"#0"},"south":{"uv":[16.0,3.5,15.0,4.5],"tintindex":-2,"rotation":0,"texture":"#0"},"north":{"uv":[15.5,3.5,14.5,4.5],"tintindex":-2,"rotation":0,"texture":"#0"},"west":{"uv":[16.0,4.5,14.5,5.5],"tintindex":-2,"rotation":0,"texture":"#0"},"up":{"uv":[16.0,4.5,14.5,3.5],"tintindex":-2,"rotation":90,"texture":"#0"},"down":{"uv":[14.5,5.5,16.0,6.5],"tintindex":-2,"rotation":90,"texture":"#0"}},"rotation":{"origin":[8.0,4.85,7.5],"angle":-22.5,"axis":"x"}},{"from":[7.495,5.995,7.245],"to":[8.505,9.505,7.755],"faces":{"east":{"uv":[14.0,3.5,14.5,7.0],"tintindex":-2,"rotation":0,"texture":"#0"},"south":{"uv":[14.5,3.5,16.0,5.0],"tintindex":-2,"rotation":90,"texture":"#0"},"north":{"uv":[14.0,3.5,14.5,7.0],"tintindex":-2,"rotation":0,"texture":"#0"},"west":{"uv":[14.0,3.5,14.5,7.0],"tintindex":-2,"rotation":0,"texture":"#0"},"up":{"uv":[14.5,3.5,16.0,5.0],"tintindex":-2,"rotation":270,"texture":"#0"},"down":{"uv":[14.0,5.0,15.0,5.5],"tintindex":-2,"rotation":0,"texture":"#0"}}},{"from":[7.505,5.08,9.505],"to":[8.495,5.57,9.995],"faces":{"east":{"uv":[14.0,5.0,15.0,5.5],"tintindex":-2,"rotation":0,"texture":"#0"},"south":{"uv":[15.5,3.5,14.5,4.0],"tintindex":-2,"rotation":0,"texture":"#0"},"north":{"uv":[15.0,3.5,14.0,4.0],"tintindex":-2,"rotation":0,"texture":"#0"},"west":{"uv":[15.0,5.0,14.0,5.5],"tintindex":-2,"rotation":0,"texture":"#0"},"up":{"uv":[15.0,4.5,14.0,3.5],"tintindex":-2,"rotation":90,"texture":"#0"},"down":{"uv":[14.0,5.5,15.0,6.5],"tintindex":-2,"rotation":90,"texture":"#0"}},"rotation":{"origin":[8.0,4.85,7.5],"angle":-22.5,"axis":"x"}},{"from":[7.505,5.08,5.005],"to":[8.495,5.57,5.495],"faces":{"east":{"uv":[15.0,5.0,14.0,5.5],"tintindex":-2,"rotation":0,"texture":"#0"},"south":{"uv":[14.0,3.5,15.0,4.0],"tintindex":-2,"rotation":0,"texture":"#0"},"north":{"uv":[14.5,3.5,15.5,4.0],"tintindex":-2,"rotation":0,"texture":"#0"},"west":{"uv":[14.0,5.0,15.0,5.5],"tintindex":-2,"rotation":0,"texture":"#0"},"up":{"uv":[14.0,4.5,15.0,3.5],"tintindex":-2,"rotation":90,"texture":"#0"},"down":{"uv":[15.0,5.5,14.0,6.5],"tintindex":-2,"rotation":90,"texture":"#0"}},"rotation":{"origin":[8.0,4.85,7.5],"angle":22.5,"axis":"x"}},{"from":[7.74,6.365,9.865],"to":[8.26,7.885,11.385],"faces":{"east":{"uv":[16.0,1.0,14.5,2.5],"tintindex":-2,"rotation":0,"texture":"#0"},"south":{"uv":[14.5,1.0,16.0,0.5],"tintindex":-2,"rotation":90,"texture":"#0"},"north":{"uv":[14.5,1.0,14.0,2.5],"tintindex":-2,"rotation":0,"texture":"#0"},"west":{"uv":[16.0,1.0,14.5,2.5],"tintindex":-2,"rotation":0,"texture":"#0"},"up":{"uv":[16.0,0.5,14.5,1.0],"tintindex":-2,"rotation":90,"texture":"#0"},"down":{"uv":[14.0,2.5,14.5,1.0],"tintindex":-2,"rotation":180,"texture":"#0"}},"rotation":{"origin":[8.0,6.7,10.45],"angle":22.5,"axis":"x"}},{"from":[7.745,5.87,6.745],"to":[8.255,6.5,8.255],"faces":{"east":{"uv":[1.5,15.58,0.0,16.0],"tintindex":-2,"rotation":0,"texture":"#0"},"south":{"uv":[1.0,15.58,1.5,16.0],"tintindex":-2,"rotation":0,"texture":"#0"},"north":{"uv":[0.0,15.58,0.5,16.0],"tintindex":-2,"rotation":0,"texture":"#0"},"west":{"uv":[0.0,15.58,1.5,16.0],"tintindex":-2,"rotation":0,"texture":"#0"}}},{"from":[7.5,-0.35000038,7.0],"to":[8.5,0.1500001,8.0],"faces":{"east":{"uv":[14.5,13.0,13.5,13.5],"tintindex":-2,"rotation":0,"texture":"#0"},"south":{"uv":[13.5,13.0,14.5,13.5],"tintindex":-2,"rotation":0,"texture":"#0"},"north":{"uv":[13.5,13.0,14.5,13.5],"tintindex":-2,"rotation":0,"texture":"#0"},"west":{"uv":[13.5,13.0,14.5,13.5],"tintindex":-2,"rotation":0,"texture":"#0"},"up":{"uv":[13.5,5.5,14.5,6.5],"tintindex":-2,"rotation":0,"texture":"#0"}}},{"from":[7.745,6.37,6.745],"to":[8.255,22.499998,8.255],"faces":{"east":{"uv":[1.5,0.0,0.0,16.0],"tintindex":-2,"rotation":0,"texture":"#0"},"south":{"uv":[1.0,0.0,1.5,16.0],"tintindex":-2,"rotation":0,"texture":"#0"},"north":{"uv":[0.0,0.0,0.5,16.0],"tintindex":-2,"rotation":0,"texture":"#0"},"west":{"uv":[0.0,0.0,1.5,16.0],"tintindex":-2,"rotation":0,"texture":"#0"},"up":{"uv":[0.0,0.0,0.5,1.5],"tintindex":-2,"rotation":0,"texture":"#0"}}},{"from":[7.495,0.9949999,1.895],"to":[8.505,2.005,2.9050002],"faces":{"east":{"uv":[14.5,5.5,15.5,6.5],"tintindex":-2,"rotation":0,"texture":"#0"},"south":{"uv":[14.5,3.5,16.0,4.5],"tintindex":-2,"rotation":90,"texture":"#0"},"north":{"uv":[14.5,7.0,15.5,8.0],"tintindex":-2,"rotation":0,"texture":"#0"},"west":{"uv":[14.5,5.5,15.5,6.5],"tintindex":-2,"rotation":90,"texture":"#0"},"up":{"uv":[14.5,4.5,16.0,3.5],"tintindex":-2,"rotation":270,"texture":"#0"},"down":{"uv":[14.5,7.0,15.5,8.0],"tintindex":-2,"rotation":0,"texture":"#0"}},"rotation":{"origin":[8.0,6.6,7.5],"angle":-45.0,"axis":"x"}},{"from":[7.55,0.14999962,7.05],"to":[8.45,4.55,7.95],"faces":{"east":{"uv":[14.5,8.5,13.5,13.0],"tintindex":-2,"rotation":0,"texture":"#0"},"south":{"uv":[13.5,8.5,14.5,13.0],"tintindex":-2,"rotation":0,"texture":"#0"},"north":{"uv":[13.5,8.5,14.5,13.0],"tintindex":-2,"rotation":0,"texture":"#0"},"west":{"uv":[13.5,8.5,14.5,13.0],"tintindex":-2,"rotation":0,"texture":"#0"}}},{"from":[7.495,4.87,5.495],"to":[8.505,5.88,7.005],"faces":{"east":{"uv":[16.0,4.5,14.5,5.5],"tintindex":-2,"rotation":0,"texture":"#0"},"south":{"uv":[14.5,3.5,15.5,4.5],"tintindex":-2,"rotation":0,"texture":"#0"},"north":{"uv":[15.0,3.5,16.0,4.5],"tintindex":-2,"rotation":0,"texture":"#0"},"west":{"uv":[14.5,4.5,16.0,5.5],"tintindex":-2,"rotation":0,"texture":"#0"},"up":{"uv":[14.5,4.5,16.0,3.5],"tintindex":-2,"rotation":90,"texture":"#0"},"down":{"uv":[16.0,5.5,14.5,6.5],"tintindex":-2,"rotation":90,"texture":"#0"}},"rotation":{"origin":[8.0,4.85,7.5],"angle":22.5,"axis":"x"}},{"from":[7.5,4.025,4.1],"to":[8.5,4.525,7.1],"faces":{"east":{"uv":[16.0,5.0,13.0,5.5],"tintindex":-2,"rotation":0,"texture":"#0"},"south":{"uv":[14.5,3.5,15.5,4.0],"tintindex":-2,"rotation":0,"texture":"#0"},"north":{"uv":[15.0,3.5,16.0,4.0],"tintindex":-2,"rotation":0,"texture":"#0"},"west":{"uv":[13.0,5.0,16.0,5.5],"tintindex":-2,"rotation":0,"texture":"#0"},"up":{"uv":[13.0,4.5,16.0,3.5],"tintindex":-2,"rotation":90,"texture":"#0"},"down":{"uv":[16.0,5.5,13.0,6.5],"tintindex":-2,"rotation":90,"texture":"#0"}},"rotation":{"origin":[8.0,4.85,7.5],"angle":45.0,"axis":"x"}},{"from":[7.495,5.37,9.495],"to":[8.505,5.88,11.005],"faces":{"east":{"uv":[13.0,4.5,14.0,5.0],"tintindex":-2,"rotation":0,"texture":"#0"},"south":{"uv":[15.5,3.5,14.5,4.0],"tintindex":-2,"rotation":0,"texture":"#0"},"north":{"uv":[15.0,3.5,14.0,4.0],"tintindex":-2,"rotation":0,"texture":"#0"},"west":{"uv":[14.0,4.5,13.0,5.0],"tintindex":-2,"rotation":0,"texture":"#0"},"up":{"uv":[15.0,4.5,14.0,3.5],"tintindex":-2,"rotation":90,"texture":"#0"},"down":{"uv":[14.0,5.5,15.0,6.5],"tintindex":-2,"rotation":90,"texture":"#0"}},"rotation":{"origin":[8.0,4.85,7.5],"angle":-22.5,"axis":"x"}},{"from":[7.75,21.975,6.95],"to":[8.25,23.045,8.05],"faces":{"east":{"uv":[0.95,0.0,0.0,0.97],"tintindex":-2,"rotation":0,"texture":"#0"},"north":{"uv":[0.0,1.03,0.5,2.1],"tintindex":-2,"rotation":0,"texture":"#0"},"west":{"uv":[0.0,0.0,0.95,0.97],"tintindex":-2,"rotation":0,"texture":"#0"},"up":{"uv":[0.0,0.0,0.5,1.5],"tintindex":-2,"rotation":0,"texture":"#0"}},"rotation":{"origin":[8.0,22.5,7.5],"angle":45.0,"axis":"x"}},{"from":[7.495,5.37,3.995],"to":[8.505,5.88,5.505],"faces":{"east":{"uv":[14.0,4.5,13.0,5.0],"tintindex":-2,"rotation":0,"texture":"#0"},"south":{"uv":[14.0,3.5,15.0,4.0],"tintindex":-2,"rotation":0,"texture":"#0"},"north":{"uv":[14.5,3.5,15.5,4.0],"tintindex":-2,"rotation":0,"texture":"#0"},"west":{"uv":[13.0,4.5,14.0,5.0],"tintindex":-2,"rotation":0,"texture":"#0"},"up":{"uv":[14.0,4.5,15.0,3.5],"tintindex":-2,"rotation":90,"texture":"#0"},"down":{"uv":[15.0,5.5,14.0,6.5],"tintindex":-2,"rotation":90,"texture":"#0"}},"rotation":{"origin":[8.0,4.85,7.5],"angle":22.5,"axis":"x"}},{"from":[7.49,4.69,7.19],"to":[8.51,6.26,8.76],"faces":{"east":{"uv":[14.5,8.5,16.0,10.0],"tintindex":-2,"rotation":0,"texture":"#0"},"south":{"uv":[12.95,5.0,14.5,6.0],"tintindex":-2,"rotation":90,"texture":"#0"},"north":{"uv":[14.0,7.0,15.0,8.55],"tintindex":-2,"rotation":0,"texture":"#0"},"west":{"uv":[14.5,8.5,16.0,10.0],"tintindex":-2,"rotation":90,"texture":"#0"},"up":{"uv":[12.95,5.5,14.5,6.5],"tintindex":-2,"rotation":270,"texture":"#0"},"down":{"uv":[14.0,7.0,15.0,8.55],"tintindex":-2,"rotation":0,"texture":"#0"}},"rotation":{"origin":[8.0,5.0,7.5],"angle":-45.0,"axis":"x"}},{"from":[7.5,4.55,6.65],"to":[8.5,6.0,8.4],"faces":{"east":{"uv":[15.0,5.0,16.0,6.5],"tintindex":-2,"rotation":90,"texture":"#0"},"south":{"uv":[14.5,7.5,15.5,8.5],"tintindex":-2,"rotation":90,"texture":"#0"},"north":{"uv":[14.5,7.5,15.5,8.5],"tintindex":-2,"rotation":0,"texture":"#0"},"west":{"uv":[15.0,5.0,16.0,6.5],"tintindex":-2,"rotation":90,"texture":"#0"},"up":{"uv":[14.5,3.5,16.0,5.0],"tintindex":-2,"rotation":270,"texture":"#0"},"down":{"uv":[14.0,7.0,15.0,8.5],"tintindex":-2,"rotation":0,"texture":"#0"}}}],"display":{"gui":{"rotation":[30,225,0]}}}