{"textures":{"0":"modelengine:entity/bear_black"},"elements":[{"from":[2.8786798,-5.3191204,15.616291],"to":[9.878679,3.6808796,25.616291],"faces":{"east":{"uv":[2.625,6.6875,3.25,7.25],"tintindex":0,"rotation":0,"texture":"#0"},"south":{"uv":[7.4375,0.0,7.875,0.5625],"tintindex":0,"rotation":0,"texture":"#0"},"north":{"uv":[7.375,6.4375,7.8125,7.0],"tintindex":0,"rotation":0,"texture":"#0"},"west":{"uv":[5.0625,6.75,5.6875,7.3125],"tintindex":0,"rotation":0,"texture":"#0"},"up":{"uv":[5.0,7.75,4.5625,7.125],"tintindex":0,"rotation":0,"texture":"#0"},"down":{"uv":[2.3125,7.3125,1.875,7.9375],"tintindex":0,"rotation":0,"texture":"#0"}},"rotation":{"origin":[16.87868,5.1808796,8.616291],"angle":22.5,"axis":"x"}},{"from":[1.8786798,-5.3191204,0.61629105],"to":[10.878679,12.68088,15.616291],"faces":{"east":{"uv":[4.1875,0.0,5.125,1.125],"tintindex":0,"rotation":0,"texture":"#0"},"south":{"uv":[2.0625,5.8125,2.625,6.9375],"tintindex":0,"rotation":0,"texture":"#0"},"north":{"uv":[5.375,1.75,5.9375,2.875],"tintindex":0,"rotation":0,"texture":"#0"},"west":{"uv":[4.1875,1.125,5.125,2.25],"tintindex":0,"rotation":0,"texture":"#0"},"up":{"uv":[6.3125,6.8125,5.75,5.875],"tintindex":0,"rotation":0,"texture":"#0"},"down":{"uv":[0.5625,5.9375,0.0,6.875],"tintindex":0,"rotation":0,"texture":"#0"}},"rotation":{"origin":[16.87868,5.1808796,8.616291],"angle":22.5,"axis":"x"}},{"from":[4.0000005,-1.0,15.0],"to":[4.0000005,9.0,21.0],"faces":{"east":{"uv":[8.0,0.5625,7.625,1.1875],"tintindex":0,"rotation":0,"texture":"#0"},"west":{"uv":[7.625,0.5625,8.0,1.1875],"tintindex":0,"rotation":0,"texture":"#0"}},"rotation":{"origin":[4.0000005,4.0,18.0],"angle":45.0,"axis":"y"}}],"display":{"gui":{"rotation":[30,225,0]}}}