{"textures":{"0":"modelengine:entity/bear_black"},"elements":[{"from":[3.727188,10.425505,-6.146742],"to":[12.767187,21.725506,2.8932576],"faces":{"east":{"uv":[8.25,5.375,9.25,6.625],"tintindex":-2,"rotation":0,"texture":"#0"},"south":{"uv":[7.875,1.5,8.875,2.75],"tintindex":-2,"rotation":0,"texture":"#0"},"north":{"uv":[7.875,1.5,8.875,2.75],"tintindex":-2,"rotation":0,"texture":"#0"},"west":{"uv":[8.25,5.375,9.25,6.625],"tintindex":-2,"rotation":0,"texture":"#0"},"up":{"uv":[10.0,2.5,9.0,1.5],"tintindex":-2,"rotation":0,"texture":"#0"},"down":{"uv":[6.875,9.125,5.875,10.125],"tintindex":-2,"rotation":0,"texture":"#0"}},"rotation":{"origin":[18.417187,3.0119953,-11.718149],"angle":45.0,"axis":"x"}}],"display":{"gui":{"rotation":[30,225,0]}}}