{"textures":{"0":"modelengine:entity/bear_black"},"elements":[{"from":[8.0,-1.0,-2.0],"to":[8.0,5.0,3.0],"faces":{"east":{"uv":[8.125,6.3125,7.8125,6.6875],"tintindex":0,"rotation":0,"texture":"#0"},"west":{"uv":[7.8125,6.3125,8.125,6.6875],"tintindex":0,"rotation":0,"texture":"#0"}}},{"from":[5.0,-1.0,-2.0],"to":[5.0,5.0,3.0],"faces":{"east":{"uv":[8.125,6.3125,7.8125,6.6875],"tintindex":0,"rotation":0,"texture":"#0"},"west":{"uv":[7.8125,6.3125,8.125,6.6875],"tintindex":0,"rotation":0,"texture":"#0"}},"rotation":{"origin":[5.0,2.0,0.5],"angle":22.5,"axis":"y"}},{"from":[11.0,-1.0,-2.0],"to":[11.0,5.0,3.0],"faces":{"east":{"uv":[8.125,6.3125,7.8125,6.6875],"tintindex":0,"rotation":0,"texture":"#0"},"west":{"uv":[7.8125,6.3125,8.125,6.6875],"tintindex":0,"rotation":0,"texture":"#0"}},"rotation":{"origin":[11.5,2.0,0.5],"angle":-22.5,"axis":"y"}},{"from":[2.5,2.0,0.0],"to":[13.5,8.0,10.0],"faces":{"east":{"uv":[7.5625,1.4375,8.1875,1.8125],"tintindex":0,"rotation":0,"texture":"#0"},"south":{"uv":[7.3125,3.9375,8.0,4.3125],"tintindex":0,"rotation":0,"texture":"#0"},"north":{"uv":[7.3125,3.5625,8.0,3.9375],"tintindex":0,"rotation":0,"texture":"#0"},"west":{"uv":[7.5625,5.0625,8.1875,5.4375],"tintindex":0,"rotation":0,"texture":"#0"},"up":{"uv":[6.8125,4.5,6.125,3.875],"tintindex":0,"rotation":0,"texture":"#0"},"down":{"uv":[6.875,5.125,6.1875,5.75],"tintindex":0,"rotation":0,"texture":"#0"}}},{"from":[2.5,5.8786798,-5.12132],"to":[13.5,5.8786798,0.8786802],"faces":{"up":{"uv":[7.6875,5.0625,7.0,4.6875],"tintindex":0,"rotation":0,"texture":"#0"},"down":{"uv":[7.6875,4.6875,7.0,5.0625],"tintindex":0,"rotation":0,"texture":"#0"}},"rotation":{"origin":[8.0,5.8786798,-2.1213198],"angle":-45.0,"axis":"x"}}],"display":{"gui":{"rotation":[30,225,0]}}}