{"textures":{"0":"modelengine:entity/bear_black"},"elements":[{"from":[6.267767,-5.0,6.767767],"to":[6.267767,8.0,11.767767],"faces":{"east":{"uv":[4.25,7.375,3.9375,8.1875],"tintindex":0,"rotation":0,"texture":"#0"},"west":{"uv":[3.9375,7.375,4.25,8.1875],"tintindex":0,"rotation":0,"texture":"#0"}},"rotation":{"origin":[6.267767,1.5,9.267767],"angle":45.0,"axis":"y"}},{"from":[4.5,-5.0,-1.5],"to":[11.5,8.0,7.5],"faces":{"east":{"uv":[3.3125,6.1875,3.875,7.0],"tintindex":0,"rotation":0,"texture":"#0"},"south":{"uv":[6.3125,6.5625,6.75,7.375],"tintindex":0,"rotation":0,"texture":"#0"},"north":{"uv":[4.625,6.3125,5.0625,7.125],"tintindex":0,"rotation":0,"texture":"#0"},"west":{"uv":[6.25,0.0,6.8125,0.8125],"tintindex":0,"rotation":0,"texture":"#0"},"up":{"uv":[7.9375,2.5,7.5,1.9375],"tintindex":0,"rotation":0,"texture":"#0"},"down":{"uv":[6.125,7.5,5.6875,8.0625],"tintindex":0,"rotation":0,"texture":"#0"}}}],"display":{"gui":{"rotation":[30,225,0]}}}