{"textures":{"0":"modelengine:entity/bear_black"},"elements":[{"from":[8.0,-2.0,2.5],"to":[14.0,8.0,13.5],"faces":{"east":{"uv":[6.25,0.8125,6.9375,1.4375],"tintindex":0,"rotation":0,"texture":"#0"},"south":{"uv":[0.375,7.6875,0.75,8.3125],"tintindex":0,"rotation":0,"texture":"#0"},"north":{"uv":[6.6875,7.625,7.0625,8.25],"tintindex":0,"rotation":0,"texture":"#0"},"west":{"uv":[1.3125,6.3125,2.0,6.9375],"tintindex":0,"rotation":0,"texture":"#0"},"up":{"uv":[7.6875,7.8125,7.3125,7.125],"tintindex":0,"rotation":0,"texture":"#0"},"down":{"uv":[1.4375,7.375,1.0625,8.0625],"tintindex":0,"rotation":0,"texture":"#0"}}},{"from":[11.0,-4.0,10.5],"to":[17.0,1.0,10.5],"faces":{"south":{"uv":[8.0,0.5,8.375,0.8125],"tintindex":0,"rotation":0,"texture":"#0"},"north":{"uv":[8.375,0.5,8.0,0.8125],"tintindex":0,"rotation":0,"texture":"#0"}},"rotation":{"origin":[14.0,-1.5,10.5],"angle":-22.5,"axis":"x"}},{"from":[11.0,-4.0,7.5],"to":[17.0,1.0,7.5],"faces":{"south":{"uv":[8.0,0.5,8.375,0.8125],"tintindex":0,"rotation":0,"texture":"#0"},"north":{"uv":[8.375,0.5,8.0,0.8125],"tintindex":0,"rotation":0,"texture":"#0"}}},{"from":[10.12132,-7.1213207,2.5],"to":[10.12132,-1.1213207,13.5],"faces":{"east":{"uv":[8.0,5.5625,7.3125,5.9375],"tintindex":0,"rotation":0,"texture":"#0"},"west":{"uv":[7.3125,5.5625,8.0,5.9375],"tintindex":0,"rotation":0,"texture":"#0"}},"rotation":{"origin":[10.12132,-4.1213207,8.0],"angle":45.0,"axis":"z"}},{"from":[11.0,-4.0,4.5],"to":[17.0,1.0,4.5],"faces":{"south":{"uv":[8.0,0.5,8.375,0.8125],"tintindex":0,"rotation":0,"texture":"#0"},"north":{"uv":[8.375,0.5,8.0,0.8125],"tintindex":0,"rotation":0,"texture":"#0"}},"rotation":{"origin":[14.0,-1.5,4.5],"angle":22.5,"axis":"x"}}],"display":{"gui":{"rotation":[30,225,0]}}}