{"textures":{"0":"modelengine:entity/bear_black"},"elements":[{"from":[-0.8393917,-0.5,12.233578],"to":[-0.8393917,16.5,19.233578],"faces":{"east":{"uv":[6.5625,2.8125,6.125,3.875],"tintindex":0,"rotation":0,"texture":"#0"},"west":{"uv":[6.125,2.8125,6.5625,3.875],"tintindex":0,"rotation":0,"texture":"#0"}},"rotation":{"origin":[-0.8393917,8.0,15.733578],"angle":-22.5,"axis":"y"}},{"from":[0.5,-0.5,-1.5],"to":[11.5,16.5,12.5],"faces":{"east":{"uv":[3.5,5.125,4.375,6.1875],"tintindex":0,"rotation":0,"texture":"#0"},"south":{"uv":[4.375,5.25,5.0625,6.3125],"tintindex":0,"rotation":0,"texture":"#0"},"north":{"uv":[1.375,5.25,2.0625,6.3125],"tintindex":0,"rotation":0,"texture":"#0"},"west":{"uv":[5.25,3.4375,6.125,4.5],"tintindex":0,"rotation":0,"texture":"#0"},"up":{"uv":[3.3125,6.6875,2.625,5.8125],"tintindex":0,"rotation":0,"texture":"#0"},"down":{"uv":[5.75,5.875,5.0625,6.75],"tintindex":0,"rotation":0,"texture":"#0"}}},{"from":[3.6819801,-8.5,11.18198],"to":[3.6819801,-0.5,20.18198],"faces":{"east":{"uv":[3.1875,7.25,2.625,7.75],"tintindex":0,"rotation":0,"texture":"#0"},"west":{"uv":[2.625,7.25,3.1875,7.75],"tintindex":0,"rotation":0,"texture":"#0"}},"rotation":{"origin":[3.6819801,-5.0,15.68198],"angle":45.0,"axis":"y"}},{"from":[0.5,-8.5,1.5],"to":[9.5,-0.5,12.5],"faces":{"east":{"uv":[6.875,1.4375,7.5625,1.9375],"tintindex":0,"rotation":0,"texture":"#0"},"south":{"uv":[6.75,7.125,7.3125,7.625],"tintindex":0,"rotation":0,"texture":"#0"},"north":{"uv":[7.125,2.6875,7.6875,3.1875],"tintindex":0,"rotation":0,"texture":"#0"},"west":{"uv":[3.875,6.875,4.5625,7.375],"tintindex":0,"rotation":0,"texture":"#0"},"up":{"uv":[7.125,2.9375,6.5625,2.25],"tintindex":0,"rotation":0,"texture":"#0"},"down":{"uv":[7.125,2.9375,6.5625,3.625],"tintindex":0,"rotation":0,"texture":"#0"}}}],"display":{"gui":{"rotation":[30,225,0]}}}