{"textures":{"0":"modelengine:entity/bear_black"},"elements":[{"from":[4.045,2.4038162,5.7314095],"to":[11.955,9.183817,12.51141],"faces":{"east":{"uv":[5.875,10.25,6.625,11.0],"tintindex":-2,"rotation":0,"texture":"#0"},"south":{"uv":[0.0,9.625,0.875,10.375],"tintindex":-2,"rotation":0,"texture":"#0"},"north":{"uv":[0.0,9.625,0.875,10.375],"tintindex":-2,"rotation":0,"texture":"#0"},"west":{"uv":[5.875,10.25,6.625,11.0],"tintindex":-2,"rotation":0,"texture":"#0"},"up":{"uv":[10.875,5.0,10.0,4.25],"tintindex":-2,"rotation":0,"texture":"#0"},"down":{"uv":[11.0,1.125,10.125,1.875],"tintindex":-2,"rotation":0,"texture":"#0"}},"rotation":{"origin":[16.44675,11.359445,6.371511],"angle":22.5,"axis":"x"}}],"display":{"gui":{"rotation":[30,225,0]}}}