{"textures":{"0":"modelengine:entity/bear_black"},"elements":[{"from":[4.5,-5.0,-1.5],"to":[11.5,8.0,7.5],"faces":{"east":{"uv":[6.8125,0.0,6.25,0.8125],"tintindex":0,"rotation":0,"texture":"#0"},"south":{"uv":[6.75,6.5625,6.3125,7.375],"tintindex":0,"rotation":0,"texture":"#0"},"north":{"uv":[5.0625,6.3125,4.625,7.125],"tintindex":0,"rotation":0,"texture":"#0"},"west":{"uv":[3.875,6.1875,3.3125,7.0],"tintindex":0,"rotation":0,"texture":"#0"},"up":{"uv":[7.5,2.5,7.9375,1.9375],"tintindex":0,"rotation":0,"texture":"#0"},"down":{"uv":[5.6875,7.5,6.125,8.0625],"tintindex":0,"rotation":0,"texture":"#0"}}},{"from":[9.732233,-5.0,6.767767],"to":[9.732233,8.0,11.767767],"faces":{"east":{"uv":[4.25,7.375,3.9375,8.1875],"tintindex":0,"rotation":0,"texture":"#0"},"west":{"uv":[3.9375,7.375,4.25,8.1875],"tintindex":0,"rotation":0,"texture":"#0"}},"rotation":{"origin":[9.732233,1.5,9.267767],"angle":-45.0,"axis":"y"}}],"display":{"gui":{"rotation":[30,225,0]}}}