{"textures":{"0":"modelengine:entity/bear_black"},"elements":[{"from":[4.045,10.179664,4.6378736],"to":[11.955,16.959663,10.287873],"faces":{"east":{"uv":[9.0,10.25,9.625,11.0],"tintindex":-2,"rotation":0,"texture":"#0"},"south":{"uv":[2.0,10.25,2.875,11.0],"tintindex":-2,"rotation":0,"texture":"#0"},"north":{"uv":[2.0,10.25,2.875,11.0],"tintindex":-2,"rotation":0,"texture":"#0"},"west":{"uv":[9.0,10.25,9.625,11.0],"tintindex":-2,"rotation":0,"texture":"#0"},"up":{"uv":[8.0,6.0,7.125,5.375],"tintindex":-2,"rotation":0,"texture":"#0"},"down":{"uv":[8.875,10.25,8.0,10.875],"tintindex":-2,"rotation":0,"texture":"#0"}},"rotation":{"origin":[18.678501,12.070968,-13.007196],"angle":22.5,"axis":"x"}}],"display":{"gui":{"rotation":[30,225,0]}}}