{"textures":{"4":"modelengine:entity/kpack_knight_horse_black"},"elements":[{"from":[6.0,4.0,8.0],"to":[10.0,8.0,12.0],"faces":{"east":{"uv":[1.625,11.625,2.125,12.125],"tintindex":-2,"rotation":0,"texture":"#4"},"south":{"uv":[11.625,3.25,12.125,3.75],"tintindex":-2,"rotation":0,"texture":"#4"},"north":{"uv":[11.625,0.0,12.125,0.5],"tintindex":-2,"rotation":0,"texture":"#4"},"west":{"uv":[11.625,3.75,12.125,4.25],"tintindex":-2,"rotation":0,"texture":"#4"},"up":{"uv":[12.125,4.75,11.625,4.25],"tintindex":-2,"rotation":0,"texture":"#4"},"down":{"uv":[12.25,2.5,11.75,3.0],"tintindex":-2,"rotation":0,"texture":"#4"}}}],"display":{"gui":{"rotation":[30,225,0]}}}