{"textures":{"0":"modelengine:entity/kpack_knight_parts"},"elements":[{"from":[8.125,5.5,-6.25],"to":[8.125,10.5,0.25],"faces":{"east":{"uv":[1.875,0.0,3.5,1.25],"tintindex":-2,"rotation":0,"texture":"#0"},"west":{"uv":[1.875,1.25,3.5,2.5],"tintindex":-2,"rotation":0,"texture":"#0"}}},{"from":[7.875,7.5,-3.25],"to":[8.625,8.5,13.25],"faces":{"east":{"uv":[4.5,0.0,8.625,0.25],"tintindex":-2,"rotation":0,"texture":"#0"},"south":{"uv":[3.5,6.75,3.75,7.0],"tintindex":-2,"rotation":0,"texture":"#0"},"north":{"uv":[1.625,6.0,1.875,6.25],"tintindex":-2,"rotation":0,"texture":"#0"},"west":{"uv":[4.5,0.25,8.625,0.5],"tintindex":-2,"rotation":0,"texture":"#0"},"up":{"uv":[3.125,8.25,2.875,4.125],"tintindex":-2,"rotation":0,"texture":"#0"},"down":{"uv":[0.25,4.625,0.0,8.75],"tintindex":-2,"rotation":0,"texture":"#0"}}}],"display":{"gui":{"rotation":[30,225,0]}}}