{"textures":{"0":"modelengine:entity/iron_swords"},"elements":[{"from":[6.49,12.99,4.99],"to":[9.51,13.51,9.01],"faces":{"east":{"uv":[7.0,8.5,5.0,10.0],"tintindex":-2,"rotation":0,"texture":"#0"},"south":{"uv":[6.5,8.5,8.0,10.0],"tintindex":-2,"rotation":0,"texture":"#0"},"north":{"uv":[4.0,8.5,5.5,10.0],"tintindex":-2,"rotation":0,"texture":"#0"},"west":{"uv":[5.0,8.5,7.0,10.0],"tintindex":-2,"rotation":0,"texture":"#0"},"up":{"uv":[4.5,7.5,6.5,9.0],"tintindex":-2,"rotation":90,"texture":"#0"},"down":{"uv":[7.0,0.0,8.5,2.0],"tintindex":-2,"rotation":180,"texture":"#0"}}},{"from":[7.49,13.44,5.49],"to":[8.51,17.0,8.51],"faces":{"east":{"uv":[3.0,3.5,1.5,13.495],"tintindex":-2,"rotation":0,"texture":"#0"},"south":{"uv":[2.5,3.5,3.0,13.495],"tintindex":-2,"rotation":0,"texture":"#0"},"north":{"uv":[1.5,3.5,2.0,13.495],"tintindex":-2,"rotation":0,"texture":"#0"},"west":{"uv":[1.5,3.5,3.0,13.495],"tintindex":-2,"rotation":0,"texture":"#0"},"up":{"uv":[0.0,0.0,0.5,1.5],"tintindex":-2,"rotation":0,"texture":"#0"}}},{"from":[6.49,10.889999,4.99],"to":[9.51,11.610001,9.01],"faces":{"east":{"uv":[14.0,0.0,12.0,2.0],"tintindex":-2,"rotation":0,"texture":"#0"},"south":{"uv":[14.0,5.0,16.0,6.5],"tintindex":-2,"rotation":90,"texture":"#0"},"north":{"uv":[14.0,3.5,16.0,5.0],"tintindex":-2,"rotation":90,"texture":"#0"},"west":{"uv":[12.0,0.0,14.0,2.0],"tintindex":-2,"rotation":0,"texture":"#0"},"up":{"uv":[4.5,7.5,6.5,9.0],"tintindex":-2,"rotation":90,"texture":"#0"},"down":{"uv":[7.0,0.0,8.5,2.0],"tintindex":-2,"rotation":180,"texture":"#0"}}},{"from":[7.5,17.0,6.35],"to":[8.5,19.11,8.49],"faces":{"east":{"uv":[0.95,0.0,0.0,0.97],"tintindex":-2,"rotation":270,"texture":"#0"},"south":{"uv":[0.0,0.0,0.5,1.5],"tintindex":-2,"rotation":0,"texture":"#0"},"west":{"uv":[0.0,0.0,0.95,0.97],"tintindex":-2,"rotation":90,"texture":"#0"},"up":{"uv":[0.0,1.03,0.5,2.1],"tintindex":-2,"rotation":180,"texture":"#0"}},"rotation":{"origin":[8.0,17.0,8.5],"angle":-45.0,"axis":"x"}},{"from":[7.0,11.6,6.0],"to":[9.0,13.0,8.0],"faces":{"east":{"uv":[16.0,10.0,15.0,14.0],"tintindex":-2,"rotation":0,"texture":"#0"},"south":{"uv":[15.0,10.0,16.0,14.0],"tintindex":-2,"rotation":0,"texture":"#0"},"north":{"uv":[15.0,10.0,16.0,14.0],"tintindex":-2,"rotation":0,"texture":"#0"},"west":{"uv":[15.0,10.0,16.0,14.0],"tintindex":-2,"rotation":0,"texture":"#0"}}}],"display":{"gui":{"rotation":[30,225,0]}}}