{"textures":{"0":"modelengine:entity/nm_snail_pink_texture"},"elements":[{"from":[7.0,6.9838,7.316269],"to":[9.0,8.9838,10.316269],"faces":{"east":{"uv":[0.0,10.0,3.0,12.0],"tintindex":-2,"rotation":0,"texture":"#0"},"south":{"uv":[5.0,11.0,7.0,13.0],"tintindex":-2,"rotation":0,"texture":"#0"},"north":{"uv":[10.0,9.0,12.0,11.0],"tintindex":-2,"rotation":0,"texture":"#0"},"west":{"uv":[10.0,0.0,13.0,2.0],"tintindex":-2,"rotation":0,"texture":"#0"},"up":{"uv":[12.0,5.0,10.0,2.0],"tintindex":-2,"rotation":0,"texture":"#0"},"down":{"uv":[5.0,10.0,3.0,13.0],"tintindex":-2,"rotation":0,"texture":"#0"}}}],"display":{"gui":{"rotation":[30,225,0]}}}