{"textures":{"0":"modelengine:entity/nm_snail_pink_texture"},"elements":[{"from":[7.025,7.0088253,4.75],"to":[8.975,8.958825,8.0],"faces":{"east":{"uv":[0.0,8.0,3.0,10.0],"tintindex":-2,"rotation":0,"texture":"#0"},"south":{"uv":[10.0,7.0,12.0,9.0],"tintindex":-2,"rotation":0,"texture":"#0"},"north":{"uv":[10.0,5.0,12.0,7.0],"tintindex":-2,"rotation":0,"texture":"#0"},"west":{"uv":[3.0,8.0,6.0,10.0],"tintindex":-2,"rotation":0,"texture":"#0"},"up":{"uv":[8.0,11.0,6.0,8.0],"tintindex":-2,"rotation":0,"texture":"#0"},"down":{"uv":[10.0,8.0,8.0,11.0],"tintindex":-2,"rotation":0,"texture":"#0"}}}],"display":{"gui":{"rotation":[30,225,0]}}}