{"textures":{"0":"modelengine:entity/nm_snail_pink_texture"},"elements":[{"from":[6.5,6.4017134,5.9804497],"to":[9.5,10.401713,9.98045],"faces":{"east":{"uv":[0.0,0.0,4.0,4.0],"tintindex":-2,"rotation":0,"texture":"#0"},"south":{"uv":[4.0,4.0,7.0,8.0],"tintindex":-2,"rotation":0,"texture":"#0"},"north":{"uv":[4.0,0.0,7.0,4.0],"tintindex":-2,"rotation":0,"texture":"#0"},"west":{"uv":[0.0,4.0,4.0,8.0],"tintindex":-2,"rotation":0,"texture":"#0"},"up":{"uv":[10.0,4.0,7.0,0.0],"tintindex":-2,"rotation":0,"texture":"#0"},"down":{"uv":[10.0,4.0,7.0,8.0],"tintindex":-2,"rotation":0,"texture":"#0"}},"rotation":{"origin":[8.0,8.151713,6.9804497],"angle":22.5,"axis":"x"}}],"display":{"gui":{"rotation":[30,225,0]}}}