{"textures":{"0":"modelengine:entity/iron_swords"},"elements":[{"from":[9.0,-7.75,7.875],"to":[10.025,-7.25,8.125],"faces":{"east":{"uv":[4.5,12.0,5.5,13.0],"tintindex":-2,"rotation":0,"texture":"#0"},"south":{"uv":[6.5,12.0,4.5,13.0],"tintindex":-2,"rotation":0,"texture":"#0"},"north":{"uv":[4.5,12.0,6.5,13.0],"tintindex":-2,"rotation":0,"texture":"#0"},"west":{"uv":[6.5,12.0,7.5,13.0],"tintindex":-2,"rotation":0,"texture":"#0"},"up":{"uv":[6.5,12.0,4.5,11.5],"tintindex":-2,"rotation":0,"texture":"#0"},"down":{"uv":[6.5,12.5,4.5,13.0],"tintindex":-2,"rotation":0,"texture":"#0"}},"rotation":{"origin":[9.0,-7.75,8.0],"angle":22.5,"axis":"z"}},{"from":[7.62,-7.9049997,7.62],"to":[8.38,-7.12,8.38],"faces":{"east":{"uv":[14.5,3.5,16.0,5.0],"tintindex":-2,"rotation":90,"texture":"#0"},"south":{"uv":[14.5,8.5,16.0,10.0],"tintindex":-2,"rotation":90,"texture":"#0"},"north":{"uv":[14.5,8.5,16.0,10.0],"tintindex":-2,"rotation":0,"texture":"#0"},"west":{"uv":[14.5,5.0,16.0,6.5],"tintindex":-2,"rotation":90,"texture":"#0"},"up":{"uv":[16.0,5.0,14.5,3.5],"tintindex":-2,"rotation":0,"texture":"#0"},"down":{"uv":[12.5,14.5,11.0,16.0],"tintindex":-2,"rotation":0,"texture":"#0"}},"rotation":{"origin":[8.0,-7.5,8.0],"angle":45.0,"axis":"z"}},{"from":[7.75,-12.475,7.75],"to":[8.25,-10.450001,8.25],"faces":{"east":{"uv":[12.5,9.5,13.5,13.5],"tintindex":-2,"rotation":0,"texture":"#0"},"south":{"uv":[12.5,9.5,13.5,13.5],"tintindex":-2,"rotation":0,"texture":"#0"},"north":{"uv":[12.5,9.5,13.5,13.5],"tintindex":-2,"rotation":0,"texture":"#0"},"west":{"uv":[12.5,9.5,13.5,13.5],"tintindex":-2,"rotation":0,"texture":"#0"},"up":{"uv":[6.0,1.0,5.0,0.0],"tintindex":-2,"rotation":0,"texture":"#0"},"down":{"uv":[13.5,13.5,12.5,14.5],"tintindex":-2,"rotation":0,"texture":"#0"}}},{"from":[6.995,-7.755,7.745],"to":[9.005,-7.245,8.255],"faces":{"east":{"uv":[4.5,14.0,5.5,15.0],"tintindex":-2,"rotation":0,"texture":"#0"},"south":{"uv":[4.5,15.0,9.5,16.0],"tintindex":-2,"rotation":0,"texture":"#0"},"north":{"uv":[4.5,15.0,9.5,16.0],"tintindex":-2,"rotation":0,"texture":"#0"},"west":{"uv":[4.5,14.0,5.5,15.0],"tintindex":-2,"rotation":0,"texture":"#0"},"up":{"uv":[9.5,15.0,4.5,14.0],"tintindex":-2,"rotation":0,"texture":"#0"},"down":{"uv":[9.5,14.0,4.5,15.0],"tintindex":-2,"rotation":0,"texture":"#0"}}},{"from":[7.6225,1.9974995,7.8725],"to":[8.377501,3.0375004,8.127501],"faces":{"east":{"uv":[1.0,0.0,1.5,1.5],"tintindex":-2,"rotation":0,"texture":"#0"},"south":{"uv":[1.5,0.0,3.0,2.5],"tintindex":-2,"rotation":0,"texture":"#0"},"north":{"uv":[3.0,0.0,1.5,2.0],"tintindex":-2,"rotation":0,"texture":"#0"},"west":{"uv":[0.0,0.0,0.5,1.5],"tintindex":-2,"rotation":0,"texture":"#0"},"up":{"uv":[1.5,1.5,0.0,1.0],"tintindex":-2,"rotation":0,"texture":"#0"},"down":{"uv":[1.5,1.0,0.0,1.5],"tintindex":-2,"rotation":0,"texture":"#0"}}},{"from":[5.25,-7.0249996,7.875],"to":[5.75,-6.5,8.125],"faces":{"east":{"uv":[5.5,10.5,6.5,11.0],"tintindex":-2,"rotation":270,"texture":"#0"},"south":{"uv":[5.5,10.0,6.5,11.0],"tintindex":-2,"rotation":270,"texture":"#0"},"north":{"uv":[6.5,10.0,5.5,11.0],"tintindex":-2,"rotation":90,"texture":"#0"},"west":{"uv":[5.5,10.5,6.5,10.0],"tintindex":-2,"rotation":270,"texture":"#0"},"up":{"uv":[5.5,10.5,6.5,11.0],"tintindex":-2,"rotation":0,"texture":"#0"},"down":{"uv":[4.5,12.0,5.5,13.0],"tintindex":-2,"rotation":270,"texture":"#0"}},"rotation":{"origin":[5.5,-6.8999996,8.0],"angle":-22.5,"axis":"z"}},{"from":[7.875,-7.3575,7.855],"to":[8.14,-5.8374996,8.135],"faces":{"south":{"uv":[3.5,6.0,4.0,8.5],"tintindex":-2,"rotation":0,"texture":"#0"},"north":{"uv":[4.0,6.5,3.5,8.5],"tintindex":-2,"rotation":0,"texture":"#0"}}},{"from":[7.6225,-7.3525,7.8725],"to":[8.377501,-5.8125,8.127501],"faces":{"east":{"uv":[4.0,6.5,4.5,8.5],"tintindex":-2,"rotation":0,"texture":"#0"},"south":{"uv":[3.0,6.5,4.5,8.5],"tintindex":-2,"rotation":0,"texture":"#0"},"north":{"uv":[4.5,6.5,3.0,8.5],"tintindex":-2,"rotation":0,"texture":"#0"},"west":{"uv":[3.0,6.5,3.5,8.5],"tintindex":-2,"rotation":0,"texture":"#0"},"up":{"uv":[1.5,1.5,0.0,1.0],"tintindex":-2,"rotation":0,"texture":"#0"},"down":{"uv":[1.5,1.0,0.0,1.5],"tintindex":-2,"rotation":0,"texture":"#0"}}},{"from":[7.1575003,3.0075002,7.87],"to":[7.6925,3.5400004,8.13],"faces":{"east":{"uv":[2.0,2.5,2.5,3.5],"tintindex":-2,"rotation":0,"texture":"#0"},"south":{"uv":[2.0,2.5,3.0,3.5],"tintindex":-2,"rotation":0,"texture":"#0"},"north":{"uv":[2.0,2.5,3.0,3.5],"tintindex":-2,"rotation":0,"texture":"#0"},"west":{"uv":[2.0,2.5,2.5,3.5],"tintindex":-2,"rotation":0,"texture":"#0"},"up":{"uv":[2.5,2.5,2.0,3.5],"tintindex":-2,"rotation":90,"texture":"#0"},"down":{"uv":[2.0,3.5,2.5,2.5],"tintindex":-2,"rotation":90,"texture":"#0"}},"rotation":{"origin":[8.0,3.8500004,8.0],"angle":45.0,"axis":"z"}},{"from":[9.755,-7.3949995,7.88],"to":[10.77,-6.9049997,8.12],"faces":{"east":{"uv":[4.5,10.0,5.0,11.0],"tintindex":-2,"rotation":0,"texture":"#0"},"south":{"uv":[6.5,10.0,4.5,11.0],"tintindex":-2,"rotation":0,"texture":"#0"},"north":{"uv":[4.5,10.0,6.5,11.0],"tintindex":-2,"rotation":0,"texture":"#0"},"west":{"uv":[6.5,12.0,7.5,13.0],"tintindex":-2,"rotation":0,"texture":"#0"},"up":{"uv":[6.5,10.5,4.5,10.0],"tintindex":-2,"rotation":0,"texture":"#0"},"down":{"uv":[6.5,10.5,4.5,11.0],"tintindex":-2,"rotation":0,"texture":"#0"}}},{"from":[7.875,-5.8575,7.855],"to":[8.14,1.9800005,8.135],"faces":{"east":{"uv":[1.0,14.5,1.5,16.0],"tintindex":-2,"rotation":0,"texture":"#0"},"south":{"uv":[0.5,0.0,1.0,16.0],"tintindex":-2,"rotation":0,"texture":"#0"},"north":{"uv":[1.0,0.0,0.5,16.0],"tintindex":-2,"rotation":0,"texture":"#0"},"west":{"uv":[0.0,14.5,0.5,16.0],"tintindex":-2,"rotation":0,"texture":"#0"},"up":{"uv":[1.5,15.0,0.0,14.5],"tintindex":-2,"rotation":0,"texture":"#0"},"down":{"uv":[1.5,14.5,0.0,15.0],"tintindex":-2,"rotation":0,"texture":"#0"}}},{"from":[7.6225,-5.8525,7.8725],"to":[8.377501,2.0375004,8.127501],"faces":{"east":{"uv":[1.0,0.0,1.5,16.0],"tintindex":-2,"rotation":0,"texture":"#0"},"south":{"uv":[0.0,0.0,1.5,16.0],"tintindex":-2,"rotation":0,"texture":"#0"},"north":{"uv":[1.5,0.0,0.0,16.0],"tintindex":-2,"rotation":0,"texture":"#0"},"west":{"uv":[0.0,0.0,0.5,16.0],"tintindex":-2,"rotation":0,"texture":"#0"},"up":{"uv":[1.5,1.5,0.0,1.0],"tintindex":-2,"rotation":0,"texture":"#0"},"down":{"uv":[1.5,1.0,0.0,1.5],"tintindex":-2,"rotation":0,"texture":"#0"}}},{"from":[7.625,-12.225,7.625],"to":[8.375,-11.450001,8.375],"faces":{"east":{"uv":[12.5,14.5,14.0,16.0],"tintindex":-2,"rotation":0,"texture":"#0"},"south":{"uv":[12.5,14.5,14.0,16.0],"tintindex":-2,"rotation":0,"texture":"#0"},"north":{"uv":[12.5,14.5,14.0,16.0],"tintindex":-2,"rotation":0,"texture":"#0"},"west":{"uv":[12.5,14.5,14.0,16.0],"tintindex":-2,"rotation":0,"texture":"#0"},"up":{"uv":[11.0,16.0,9.5,14.5],"tintindex":-2,"rotation":0,"texture":"#0"},"down":{"uv":[12.5,14.5,11.0,16.0],"tintindex":-2,"rotation":0,"texture":"#0"}}},{"from":[10.25,-7.0249996,7.875],"to":[10.75,-6.5,8.125],"faces":{"east":{"uv":[5.5,10.0,6.5,10.5],"tintindex":-2,"rotation":270,"texture":"#0"},"south":{"uv":[5.5,11.0,6.5,10.0],"tintindex":-2,"rotation":270,"texture":"#0"},"north":{"uv":[6.5,11.0,5.5,10.0],"tintindex":-2,"rotation":90,"texture":"#0"},"west":{"uv":[5.5,11.0,6.5,10.5],"tintindex":-2,"rotation":270,"texture":"#0"},"up":{"uv":[6.5,10.5,5.5,11.0],"tintindex":-2,"rotation":0,"texture":"#0"},"down":{"uv":[4.5,13.0,5.5,12.0],"tintindex":-2,"rotation":270,"texture":"#0"}},"rotation":{"origin":[10.5,-6.8999996,8.0],"angle":22.5,"axis":"z"}},{"from":[5.23,-7.3949995,7.88],"to":[6.245,-6.9049997,8.12],"faces":{"east":{"uv":[6.5,12.0,7.5,13.0],"tintindex":-2,"rotation":0,"texture":"#0"},"south":{"uv":[4.5,10.0,6.5,11.0],"tintindex":-2,"rotation":0,"texture":"#0"},"north":{"uv":[6.5,10.0,4.5,11.0],"tintindex":-2,"rotation":0,"texture":"#0"},"west":{"uv":[4.5,10.0,5.0,11.0],"tintindex":-2,"rotation":0,"texture":"#0"},"up":{"uv":[4.5,10.5,6.5,10.0],"tintindex":-2,"rotation":0,"texture":"#0"},"down":{"uv":[4.5,10.5,6.5,11.0],"tintindex":-2,"rotation":0,"texture":"#0"}}},{"from":[5.975,-7.75,7.875],"to":[7.0,-7.25,8.125],"faces":{"east":{"uv":[6.5,12.0,7.5,13.0],"tintindex":-2,"rotation":0,"texture":"#0"},"south":{"uv":[4.5,12.0,6.5,13.0],"tintindex":-2,"rotation":0,"texture":"#0"},"north":{"uv":[6.5,12.0,4.5,13.0],"tintindex":-2,"rotation":0,"texture":"#0"},"west":{"uv":[4.5,12.0,5.5,13.0],"tintindex":-2,"rotation":0,"texture":"#0"},"up":{"uv":[4.5,12.0,6.5,11.5],"tintindex":-2,"rotation":0,"texture":"#0"},"down":{"uv":[4.5,12.5,6.5,13.0],"tintindex":-2,"rotation":0,"texture":"#0"}},"rotation":{"origin":[7.0,-7.75,8.0],"angle":-22.5,"axis":"z"}},{"from":[8.0625,-6.3625,7.8625],"to":[9.3375,-5.0525,8.1375],"faces":{"east":{"uv":[8.0,11.5,8.5,14.0],"tintindex":-2,"rotation":0,"texture":"#0"},"south":{"uv":[8.0,11.5,10.5,14.0],"tintindex":-2,"rotation":90,"texture":"#0"},"north":{"uv":[8.0,14.0,10.5,11.5],"tintindex":-2,"rotation":90,"texture":"#0"},"west":{"uv":[10.0,11.5,10.5,14.0],"tintindex":-2,"rotation":0,"texture":"#0"},"up":{"uv":[8.5,11.5,8.0,14.0],"tintindex":-2,"rotation":90,"texture":"#0"},"down":{"uv":[1.5,1.0,0.0,1.5],"tintindex":-2,"rotation":0,"texture":"#0"}},"rotation":{"origin":[8.0,-6.3999996,8.0],"angle":45.0,"axis":"z"}},{"from":[7.7749996,-10.450001,7.7749996],"to":[8.225,-7.75,8.225],"faces":{"east":{"uv":[4.5,0.0,5.5,5.5],"tintindex":-2,"rotation":0,"texture":"#0"},"south":{"uv":[4.5,0.0,5.5,5.5],"tintindex":-2,"rotation":0,"texture":"#0"},"north":{"uv":[5.5,0.0,4.5,5.5],"tintindex":-2,"rotation":0,"texture":"#0"},"west":{"uv":[4.5,0.0,5.5,5.5],"tintindex":-2,"rotation":0,"texture":"#0"},"up":{"uv":[5.5,5.5,4.5,4.5],"tintindex":-2,"rotation":0,"texture":"#0"},"down":{"uv":[5.5,4.5,4.5,5.5],"tintindex":-2,"rotation":0,"texture":"#0"}}}],"display":{"gui":{"rotation":[30,225,0]}}}