{"textures":{"0":"modelengine:entity/crocodile"},"elements":[{"from":[4.5,7.5,-10.090908],"to":[11.5,10.5,-1.090909],"faces":{"east":{"uv":[4.5,7.0,5.625,7.375],"tintindex":-2,"rotation":0,"texture":"#0"},"south":{"uv":[3.125,7.5,4.0,7.875],"tintindex":-2,"rotation":0,"texture":"#0"},"north":{"uv":[0.625,7.5,1.5,7.875],"tintindex":-2,"rotation":0,"texture":"#0"},"west":{"uv":[7.25,6.875,8.375,7.25],"tintindex":-2,"rotation":0,"texture":"#0"},"up":{"uv":[6.125,1.125,5.25,0.0],"tintindex":-2,"rotation":0,"texture":"#0"},"down":{"uv":[6.375,2.375,5.5,3.5],"tintindex":-2,"rotation":0,"texture":"#0"}}},{"from":[11.5,5.5,-10.090908],"to":[11.5,7.5,-1.090909],"faces":{"east":{"uv":[8.25,2.875,9.375,3.125],"tintindex":-2,"rotation":0,"texture":"#0"},"west":{"uv":[8.25,3.25,9.375,3.5],"tintindex":-2,"rotation":0,"texture":"#0"}}},{"from":[4.5,5.5,-10.090908],"to":[11.5,7.5,-10.090908],"faces":{"south":{"uv":[3.5,8.375,4.375,8.625],"tintindex":-2,"rotation":0,"texture":"#0"},"north":{"uv":[8.375,1.75,9.25,2.0],"tintindex":-2,"rotation":0,"texture":"#0"}}},{"from":[3.5,8.5,-1.090909],"to":[12.5,11.5,8.909091],"faces":{"east":{"uv":[5.875,6.875,7.125,7.25],"tintindex":-2,"rotation":0,"texture":"#0"},"south":{"uv":[7.0,7.375,8.125,7.75],"tintindex":-2,"rotation":0,"texture":"#0"},"north":{"uv":[5.75,7.375,6.875,7.75],"tintindex":-2,"rotation":0,"texture":"#0"},"west":{"uv":[3.125,7.0,4.375,7.375],"tintindex":-2,"rotation":0,"texture":"#0"},"up":{"uv":[4.875,5.0,3.75,3.75],"tintindex":-2,"rotation":0,"texture":"#0"},"down":{"uv":[5.125,0.0,4.0,1.25],"tintindex":-2,"rotation":0,"texture":"#0"}}},{"from":[4.5,10.5,-10.090908],"to":[11.5,11.5,-7.090909],"faces":{"east":{"uv":[6.625,2.125,7.0,2.25],"tintindex":-2,"rotation":0,"texture":"#0"},"south":{"uv":[6.5,5.625,7.375,5.75],"tintindex":-2,"rotation":0,"texture":"#0"},"north":{"uv":[6.5,3.375,7.375,3.5],"tintindex":-2,"rotation":0,"texture":"#0"},"west":{"uv":[7.125,2.125,7.5,2.25],"tintindex":-2,"rotation":0,"texture":"#0"},"up":{"uv":[5.0,7.875,4.125,7.5],"tintindex":-2,"rotation":0,"texture":"#0"},"down":{"uv":[8.5,0.5,7.625,0.875],"tintindex":-2,"rotation":0,"texture":"#0"}}},{"from":[4.5,5.5,-10.090908],"to":[4.5,7.5,-1.090909],"faces":{"east":{"uv":[8.25,2.125,9.375,2.375],"tintindex":-2,"rotation":0,"texture":"#0"},"west":{"uv":[8.25,2.5,9.375,2.75],"tintindex":-2,"rotation":0,"texture":"#0"}}}],"display":{"gui":{"rotation":[30,225,0]}}}