{"textures":{"0":"modelengine:entity/crocodile"},"elements":[{"from":[12.0,7.25,-10.0],"to":[12.0,9.25,0.0],"faces":{"east":{"uv":[3.625,8.0,4.875,8.25],"tintindex":-2,"rotation":0,"texture":"#0"},"west":{"uv":[0.625,8.25,1.875,8.5],"tintindex":-2,"rotation":0,"texture":"#0"}}},{"from":[3.0,4.25,-0.5],"to":[13.0,8.25,9.5],"faces":{"east":{"uv":[6.25,0.5,7.5,1.0],"tintindex":-2,"rotation":0,"texture":"#0"},"south":{"uv":[3.125,6.375,4.375,6.875],"tintindex":-2,"rotation":0,"texture":"#0"},"north":{"uv":[0.625,6.125,1.875,6.625],"tintindex":-2,"rotation":0,"texture":"#0"},"west":{"uv":[4.5,6.375,5.75,6.875],"tintindex":-2,"rotation":0,"texture":"#0"},"up":{"uv":[2.25,5.0,1.0,3.75],"tintindex":-2,"rotation":0,"texture":"#0"},"down":{"uv":[3.625,3.75,2.375,5.0],"tintindex":-2,"rotation":0,"texture":"#0"}}},{"from":[4.0,7.25,-10.0],"to":[12.0,9.25,-10.0],"faces":{"south":{"uv":[7.375,8.25,8.375,8.5],"tintindex":-2,"rotation":0,"texture":"#0"},"north":{"uv":[6.25,8.25,7.25,8.5],"tintindex":-2,"rotation":0,"texture":"#0"}}},{"from":[4.0,5.25,-10.0],"to":[12.0,7.25,0.0],"faces":{"east":{"uv":[7.125,7.875,8.375,8.125],"tintindex":-2,"rotation":0,"texture":"#0"},"south":{"uv":[8.375,0.0,9.375,0.25],"tintindex":-2,"rotation":0,"texture":"#0"},"north":{"uv":[8.25,7.375,9.25,7.625],"tintindex":-2,"rotation":0,"texture":"#0"},"west":{"uv":[2.25,8.0,3.5,8.25],"tintindex":-2,"rotation":0,"texture":"#0"},"up":{"uv":[5.0,2.625,4.0,1.375],"tintindex":-2,"rotation":0,"texture":"#0"},"down":{"uv":[6.0,3.75,5.0,5.0],"tintindex":-2,"rotation":0,"texture":"#0"}}},{"from":[4.0,7.25,-10.0],"to":[4.0,9.25,0.0],"faces":{"east":{"uv":[7.625,6.375,8.875,6.625],"tintindex":-2,"rotation":0,"texture":"#0"},"west":{"uv":[5.75,7.875,7.0,8.125],"tintindex":-2,"rotation":0,"texture":"#0"}}}],"display":{"gui":{"rotation":[30,225,0]}}}