{"textures":{"2":"modelengine:entity/crocodile_meat"},"elements":[{"from":[4.0,6.5,5.0],"to":[12.0,9.5,11.0],"faces":{"east":{"uv":[0.0,8.5,3.0,10.0],"tintindex":-2,"rotation":0,"texture":"#2"},"south":{"uv":[4.5,2.0,8.5,3.5],"tintindex":-2,"rotation":0,"texture":"#2"},"north":{"uv":[4.5,0.0,8.5,1.5],"tintindex":-2,"rotation":0,"texture":"#2"},"west":{"uv":[3.5,8.5,6.5,10.0],"tintindex":-2,"rotation":0,"texture":"#2"},"up":{"uv":[4.0,3.0,0.0,0.0],"tintindex":-2,"rotation":0,"texture":"#2"},"down":{"uv":[4.0,0.0,0.0,3.0],"tintindex":-2,"rotation":0,"texture":"#2"}}},{"from":[3.0,7.0,7.0],"to":[13.0,9.0,9.0],"faces":{"east":{"uv":[7.0,8.5,8.0,9.5],"tintindex":-2,"rotation":0,"texture":"#2"},"south":{"uv":[4.5,5.5,9.5,6.5],"tintindex":-2,"rotation":0,"texture":"#2"},"north":{"uv":[4.5,4.0,9.5,5.0],"tintindex":-2,"rotation":0,"texture":"#2"},"west":{"uv":[8.5,8.5,9.5,9.5],"tintindex":-2,"rotation":0,"texture":"#2"},"up":{"uv":[5.0,8.0,0.0,7.0],"tintindex":-2,"rotation":0,"texture":"#2"},"down":{"uv":[10.5,7.0,5.5,8.0],"tintindex":-2,"rotation":0,"texture":"#2"}}}],"display":{"gui":{"rotation":[30,225,0]}}}