{"textures":{"0":"modelengine:entity/crocodile"},"elements":[{"from":[7.1820674,4.5908694,7.4971333],"to":[10.182068,9.59087,11.497133],"faces":{"east":{"uv":[2.125,7.5,1.625,8.125],"tintindex":-2,"rotation":0,"texture":"#0"},"south":{"uv":[2.375,8.375,2.0,9.0],"tintindex":-2,"rotation":0,"texture":"#0"},"north":{"uv":[8.75,1.0,8.375,1.625],"tintindex":-2,"rotation":0,"texture":"#0"},"west":{"uv":[2.125,6.75,1.625,7.375],"tintindex":-2,"rotation":0,"texture":"#0"},"up":{"uv":[2.0,6.625,2.375,6.125],"tintindex":-2,"rotation":0,"texture":"#0"},"down":{"uv":[4.5,8.375,4.875,8.875],"tintindex":-2,"rotation":0,"texture":"#0"}},"rotation":{"origin":[8.682068,6.0908694,9.497133],"angle":-45.0,"axis":"x"}}],"display":{"gui":{"rotation":[30,225,0]}}}