{"textures":{"0":"modelengine:entity/iron_swords_2"},"elements":[{"from":[7.5,2.94,9.15],"to":[8.5,7.94,11.15],"faces":{"east":{"uv":[6.0,11.0,5.0,13.5],"tintindex":-2,"rotation":0,"texture":"#0"},"south":{"uv":[5.5,11.0,6.0,13.5],"tintindex":-2,"rotation":0,"texture":"#0"},"north":{"uv":[2.0,12.0,2.5,14.5],"tintindex":-2,"rotation":0,"texture":"#0"},"west":{"uv":[5.0,11.0,6.0,13.5],"tintindex":-2,"rotation":0,"texture":"#0"},"up":{"uv":[2.0,12.0,2.5,13.0],"tintindex":-2,"rotation":0,"texture":"#0"}},"rotation":{"origin":[8.5,3.6999998,9.55],"angle":-22.5,"axis":"x"}},{"from":[6.99,3.09,4.39],"to":[9.01,5.11,6.4100003],"faces":{"east":{"uv":[10.5,0.5,11.5,1.5],"tintindex":-2,"rotation":90,"texture":"#0"},"south":{"uv":[15.0,2.5,14.0,3.5],"tintindex":-2,"rotation":180,"texture":"#0"},"north":{"uv":[13.0,0.0,12.0,1.0],"tintindex":-2,"rotation":0,"texture":"#0"},"west":{"uv":[10.5,1.5,11.5,0.5],"tintindex":-2,"rotation":90,"texture":"#0"},"up":{"uv":[11.5,0.5,10.5,1.5],"tintindex":-2,"rotation":90,"texture":"#0"},"down":{"uv":[16.0,3.5,14.5,4.5],"tintindex":-2,"rotation":90,"texture":"#0"}},"rotation":{"origin":[8.0,3.1,4.35],"angle":-22.5,"axis":"x"}},{"from":[7.0,-7.0,7.0],"to":[9.0,1.0,9.0],"faces":{"east":{"uv":[14.0,8.0,13.0,12.0],"tintindex":-2,"rotation":0,"texture":"#0"},"south":{"uv":[13.0,8.0,14.0,12.0],"tintindex":-2,"rotation":0,"texture":"#0"},"north":{"uv":[13.0,8.0,14.0,12.0],"tintindex":-2,"rotation":0,"texture":"#0"},"west":{"uv":[13.0,8.0,14.0,12.0],"tintindex":-2,"rotation":0,"texture":"#0"}}},{"from":[7.0,1.0,6.5],"to":[9.0,4.0,8.5],"faces":{"east":{"uv":[14.0,2.5,15.5,1.5],"tintindex":-2,"rotation":90,"texture":"#0"},"south":{"uv":[15.0,1.0,16.0,2.525],"tintindex":-2,"rotation":0,"texture":"#0"},"north":{"uv":[13.975,4.5,15.5,3.5],"tintindex":-2,"rotation":90,"texture":"#0"},"west":{"uv":[14.0,1.5,15.5,2.5],"tintindex":-2,"rotation":90,"texture":"#0"}},"rotation":{"origin":[8.0,1.0,6.5],"angle":-45.0,"axis":"x"}},{"from":[7.49,20.94,7.24],"to":[8.51,24.86,9.26],"faces":{"east":{"uv":[1.0,0.0,0.0,1.0],"tintindex":-2,"rotation":0,"texture":"#0"},"south":{"uv":[1.0,0.0,1.5,1.0],"tintindex":-2,"rotation":0,"texture":"#0"},"north":{"uv":[0.0,0.0,0.5,1.0],"tintindex":-2,"rotation":0,"texture":"#0"},"west":{"uv":[0.0,0.0,1.0,1.0],"tintindex":-2,"rotation":0,"texture":"#0"},"up":{"uv":[0.0,0.0,0.5,1.0],"tintindex":-2,"rotation":0,"texture":"#0"}},"rotation":{"origin":[8.5,23.95,9.25],"angle":-22.5,"axis":"x"}},{"from":[6.9,-9.1,6.9],"to":[9.1,-6.9,9.1],"faces":{"east":{"uv":[10.0,12.5,9.0,11.5],"tintindex":-2,"rotation":0,"texture":"#0"},"south":{"uv":[9.0,12.5,10.0,11.5],"tintindex":-2,"rotation":0,"texture":"#0"},"north":{"uv":[9.0,12.5,10.0,11.5],"tintindex":-2,"rotation":0,"texture":"#0"},"west":{"uv":[9.0,12.5,10.0,11.5],"tintindex":-2,"rotation":0,"texture":"#0"},"up":{"uv":[14.5,15.5,15.5,14.5],"tintindex":-2,"rotation":90,"texture":"#0"},"down":{"uv":[9.0,11.0,10.0,12.0],"tintindex":-2,"rotation":90,"texture":"#0"}}},{"from":[7.49,16.44,7.24],"to":[8.51,21.36,9.26],"faces":{"east":{"uv":[1.0,1.0,0.0,0.0],"tintindex":-2,"rotation":0,"texture":"#0"},"south":{"uv":[1.0,1.0,1.5,0.0],"tintindex":-2,"rotation":0,"texture":"#0"},"north":{"uv":[0.0,1.0,0.5,0.0],"tintindex":-2,"rotation":0,"texture":"#0"},"west":{"uv":[0.0,1.0,1.0,0.0],"tintindex":-2,"rotation":0,"texture":"#0"},"down":{"uv":[0.0,1.0,0.5,0.0],"tintindex":-2,"rotation":0,"texture":"#0"}},"rotation":{"origin":[8.5,18.35,9.25],"angle":22.5,"axis":"x"}},{"from":[6.99,3.09,9.59],"to":[9.01,5.11,11.610001],"faces":{"east":{"uv":[10.5,1.5,11.5,0.5],"tintindex":-2,"rotation":90,"texture":"#0"},"south":{"uv":[12.0,0.0,13.0,1.0],"tintindex":-2,"rotation":0,"texture":"#0"},"north":{"uv":[14.0,2.5,15.0,3.5],"tintindex":-2,"rotation":180,"texture":"#0"},"west":{"uv":[10.5,0.5,11.5,1.5],"tintindex":-2,"rotation":90,"texture":"#0"},"up":{"uv":[10.5,0.5,11.5,1.5],"tintindex":-2,"rotation":90,"texture":"#0"},"down":{"uv":[14.5,3.5,16.0,4.5],"tintindex":-2,"rotation":90,"texture":"#0"}},"rotation":{"origin":[8.0,3.1,11.65],"angle":22.5,"axis":"x"}},{"from":[7.49,20.94,6.74],"to":[8.51,24.86,8.76],"faces":{"east":{"uv":[0.0,0.0,1.0,1.0],"tintindex":-2,"rotation":0,"texture":"#0"},"south":{"uv":[0.5,0.0,0.0,1.0],"tintindex":-2,"rotation":0,"texture":"#0"},"north":{"uv":[1.5,0.0,1.0,1.0],"tintindex":-2,"rotation":0,"texture":"#0"},"west":{"uv":[1.0,0.0,0.0,1.0],"tintindex":-2,"rotation":0,"texture":"#0"},"up":{"uv":[0.0,1.0,0.5,0.0],"tintindex":-2,"rotation":0,"texture":"#0"}},"rotation":{"origin":[8.5,23.95,6.75],"angle":22.5,"axis":"x"}},{"from":[7.49,16.44,6.74],"to":[8.51,21.36,8.76],"faces":{"east":{"uv":[0.0,1.0,1.0,0.0],"tintindex":-2,"rotation":0,"texture":"#0"},"south":{"uv":[0.5,1.0,0.0,0.0],"tintindex":-2,"rotation":0,"texture":"#0"},"north":{"uv":[1.5,1.0,1.0,0.0],"tintindex":-2,"rotation":0,"texture":"#0"},"west":{"uv":[1.0,1.0,0.0,0.0],"tintindex":-2,"rotation":0,"texture":"#0"},"down":{"uv":[0.0,0.0,0.5,1.0],"tintindex":-2,"rotation":0,"texture":"#0"}},"rotation":{"origin":[8.5,18.35,6.75],"angle":-22.5,"axis":"x"}},{"from":[7.0,1.0,7.5],"to":[9.0,4.0,9.5],"faces":{"east":{"uv":[14.0,1.5,15.5,2.5],"tintindex":-2,"rotation":90,"texture":"#0"},"south":{"uv":[13.975,3.5,15.5,4.5],"tintindex":-2,"rotation":90,"texture":"#0"},"north":{"uv":[16.0,1.0,15.0,2.525],"tintindex":-2,"rotation":0,"texture":"#0"},"west":{"uv":[14.0,2.5,15.5,1.5],"tintindex":-2,"rotation":90,"texture":"#0"}},"rotation":{"origin":[8.0,1.0,9.5],"angle":45.0,"axis":"x"}},{"from":[7.5,2.94,4.85],"to":[8.5,7.94,6.85],"faces":{"east":{"uv":[2.0,3.5,3.0,6.0],"tintindex":-2,"rotation":0,"texture":"#0"},"south":{"uv":[2.5,12.0,2.0,14.5],"tintindex":-2,"rotation":0,"texture":"#0"},"north":{"uv":[3.0,3.5,2.5,6.0],"tintindex":-2,"rotation":0,"texture":"#0"},"west":{"uv":[3.0,3.5,2.0,6.0],"tintindex":-2,"rotation":0,"texture":"#0"},"up":{"uv":[2.0,13.0,2.5,12.0],"tintindex":-2,"rotation":0,"texture":"#0"}},"rotation":{"origin":[8.5,3.6999998,6.45],"angle":22.5,"axis":"x"}},{"from":[7.48,2.92,6.48],"to":[8.52,22.960001,9.52],"faces":{"east":{"uv":[1.5,1.0,0.0,11.0],"tintindex":-2,"rotation":0,"texture":"#0"},"south":{"uv":[1.0,1.0,1.5,11.0],"tintindex":-2,"rotation":0,"texture":"#0"},"north":{"uv":[0.0,1.0,0.5,11.0],"tintindex":-2,"rotation":0,"texture":"#0"},"west":{"uv":[0.0,1.0,1.5,11.0],"tintindex":-2,"rotation":0,"texture":"#0"},"up":{"uv":[0.0,0.0,0.5,1.5],"tintindex":-2,"rotation":0,"texture":"#0"}}},{"from":[6.99,0.99,6.49],"to":[9.01,3.01,9.51],"faces":{"east":{"uv":[10.5,0.0,9.0,1.0],"tintindex":-2,"rotation":0,"texture":"#0"},"south":{"uv":[9.0,0.0,10.0,1.0],"tintindex":-2,"rotation":0,"texture":"#0"},"north":{"uv":[9.0,0.0,10.0,1.0],"tintindex":-2,"rotation":0,"texture":"#0"},"west":{"uv":[9.0,0.0,10.5,1.0],"tintindex":-2,"rotation":0,"texture":"#0"},"up":{"uv":[14.0,3.5,15.0,5.0],"tintindex":-2,"rotation":0,"texture":"#0"},"down":{"uv":[14.5,3.5,16.0,4.5],"tintindex":-2,"rotation":90,"texture":"#0"}}},{"from":[7.5,24.15,7.45],"to":[8.5,25.49,8.8],"faces":{"east":{"uv":[0.95,0.0,0.0,0.97],"tintindex":-2,"rotation":0,"texture":"#0"},"north":{"uv":[0.0,1.03,0.5,2.1],"tintindex":-2,"rotation":0,"texture":"#0"},"west":{"uv":[0.0,0.0,0.95,0.97],"tintindex":-2,"rotation":0,"texture":"#0"},"up":{"uv":[0.0,0.0,0.5,1.5],"tintindex":-2,"rotation":0,"texture":"#0"}},"rotation":{"origin":[8.0,24.95,8.0],"angle":45.0,"axis":"x"}}],"display":{"gui":{"rotation":[30,225,0]}}}