{"textures":{"0":"modelengine:entity/bear"},"elements":[{"from":[5.5,6.0,2.0],"to":[10.5,8.0,11.0],"faces":{"east":{"uv":[5.25,5.125,5.8125,5.25],"tintindex":-2,"rotation":0,"texture":"#0"},"south":{"uv":[7.375,7.0,7.6875,7.125],"tintindex":-2,"rotation":0,"texture":"#0"},"north":{"uv":[6.875,5.5625,7.1875,5.6875],"tintindex":-2,"rotation":0,"texture":"#0"},"west":{"uv":[6.8125,6.4375,7.375,6.5625],"tintindex":-2,"rotation":0,"texture":"#0"},"up":{"uv":[4.5,2.8125,4.1875,2.25],"tintindex":-2,"rotation":0,"texture":"#0"},"down":{"uv":[4.5625,7.375,4.25,7.9375],"tintindex":-2,"rotation":0,"texture":"#0"}}},{"from":[6.5,8.0,2.0],"to":[9.5,9.0,2.0],"faces":{"south":{"uv":[13.25,6.625,13.4375,6.6875],"tintindex":-2,"rotation":0,"texture":"#0"},"north":{"uv":[12.75,5.1875,12.9375,5.25],"tintindex":-2,"rotation":0,"texture":"#0"}}},{"from":[6.5,8.0,2.0],"to":[6.5,9.0,4.0],"faces":{"east":{"uv":[11.125,4.75,11.25,4.8125],"tintindex":-2,"rotation":0,"texture":"#0"},"west":{"uv":[12.6875,6.0625,12.8125,6.125],"tintindex":-2,"rotation":0,"texture":"#0"}}},{"from":[9.5,8.0,2.0],"to":[9.5,9.0,4.0],"faces":{"east":{"uv":[11.125,4.75,11.25,4.8125],"tintindex":-2,"rotation":0,"texture":"#0"},"west":{"uv":[12.6875,6.0625,12.8125,6.125],"tintindex":-2,"rotation":0,"texture":"#0"}}},{"from":[8.0,3.0,2.0],"to":[8.0,6.0,11.0],"faces":{"east":{"uv":[8.5625,1.0,8.0,1.1875],"tintindex":-2,"rotation":0,"texture":"#0"},"west":{"uv":[8.0,1.0,8.5625,1.1875],"tintindex":-2,"rotation":0,"texture":"#0"}}}],"display":{"gui":{"rotation":[30,225,0]}}}