{"textures":{"0":"modelengine:entity/bear"},"elements":[{"from":[6.0,0.5,7.0],"to":[11.0,13.5,15.0],"faces":{"east":{"uv":[6.3125,5.75,6.8125,6.5625],"tintindex":-2,"rotation":0,"texture":"#0"},"south":{"uv":[1.4375,7.375,1.75,8.1875],"tintindex":-2,"rotation":0,"texture":"#0"},"north":{"uv":[2.3125,7.3125,2.625,8.125],"tintindex":-2,"rotation":0,"texture":"#0"},"west":{"uv":[6.375,1.4375,6.875,2.25],"tintindex":-2,"rotation":0,"texture":"#0"},"up":{"uv":[1.0625,8.1875,0.75,7.6875],"tintindex":-2,"rotation":0,"texture":"#0"},"down":{"uv":[8.0,7.0,7.6875,7.5],"tintindex":-2,"rotation":0,"texture":"#0"}},"rotation":{"origin":[19.0,18.0,-2.0],"angle":22.5,"axis":"x"}}],"display":{"gui":{"rotation":[30,225,0]}}}