{"textures":{"0":"modelengine:entity/bear"},"elements":[{"from":[16.839392,-0.5,12.233578],"to":[16.839392,16.5,19.233578],"faces":{"east":{"uv":[6.5625,2.8125,6.125,3.875],"tintindex":-2,"rotation":0,"texture":"#0"},"west":{"uv":[6.125,2.8125,6.5625,3.875],"tintindex":-2,"rotation":0,"texture":"#0"}},"rotation":{"origin":[16.839392,8.0,15.733578],"angle":22.5,"axis":"y"}},{"from":[12.31802,-8.5,11.18198],"to":[12.31802,-0.5,20.18198],"faces":{"east":{"uv":[3.1875,7.25,2.625,7.75],"tintindex":-2,"rotation":0,"texture":"#0"},"west":{"uv":[2.625,7.25,3.1875,7.75],"tintindex":-2,"rotation":0,"texture":"#0"}},"rotation":{"origin":[12.31802,-5.0,15.68198],"angle":-45.0,"axis":"y"}},{"from":[6.5,-8.5,1.5],"to":[15.5,-0.5,12.5],"faces":{"east":{"uv":[4.5625,6.875,3.875,7.375],"tintindex":-2,"rotation":0,"texture":"#0"},"south":{"uv":[7.3125,7.125,6.75,7.625],"tintindex":-2,"rotation":0,"texture":"#0"},"north":{"uv":[7.6875,2.6875,7.125,3.1875],"tintindex":-2,"rotation":0,"texture":"#0"},"west":{"uv":[7.5625,1.4375,6.875,1.9375],"tintindex":-2,"rotation":0,"texture":"#0"},"up":{"uv":[6.5625,2.9375,7.125,2.25],"tintindex":-2,"rotation":0,"texture":"#0"},"down":{"uv":[6.5625,2.9375,7.125,3.625],"tintindex":-2,"rotation":0,"texture":"#0"}}},{"from":[4.5,-0.5,-1.5],"to":[15.5,16.5,12.5],"faces":{"east":{"uv":[6.125,3.4375,5.25,4.5],"tintindex":-2,"rotation":0,"texture":"#0"},"south":{"uv":[5.0625,5.25,4.375,6.3125],"tintindex":-2,"rotation":0,"texture":"#0"},"north":{"uv":[2.0625,5.25,1.375,6.3125],"tintindex":-2,"rotation":0,"texture":"#0"},"west":{"uv":[4.375,5.125,3.5,6.1875],"tintindex":-2,"rotation":0,"texture":"#0"},"up":{"uv":[2.625,6.6875,3.3125,5.8125],"tintindex":-2,"rotation":0,"texture":"#0"},"down":{"uv":[5.0625,5.875,5.75,6.75],"tintindex":-2,"rotation":0,"texture":"#0"}}}],"display":{"gui":{"rotation":[30,225,0]}}}