{"textures":{"0":"modelengine:entity/bear"},"elements":[{"from":[6.1213207,-5.3191204,15.616291],"to":[13.121321,3.6808796,25.616291],"faces":{"east":{"uv":[5.6875,6.75,5.0625,7.3125],"tintindex":-2,"rotation":0,"texture":"#0"},"south":{"uv":[7.875,0.0,7.4375,0.5625],"tintindex":-2,"rotation":0,"texture":"#0"},"north":{"uv":[7.8125,6.4375,7.375,7.0],"tintindex":-2,"rotation":0,"texture":"#0"},"west":{"uv":[3.25,6.6875,2.625,7.25],"tintindex":-2,"rotation":0,"texture":"#0"},"up":{"uv":[4.5625,7.75,5.0,7.125],"tintindex":-2,"rotation":0,"texture":"#0"},"down":{"uv":[1.875,7.3125,2.3125,7.9375],"tintindex":-2,"rotation":0,"texture":"#0"}},"rotation":{"origin":[-0.8786793,5.1808796,8.616291],"angle":22.5,"axis":"x"}},{"from":[12.0,-1.0,15.0],"to":[12.0,9.0,21.0],"faces":{"east":{"uv":[8.0,0.5625,7.625,1.1875],"tintindex":-2,"rotation":0,"texture":"#0"},"west":{"uv":[7.625,0.5625,8.0,1.1875],"tintindex":-2,"rotation":0,"texture":"#0"}},"rotation":{"origin":[12.0,4.0,18.0],"angle":-45.0,"axis":"y"}},{"from":[5.1213207,-5.3191204,0.61629105],"to":[14.121321,12.68088,15.616291],"faces":{"east":{"uv":[5.125,1.125,4.1875,2.25],"tintindex":-2,"rotation":0,"texture":"#0"},"south":{"uv":[2.625,5.8125,2.0625,6.9375],"tintindex":-2,"rotation":0,"texture":"#0"},"north":{"uv":[5.9375,1.75,5.375,2.875],"tintindex":-2,"rotation":0,"texture":"#0"},"west":{"uv":[5.125,0.0,4.1875,1.125],"tintindex":-2,"rotation":0,"texture":"#0"},"up":{"uv":[5.75,6.8125,6.3125,5.875],"tintindex":-2,"rotation":0,"texture":"#0"},"down":{"uv":[0.0,5.9375,0.5625,6.875],"tintindex":-2,"rotation":0,"texture":"#0"}},"rotation":{"origin":[-0.8786793,5.1808796,8.616291],"angle":22.5,"axis":"x"}}],"display":{"gui":{"rotation":[30,225,0]}}}