{"textures":{"0":"modelengine:entity/arrow_vanilla","1":"modelengine:entity/em_bandit_c2"},"elements":[{"from":[0.22731781,22.354462,10.5],"to":[5.227318,22.354462,15.5],"faces":{"south":{"uv":[0.0,0.0,8.0,2.5],"tintindex":0,"rotation":90,"texture":"#0"},"north":{"uv":[0.0,5.0,2.5,2.5],"tintindex":0,"rotation":90,"texture":"#0"},"up":{"uv":[0.0,5.0,2.5,2.5],"tintindex":0,"rotation":90,"texture":"#0"},"down":{"uv":[0.0,5.0,2.5,2.5],"tintindex":0,"rotation":90,"texture":"#0"}},"rotation":{"origin":[4.027318,20.354462,13.0],"angle":45.0,"axis":"z"}},{"from":[3.8743482,8.079008,10.098214],"to":[6.8743486,12.079008,11.098214],"faces":{"east":{"uv":[10.125,2.75,10.25,3.25],"tintindex":0,"rotation":0,"texture":"#1"},"south":{"uv":[9.25,8.625,9.625,9.125],"tintindex":0,"rotation":0,"texture":"#1"},"north":{"uv":[7.125,9.25,7.5,9.75],"tintindex":0,"rotation":0,"texture":"#1"},"west":{"uv":[10.125,3.375,10.25,3.875],"tintindex":0,"rotation":0,"texture":"#1"},"up":{"uv":[10.75,0.375,10.375,0.25],"tintindex":0,"rotation":0,"texture":"#1"},"down":{"uv":[0.75,10.375,0.375,10.5],"tintindex":0,"rotation":0,"texture":"#1"}}},{"from":[2.7273178,13.354462,10.5],"to":[2.7273178,23.354462,15.5],"faces":{"east":{"uv":[0.0,0.0,5.0,2.5],"tintindex":0,"rotation":90,"texture":"#0"},"west":{"uv":[0.0,2.5,5.0,0.0],"tintindex":0,"rotation":90,"texture":"#0"}},"rotation":{"origin":[4.027318,20.354462,13.0],"angle":45.0,"axis":"z"}},{"from":[4.225211,15.840446,14.0],"to":[9.225211,25.840448,14.0],"faces":{"south":{"uv":[0.0,0.0,5.0,2.5],"tintindex":0,"rotation":90,"texture":"#0"},"north":{"uv":[0.0,2.5,5.0,0.0],"tintindex":0,"rotation":90,"texture":"#0"}},"rotation":{"origin":[10.725211,19.340446,18.0],"angle":22.5,"axis":"z"}},{"from":[3.1794543,15.108184,6.0242143],"to":[8.327455,16.256184,11.1722145],"faces":{"east":{"uv":[9.875,1.625,10.5,1.75],"tintindex":0,"rotation":0,"texture":"#1"},"south":{"uv":[9.875,5.375,10.5,5.5],"tintindex":0,"rotation":0,"texture":"#1"},"north":{"uv":[9.75,9.0,10.375,9.125],"tintindex":0,"rotation":0,"texture":"#1"},"west":{"uv":[9.875,5.625,10.5,5.75],"tintindex":0,"rotation":0,"texture":"#1"},"up":{"uv":[2.75,8.0,2.125,7.375],"tintindex":0,"rotation":0,"texture":"#1"},"down":{"uv":[1.25,7.5,0.625,8.125],"tintindex":0,"rotation":0,"texture":"#1"}},"rotation":{"origin":[5.753454,15.682184,8.098214],"angle":-45.0,"axis":"z"}},{"from":[3.270364,13.879008,5.8982143],"to":[12.670363,19.279009,11.298214],"faces":{"east":{"uv":[7.5,1.5,8.125,2.125],"tintindex":0,"rotation":0,"texture":"#1"},"south":{"uv":[2.375,5.625,3.5,6.25],"tintindex":0,"rotation":0,"texture":"#1"},"north":{"uv":[5.625,1.5,6.75,2.125],"tintindex":0,"rotation":0,"texture":"#1"},"west":{"uv":[7.5,7.125,8.125,7.75],"tintindex":0,"rotation":0,"texture":"#1"},"up":{"uv":[4.75,6.25,3.625,5.625],"tintindex":0,"rotation":0,"texture":"#1"},"down":{"uv":[6.75,4.0,5.625,4.625],"tintindex":0,"rotation":0,"texture":"#1"}}},{"from":[3.002318,15.304461,13.1875],"to":[8.002318,25.30446,13.1875],"faces":{"south":{"uv":[0.0,0.0,5.0,2.5],"tintindex":0,"rotation":90,"texture":"#0"},"north":{"uv":[0.0,2.5,5.0,0.0],"tintindex":0,"rotation":90,"texture":"#0"}},"rotation":{"origin":[4.027318,20.354462,13.0],"angle":-22.5,"axis":"y"}},{"from":[5.4743485,5.766508,11.298214],"to":[10.474348,18.766508,15.298214],"faces":{"east":{"uv":[1.125,4.875,1.625,6.5],"tintindex":0,"rotation":0,"texture":"#1"},"south":{"uv":[3.0,2.5,3.625,4.125],"tintindex":0,"rotation":0,"texture":"#1"},"north":{"uv":[2.25,2.5,2.875,4.125],"tintindex":0,"rotation":0,"texture":"#1"},"west":{"uv":[1.75,5.375,2.25,7.0],"tintindex":0,"rotation":0,"texture":"#1"},"up":{"uv":[8.75,8.375,8.125,7.875],"tintindex":0,"rotation":0,"texture":"#1"},"down":{"uv":[1.25,8.25,0.625,8.75],"tintindex":0,"rotation":0,"texture":"#1"}},"rotation":{"origin":[8.374349,13.079008,12.598214],"angle":22.5,"axis":"z"}},{"from":[4.225211,24.840448,11.5],"to":[9.225211,24.840448,16.5],"faces":{"south":{"uv":[0.0,0.0,8.0,2.5],"tintindex":0,"rotation":90,"texture":"#0"},"north":{"uv":[0.0,5.0,2.5,2.5],"tintindex":0,"rotation":90,"texture":"#0"},"up":{"uv":[0.0,5.0,2.5,2.5],"tintindex":0,"rotation":90,"texture":"#0"},"down":{"uv":[0.0,5.0,2.5,2.5],"tintindex":0,"rotation":90,"texture":"#0"}},"rotation":{"origin":[10.725211,19.340446,18.0],"angle":22.5,"axis":"z"}},{"from":[3.970364,8.079008,6.098214],"to":[11.970365,13.079008,10.098214],"faces":{"east":{"uv":[7.875,5.25,8.375,5.875],"tintindex":0,"rotation":0,"texture":"#1"},"south":{"uv":[4.875,5.625,5.875,6.25],"tintindex":0,"rotation":0,"texture":"#1"},"north":{"uv":[5.625,4.75,6.625,5.375],"tintindex":0,"rotation":0,"texture":"#1"},"west":{"uv":[7.5,7.875,8.0,8.5],"tintindex":0,"rotation":0,"texture":"#1"},"up":{"uv":[7.5,7.0,6.5,6.5],"tintindex":0,"rotation":0,"texture":"#1"},"down":{"uv":[7.75,4.75,6.75,5.25],"tintindex":0,"rotation":0,"texture":"#1"}}},{"from":[0.22731781,13.354462,13.0],"to":[5.227318,23.354462,13.0],"faces":{"south":{"uv":[0.0,0.0,5.0,2.5],"tintindex":0,"rotation":90,"texture":"#0"},"north":{"uv":[0.0,2.5,5.0,0.0],"tintindex":0,"rotation":90,"texture":"#0"}},"rotation":{"origin":[4.027318,20.354462,13.0],"angle":45.0,"axis":"z"}},{"from":[3.06638,8.079008,6.098214],"to":[3.9663796,11.079008,10.098214],"faces":{"east":{"uv":[9.125,9.25,8.625,9.625],"tintindex":0,"rotation":0,"texture":"#1"},"south":{"uv":[7.5,6.0,7.375,6.375],"tintindex":0,"rotation":0,"texture":"#1"},"north":{"uv":[1.625,6.625,1.5,7.0],"tintindex":0,"rotation":0,"texture":"#1"},"west":{"uv":[9.75,8.125,9.25,8.5],"tintindex":0,"rotation":0,"texture":"#1"},"up":{"uv":[9.0,10.5,9.125,10.0],"tintindex":0,"rotation":0,"texture":"#1"},"down":{"uv":[10.125,2.125,10.25,2.625],"tintindex":0,"rotation":0,"texture":"#1"}}},{"from":[7.3043485,13.009008,9.028214],"to":[10.444348,14.149008,11.168214],"faces":{"east":{"uv":[10.375,7.0,10.625,7.125],"tintindex":0,"rotation":0,"texture":"#1"},"south":{"uv":[10.375,1.125,10.75,1.25],"tintindex":0,"rotation":0,"texture":"#1"},"north":{"uv":[10.375,0.5,10.75,0.625],"tintindex":0,"rotation":0,"texture":"#1"},"west":{"uv":[10.375,7.25,10.625,7.375],"tintindex":0,"rotation":0,"texture":"#1"},"up":{"uv":[10.25,0.25,9.875,0.0],"tintindex":0,"rotation":0,"texture":"#1"},"down":{"uv":[10.25,0.375,9.875,0.625],"tintindex":0,"rotation":0,"texture":"#1"}},"rotation":{"origin":[8.374349,13.579008,9.098214],"angle":-22.5,"axis":"z"}},{"from":[3.724348,7.929008,5.948214],"to":[12.024348,9.229008,10.248214],"faces":{"east":{"uv":[10.125,4.0,10.625,4.125],"tintindex":0,"rotation":0,"texture":"#1"},"south":{"uv":[8.125,9.75,9.125,9.875],"tintindex":0,"rotation":0,"texture":"#1"},"north":{"uv":[9.375,7.75,10.375,7.875],"tintindex":0,"rotation":0,"texture":"#1"},"west":{"uv":[10.125,4.25,10.625,4.375],"tintindex":0,"rotation":0,"texture":"#1"},"up":{"uv":[7.75,5.875,6.75,5.375],"tintindex":0,"rotation":0,"texture":"#1"},"down":{"uv":[7.875,0.0,6.875,0.5],"tintindex":0,"rotation":0,"texture":"#1"}}},{"from":[3.470364,13.079008,6.098214],"to":[12.470364,19.079008,11.098214],"faces":{"east":{"uv":[0.75,6.625,1.375,7.375],"tintindex":0,"rotation":0,"texture":"#1"},"south":{"uv":[4.875,3.125,6.0,3.875],"tintindex":0,"rotation":0,"texture":"#1"},"north":{"uv":[4.875,2.25,6.0,3.0],"tintindex":0,"rotation":0,"texture":"#1"},"west":{"uv":[6.875,0.625,7.5,1.375],"tintindex":0,"rotation":0,"texture":"#1"},"up":{"uv":[6.75,0.625,5.625,0.0],"tintindex":0,"rotation":0,"texture":"#1"},"down":{"uv":[6.75,0.75,5.625,1.375],"tintindex":0,"rotation":0,"texture":"#1"}}},{"from":[6.8743486,6.079008,6.098214],"to":[8.874349,8.079008,10.098214],"faces":{"east":{"uv":[7.625,6.75,8.125,7.0],"tintindex":0,"rotation":0,"texture":"#1"},"south":{"uv":[5.5,10.125,5.75,10.375],"tintindex":0,"rotation":0,"texture":"#1"},"north":{"uv":[10.125,5.0,10.375,5.25],"tintindex":0,"rotation":0,"texture":"#1"},"west":{"uv":[6.0,9.625,6.5,9.875],"tintindex":0,"rotation":0,"texture":"#1"},"up":{"uv":[1.0,6.5,0.75,6.0],"tintindex":0,"rotation":0,"texture":"#1"},"down":{"uv":[7.125,2.5,6.875,3.0],"tintindex":0,"rotation":0,"texture":"#1"}}},{"from":[7.3043485,13.009008,6.028214],"to":[12.444347,14.149008,10.168214],"faces":{"east":{"uv":[10.125,4.5,10.625,4.625],"tintindex":0,"rotation":0,"texture":"#1"},"south":{"uv":[6.875,4.5,7.5,4.625],"tintindex":0,"rotation":0,"texture":"#1"},"north":{"uv":[2.375,5.375,3.0,5.5],"tintindex":0,"rotation":0,"texture":"#1"},"west":{"uv":[10.125,4.75,10.625,4.875],"tintindex":0,"rotation":0,"texture":"#1"},"up":{"uv":[8.625,0.5,8.0,0.0],"tintindex":0,"rotation":0,"texture":"#1"},"down":{"uv":[3.5,8.0,2.875,8.5],"tintindex":0,"rotation":0,"texture":"#1"}},"rotation":{"origin":[8.374349,13.579008,8.098214],"angle":-22.5,"axis":"z"}},{"from":[6.725211,15.840446,11.5],"to":[6.725211,25.840448,16.5],"faces":{"east":{"uv":[0.0,0.0,5.0,2.5],"tintindex":0,"rotation":90,"texture":"#0"},"west":{"uv":[0.0,2.5,5.0,0.0],"tintindex":0,"rotation":90,"texture":"#0"}},"rotation":{"origin":[10.725211,19.340446,18.0],"angle":22.5,"axis":"z"}},{"from":[6.8743486,7.329008,5.348214],"to":[8.874349,9.329008,5.848214],"faces":{"east":{"uv":[10.375,10.0,10.5,10.25],"tintindex":0,"rotation":0,"texture":"#1"},"south":{"uv":[8.875,8.125,9.125,8.375],"tintindex":0,"rotation":0,"texture":"#1"},"north":{"uv":[6.625,8.875,6.875,9.125],"tintindex":0,"rotation":0,"texture":"#1"},"west":{"uv":[10.375,10.375,10.5,10.625],"tintindex":0,"rotation":0,"texture":"#1"},"up":{"uv":[10.625,7.625,10.375,7.5],"tintindex":0,"rotation":0,"texture":"#1"},"down":{"uv":[4.75,10.5,4.5,10.625],"tintindex":0,"rotation":0,"texture":"#1"}}}],"display":{"gui":{"rotation":[30,225,0]}}}