{"textures":{"1":"modelengine:entity/em_bandit_c2"},"elements":[{"from":[9.553,4.9672227,10.854117],"to":[10.047,6.373094,12.259988],"faces":{"east":{"uv":[10.5,9.0,10.625,9.125],"tintindex":0,"rotation":180,"texture":"#1"},"south":{"uv":[8.375,10.5,8.5,10.625],"tintindex":0,"rotation":180,"texture":"#1"},"north":{"uv":[10.5,9.25,10.625,9.375],"tintindex":0,"rotation":180,"texture":"#1"},"west":{"uv":[10.5,9.5,10.625,9.625],"tintindex":0,"rotation":180,"texture":"#1"},"up":{"uv":[0.125,10.625,0.0,10.75],"tintindex":0,"rotation":0,"texture":"#1"},"down":{"uv":[10.125,10.625,10.0,10.5],"tintindex":0,"rotation":0,"texture":"#1"}},"rotation":{"origin":[9.8,8.5,8.727211],"angle":22.5,"axis":"x"}},{"from":[6.5,-6.625,4.875],"to":[9.5,-4.625,9.875],"faces":{"east":{"uv":[9.375,7.0,10.0,7.25],"tintindex":0,"rotation":0,"texture":"#1"},"south":{"uv":[3.5,9.875,3.875,10.125],"tintindex":0,"rotation":0,"texture":"#1"},"north":{"uv":[3.0,9.875,3.375,10.125],"tintindex":0,"rotation":0,"texture":"#1"},"west":{"uv":[9.375,7.375,10.0,7.625],"tintindex":0,"rotation":0,"texture":"#1"},"up":{"uv":[9.5,2.75,9.125,2.125],"tintindex":0,"rotation":0,"texture":"#1"},"down":{"uv":[9.5,2.875,9.125,3.5],"tintindex":0,"rotation":0,"texture":"#1"}}},{"from":[9.55,4.502,7.727211],"to":[10.05,9.502001,9.727211],"faces":{"east":{"uv":[9.375,6.25,10.0,6.5],"tintindex":0,"rotation":90,"texture":"#1"},"south":{"uv":[7.0,9.875,6.875,10.5],"tintindex":0,"rotation":0,"texture":"#1"},"north":{"uv":[6.75,10.5,6.625,9.875],"tintindex":0,"rotation":180,"texture":"#1"},"west":{"uv":[9.375,6.625,10.0,6.875],"tintindex":0,"rotation":270,"texture":"#1"},"up":{"uv":[5.0,10.25,5.125,10.5],"tintindex":0,"rotation":0,"texture":"#1"},"down":{"uv":[1.125,8.875,1.25,9.125],"tintindex":0,"rotation":180,"texture":"#1"}},"rotation":{"origin":[9.8,8.5,8.727211],"angle":-22.5,"axis":"x"}},{"from":[6.505,-0.89059746,8.033281],"to":[9.495,2.0994015,10.023281],"faces":{"east":{"uv":[2.125,9.5,2.375,9.875],"tintindex":0,"rotation":0,"texture":"#1"},"south":{"uv":[9.625,4.375,10.0,4.75],"tintindex":0,"rotation":0,"texture":"#1"},"north":{"uv":[9.625,3.875,10.0,4.25],"tintindex":0,"rotation":0,"texture":"#1"},"west":{"uv":[9.875,0.75,10.125,1.125],"tintindex":0,"rotation":0,"texture":"#1"},"up":{"uv":[10.25,1.5,9.875,1.25],"tintindex":0,"rotation":0,"texture":"#1"},"down":{"uv":[2.875,9.875,2.5,10.125],"tintindex":0,"rotation":0,"texture":"#1"}},"rotation":{"origin":[8.0,1.1044021,8.778281],"angle":22.5,"axis":"x"}},{"from":[6.5,-4.625,6.375],"to":[9.5,0.375,9.375],"faces":{"east":{"uv":[6.125,8.875,6.5,9.5],"tintindex":0,"rotation":0,"texture":"#1"},"south":{"uv":[8.875,6.625,9.25,7.25],"tintindex":0,"rotation":0,"texture":"#1"},"north":{"uv":[8.875,5.875,9.25,6.5],"tintindex":0,"rotation":0,"texture":"#1"},"west":{"uv":[8.875,7.375,9.25,8.0],"tintindex":0,"rotation":0,"texture":"#1"},"up":{"uv":[10.0,3.25,9.625,2.875],"tintindex":0,"rotation":0,"texture":"#1"},"down":{"uv":[10.0,3.375,9.625,3.75],"tintindex":0,"rotation":0,"texture":"#1"}}},{"from":[9.3,9.502001,7.727211],"to":[10.3,10.502001,9.727211],"faces":{"east":{"uv":[10.375,5.875,10.5,6.125],"tintindex":0,"rotation":90,"texture":"#1"},"south":{"uv":[10.625,8.25,10.5,8.375],"tintindex":0,"rotation":0,"texture":"#1"},"north":{"uv":[8.25,10.625,8.125,10.5],"tintindex":0,"rotation":180,"texture":"#1"},"west":{"uv":[10.375,6.625,10.5,6.875],"tintindex":0,"rotation":270,"texture":"#1"},"up":{"uv":[10.375,6.25,10.5,6.5],"tintindex":0,"rotation":0,"texture":"#1"},"down":{"uv":[10.375,3.5,10.5,3.75],"tintindex":0,"rotation":180,"texture":"#1"}},"rotation":{"origin":[9.8,8.5,8.727211],"angle":-22.5,"axis":"x"}},{"from":[6.5,1.375,6.375],"to":[9.5,2.375,10.375],"faces":{"east":{"uv":[7.75,10.0,8.25,10.125],"tintindex":0,"rotation":0,"texture":"#1"},"south":{"uv":[8.125,10.25,8.5,10.375],"tintindex":0,"rotation":0,"texture":"#1"},"north":{"uv":[7.625,10.25,8.0,10.375],"tintindex":0,"rotation":0,"texture":"#1"},"west":{"uv":[8.375,10.0,8.875,10.125],"tintindex":0,"rotation":0,"texture":"#1"},"up":{"uv":[9.5,5.375,9.125,4.875],"tintindex":0,"rotation":0,"texture":"#1"},"down":{"uv":[8.5,9.125,8.125,9.625],"tintindex":0,"rotation":0,"texture":"#1"}}},{"from":[7.0,-6.2250004,3.7125],"to":[9.0,-4.2250004,5.7125],"faces":{"east":{"uv":[2.625,10.25,2.875,10.5],"tintindex":0,"rotation":0,"texture":"#1"},"south":{"uv":[3.0,10.25,3.25,10.5],"tintindex":0,"rotation":0,"texture":"#1"},"north":{"uv":[2.25,10.25,2.5,10.5],"tintindex":0,"rotation":0,"texture":"#1"},"west":{"uv":[3.375,10.25,3.625,10.5],"tintindex":0,"rotation":0,"texture":"#1"},"up":{"uv":[4.0,10.5,3.75,10.25],"tintindex":0,"rotation":0,"texture":"#1"},"down":{"uv":[4.375,10.25,4.125,10.5],"tintindex":0,"rotation":0,"texture":"#1"}},"rotation":{"origin":[8.5,-5.2250004,4.7125],"angle":22.5,"axis":"x"}},{"from":[6.47,-1.655,6.345],"to":[9.53,-0.595,9.405],"faces":{"east":{"uv":[10.375,2.125,10.75,2.25],"tintindex":0,"rotation":0,"texture":"#1"},"south":{"uv":[10.375,2.375,10.75,2.5],"tintindex":0,"rotation":0,"texture":"#1"},"north":{"uv":[10.375,1.375,10.75,1.5],"tintindex":0,"rotation":0,"texture":"#1"},"west":{"uv":[10.375,2.625,10.75,2.75],"tintindex":0,"rotation":0,"texture":"#1"},"up":{"uv":[10.0,5.25,9.625,4.875],"tintindex":0,"rotation":0,"texture":"#1"},"down":{"uv":[5.875,9.625,5.5,10.0],"tintindex":0,"rotation":0,"texture":"#1"}}},{"from":[9.3,10.502001,8.227211],"to":[10.3,14.502001,9.227211],"faces":{"east":{"uv":[0.5,10.125,1.0,10.25],"tintindex":0,"rotation":90,"texture":"#1"},"south":{"uv":[5.375,10.0,5.25,10.5],"tintindex":0,"rotation":0,"texture":"#1"},"north":{"uv":[3.0,7.875,2.875,7.375],"tintindex":0,"rotation":180,"texture":"#1"},"west":{"uv":[10.125,1.875,10.625,2.0],"tintindex":0,"rotation":270,"texture":"#1"},"up":{"uv":[2.125,7.125,2.25,7.25],"tintindex":0,"rotation":0,"texture":"#1"},"down":{"uv":[3.125,5.375,3.25,5.5],"tintindex":0,"rotation":180,"texture":"#1"}},"rotation":{"origin":[9.8,8.5,8.727211],"angle":-22.5,"axis":"x"}},{"from":[6.0,2.375,6.375],"to":[10.0,9.375,10.375],"faces":{"east":{"uv":[1.5,7.125,2.0,8.0],"tintindex":0,"rotation":0,"texture":"#1"},"south":{"uv":[5.0,7.125,5.5,8.0],"tintindex":0,"rotation":0,"texture":"#1"},"north":{"uv":[4.375,7.0,4.875,7.875],"tintindex":0,"rotation":0,"texture":"#1"},"west":{"uv":[5.625,7.125,6.125,8.0],"tintindex":0,"rotation":0,"texture":"#1"},"up":{"uv":[9.0,3.25,8.5,2.75],"tintindex":0,"rotation":0,"texture":"#1"},"down":{"uv":[9.0,3.375,8.5,3.875],"tintindex":0,"rotation":0,"texture":"#1"}}},{"from":[5.9,0.275,6.25],"to":[10.1,1.475,10.450001],"faces":{"east":{"uv":[4.0,10.0,4.5,10.125],"tintindex":0,"rotation":0,"texture":"#1"},"south":{"uv":[4.625,10.0,5.125,10.125],"tintindex":0,"rotation":0,"texture":"#1"},"north":{"uv":[1.75,10.0,2.25,10.125],"tintindex":0,"rotation":0,"texture":"#1"},"west":{"uv":[6.0,10.0,6.5,10.125],"tintindex":0,"rotation":0,"texture":"#1"},"up":{"uv":[9.0,4.5,8.5,4.0],"tintindex":0,"rotation":0,"texture":"#1"},"down":{"uv":[9.0,4.625,8.5,5.125],"tintindex":0,"rotation":0,"texture":"#1"}}}],"display":{"gui":{"rotation":[30,225,0]}}}