{"textures":{"0":"modelengine:entity/lil_bird","1":"modelengine:entity/lil_bird_flying"},"elements":[{"from":[8.885437,10.425051,6.0],"to":[11.885437,10.425051,9.0],"faces":{"up":{"uv":[0.0,6.0,3.0,3.0],"tintindex":-2,"rotation":0,"texture":"#1"},"down":{"uv":[0.0,3.0,3.0,6.0],"tintindex":-2,"rotation":0,"texture":"#1"}},"rotation":{"origin":[10.385437,10.425051,7.5],"angle":-22.5,"axis":"z"}},{"from":[7.0,10.707107,9.707107],"to":[9.0,12.707108,9.707107],"faces":{"south":{"uv":[7.0,2.0,9.0,4.0],"tintindex":-2,"rotation":0,"texture":"#0"},"north":{"uv":[7.0,0.0,9.0,2.0],"tintindex":-2,"rotation":0,"texture":"#0"}},"rotation":{"origin":[8.0,11.707107,9.707107],"angle":45.0,"axis":"x"}},{"from":[4.1145635,10.425051,6.0],"to":[7.1145635,10.425051,9.0],"faces":{"up":{"uv":[3.0,6.0,0.0,3.0],"tintindex":-2,"rotation":0,"texture":"#1"},"down":{"uv":[3.0,3.0,0.0,6.0],"tintindex":-2,"rotation":0,"texture":"#1"}},"rotation":{"origin":[5.6145635,10.425051,7.5],"angle":22.5,"axis":"z"}},{"from":[8.0,11.0,3.75],"to":[8.0,12.0,4.75],"faces":{"east":{"uv":[2.0,4.0,3.0,5.0],"tintindex":-2,"rotation":0,"texture":"#0"},"west":{"uv":[2.0,5.0,3.0,6.0],"tintindex":-2,"rotation":0,"texture":"#0"}},"rotation":{"origin":[8.0,11.0,6.5],"angle":-22.5,"axis":"x"}},{"from":[4.1141806,11.574025,6.0],"to":[7.1141806,11.574025,9.0],"faces":{"up":{"uv":[3.0,3.0,0.0,0.0],"tintindex":-2,"rotation":0,"texture":"#1"},"down":{"uv":[3.0,0.0,0.0,3.0],"tintindex":-2,"rotation":0,"texture":"#1"}},"rotation":{"origin":[5.6141806,11.574025,7.5],"angle":-22.5,"axis":"z"}},{"from":[8.885819,11.574025,6.0],"to":[11.885819,11.574025,9.0],"faces":{"up":{"uv":[0.0,3.0,3.0,0.0],"tintindex":-2,"rotation":0,"texture":"#1"},"down":{"uv":[0.0,0.0,3.0,3.0],"tintindex":-2,"rotation":0,"texture":"#1"}},"rotation":{"origin":[10.385819,11.574025,7.5],"angle":22.5,"axis":"z"}},{"from":[7.0,11.0,4.75],"to":[9.0,13.0,6.75],"faces":{"east":{"uv":[5.0,4.0,7.0,6.0],"tintindex":-2,"rotation":0,"texture":"#0"},"south":{"uv":[0.0,6.0,2.0,8.0],"tintindex":-2,"rotation":0,"texture":"#0"},"north":{"uv":[5.0,2.0,7.0,4.0],"tintindex":-2,"rotation":0,"texture":"#0"},"west":{"uv":[2.0,6.0,4.0,8.0],"tintindex":-2,"rotation":0,"texture":"#0"},"up":{"uv":[6.0,8.0,4.0,6.0],"tintindex":-2,"rotation":0,"texture":"#0"},"down":{"uv":[8.0,6.0,6.0,8.0],"tintindex":-2,"rotation":0,"texture":"#0"}},"rotation":{"origin":[8.0,11.0,6.5],"angle":-22.5,"axis":"x"}},{"from":[7.0,9.0,6.0],"to":[9.0,11.0,9.0],"faces":{"east":{"uv":[0.0,0.0,3.0,2.0],"tintindex":-2,"rotation":0,"texture":"#0"},"south":{"uv":[5.0,0.0,7.0,2.0],"tintindex":-2,"rotation":0,"texture":"#0"},"north":{"uv":[0.0,4.0,2.0,6.0],"tintindex":-2,"rotation":0,"texture":"#0"},"west":{"uv":[0.0,2.0,3.0,4.0],"tintindex":-2,"rotation":0,"texture":"#0"},"up":{"uv":[5.0,3.0,3.0,0.0],"tintindex":-2,"rotation":0,"texture":"#0"},"down":{"uv":[5.0,3.0,3.0,6.0],"tintindex":-2,"rotation":0,"texture":"#0"}}}],"display":{"gui":{"rotation":[30,225,0]}}}