{"textures":{"0":"modelengine:entity/pb_aof_pig_baby"},"elements":[{"from":[5.5,6.0,12.0],"to":[10.5,10.0,13.0],"faces":{"east":{"uv":[11.0,10.0,11.5,12.0],"tintindex":-2,"rotation":0,"texture":"#0"},"south":{"uv":[9.5,2.0,12.0,4.0],"tintindex":-2,"rotation":0,"texture":"#0"},"north":{"uv":[9.5,0.0,12.0,2.0],"tintindex":-2,"rotation":0,"texture":"#0"},"west":{"uv":[0.0,11.5,0.5,13.5],"tintindex":-2,"rotation":0,"texture":"#0"},"up":{"uv":[12.0,7.5,9.5,7.0],"tintindex":-2,"rotation":0,"texture":"#0"},"down":{"uv":[13.0,5.5,10.5,6.0],"tintindex":-2,"rotation":0,"texture":"#0"}}},{"from":[7.5,14.25,10.75],"to":[8.5,15.25,12.75],"faces":{"east":{"uv":[9.5,11.5,10.5,12.0],"tintindex":-2,"rotation":0,"texture":"#0"},"south":{"uv":[2.0,10.0,2.5,10.5],"tintindex":-2,"rotation":0,"texture":"#0"},"north":{"uv":[2.5,7.5,3.0,8.0],"tintindex":-2,"rotation":0,"texture":"#0"},"west":{"uv":[11.5,9.5,12.5,10.0],"tintindex":-2,"rotation":0,"texture":"#0"},"up":{"uv":[12.0,11.0,11.5,10.0],"tintindex":-2,"rotation":0,"texture":"#0"},"down":{"uv":[11.0,11.5,10.5,12.5],"tintindex":-2,"rotation":0,"texture":"#0"}},"rotation":{"origin":[8.0,14.0,18.0],"angle":-45.0,"axis":"x"}},{"from":[5.5,5.0,4.0],"to":[10.5,10.0,12.0],"faces":{"east":{"uv":[0.0,0.0,4.0,2.5],"tintindex":-2,"rotation":0,"texture":"#0"},"south":{"uv":[6.5,7.5,9.0,10.0],"tintindex":-2,"rotation":0,"texture":"#0"},"north":{"uv":[0.0,7.5,2.5,10.0],"tintindex":-2,"rotation":0,"texture":"#0"},"west":{"uv":[0.0,2.5,4.0,5.0],"tintindex":-2,"rotation":0,"texture":"#0"},"up":{"uv":[6.5,4.0,4.0,0.0],"tintindex":-2,"rotation":0,"texture":"#0"},"down":{"uv":[6.5,4.0,4.0,8.0],"tintindex":-2,"rotation":0,"texture":"#0"}}}],"display":{"gui":{"rotation":[30,225,0]}}}