{"textures":{"0":"modelengine:entity/pb_aof_brown_cow_female"},"elements":[{"from":[6.0,1.0,14.0],"to":[10.0,3.0,20.0],"faces":{"east":{"uv":[4.375,7.25,5.125,7.5],"tintindex":-2,"rotation":0,"texture":"#0"},"south":{"uv":[7.375,5.875,7.875,6.125],"tintindex":-2,"rotation":0,"texture":"#0"},"north":{"uv":[7.375,5.625,7.875,5.875],"tintindex":-2,"rotation":0,"texture":"#0"},"west":{"uv":[5.125,7.25,5.875,7.5],"tintindex":-2,"rotation":0,"texture":"#0"},"up":{"uv":[7.375,6.25,6.875,5.5],"tintindex":-2,"rotation":0,"texture":"#0"},"down":{"uv":[6.375,6.875,5.875,7.625],"tintindex":-2,"rotation":0,"texture":"#0"}}},{"from":[7.5,2.0,21.0],"to":[8.5,12.0,22.0],"faces":{"east":{"uv":[1.25,7.0,1.375,8.25],"tintindex":-2,"rotation":0,"texture":"#0"},"south":{"uv":[1.375,7.0,1.5,8.25],"tintindex":-2,"rotation":0,"texture":"#0"},"north":{"uv":[5.625,2.375,5.75,3.625],"tintindex":-2,"rotation":0,"texture":"#0"},"west":{"uv":[0.5,7.25,0.625,8.5],"tintindex":-2,"rotation":0,"texture":"#0"},"up":{"uv":[4.75,4.375,4.625,4.25],"tintindex":-2,"rotation":0,"texture":"#0"},"down":{"uv":[1.625,5.25,1.5,5.375],"tintindex":-2,"rotation":0,"texture":"#0"}}},{"from":[1.5,2.0,-3.0],"to":[14.5,13.0,5.0],"faces":{"east":{"uv":[4.625,0.0,5.625,1.375],"tintindex":-2,"rotation":0,"texture":"#0"},"south":{"uv":[0.0,3.125,1.625,4.5],"tintindex":-2,"rotation":0,"texture":"#0"},"north":{"uv":[3.0,0.0,4.625,1.375],"tintindex":-2,"rotation":0,"texture":"#0"},"west":{"uv":[4.625,2.375,5.625,3.75],"tintindex":-2,"rotation":0,"texture":"#0"},"up":{"uv":[5.375,2.375,3.75,1.375],"tintindex":-2,"rotation":0,"texture":"#0"},"down":{"uv":[3.25,4.375,1.625,5.375],"tintindex":-2,"rotation":0,"texture":"#0"}}},{"from":[7.0,-1.0,21.5],"to":[9.0,3.0,21.5],"faces":{"south":{"uv":[0.75,6.25,1.0,6.75],"tintindex":-2,"rotation":0,"texture":"#0"},"north":{"uv":[3.5,1.375,3.75,1.875],"tintindex":-2,"rotation":0,"texture":"#0"}}},{"from":[2.0,3.0,5.0],"to":[14.0,13.0,20.0],"faces":{"east":{"uv":[0.0,1.875,1.875,3.125],"tintindex":-2,"rotation":0,"texture":"#0"},"south":{"uv":[3.125,3.125,4.625,4.375],"tintindex":-2,"rotation":0,"texture":"#0"},"north":{"uv":[1.625,3.125,3.125,4.375],"tintindex":-2,"rotation":0,"texture":"#0"},"west":{"uv":[1.875,1.875,3.75,3.125],"tintindex":-2,"rotation":0,"texture":"#0"},"up":{"uv":[1.5,1.875,0.0,0.0],"tintindex":-2,"rotation":0,"texture":"#0"},"down":{"uv":[3.0,0.0,1.5,1.875],"tintindex":-2,"rotation":0,"texture":"#0"}}},{"from":[2.0,5.0,20.0],"to":[14.0,13.0,21.0],"faces":{"east":{"uv":[0.625,7.25,0.75,8.25],"tintindex":-2,"rotation":0,"texture":"#0"},"south":{"uv":[0.0,4.5,1.5,5.5],"tintindex":-2,"rotation":0,"texture":"#0"},"north":{"uv":[3.25,4.375,4.75,5.375],"tintindex":-2,"rotation":0,"texture":"#0"},"west":{"uv":[6.875,7.375,7.0,8.375],"tintindex":-2,"rotation":0,"texture":"#0"},"up":{"uv":[7.875,7.375,6.375,7.25],"tintindex":-2,"rotation":0,"texture":"#0"},"down":{"uv":[8.875,5.5,7.375,5.625],"tintindex":-2,"rotation":0,"texture":"#0"}}}],"display":{"gui":{"rotation":[30,225,0]}}}