{"textures":{"0":"modelengine:entity/pb_aof_brown_cow_female"},"elements":[{"from":[4.0,5.0,-0.5],"to":[12.0,13.0,5.5],"faces":{"east":{"uv":[2.375,5.375,3.125,6.375],"tintindex":-2,"rotation":0,"texture":"#0"},"south":{"uv":[4.75,4.75,5.75,5.75],"tintindex":-2,"rotation":0,"texture":"#0"},"north":{"uv":[4.75,3.75,5.75,4.75],"tintindex":-2,"rotation":0,"texture":"#0"},"west":{"uv":[3.125,5.375,3.875,6.375],"tintindex":-2,"rotation":0,"texture":"#0"},"up":{"uv":[1.0,6.25,0.0,5.5],"tintindex":-2,"rotation":0,"texture":"#0"},"down":{"uv":[6.625,0.0,5.625,0.75],"tintindex":-2,"rotation":0,"texture":"#0"}}},{"from":[4.5,-2.0,-1.75],"to":[11.5,6.0,4.25],"faces":{"east":{"uv":[0.0,6.25,0.75,7.25],"tintindex":-2,"rotation":0,"texture":"#0"},"south":{"uv":[1.5,5.375,2.375,6.375],"tintindex":-2,"rotation":0,"texture":"#0"},"north":{"uv":[5.375,1.375,6.25,2.375],"tintindex":-2,"rotation":0,"texture":"#0"},"west":{"uv":[6.25,0.75,7.0,1.75],"tintindex":-2,"rotation":0,"texture":"#0"},"up":{"uv":[4.625,3.125,3.75,2.375],"tintindex":-2,"rotation":0,"texture":"#0"},"down":{"uv":[7.5,0.0,6.625,0.75],"tintindex":-2,"rotation":0,"texture":"#0"}},"rotation":{"origin":[7.5,-9.0,19.25],"angle":22.5,"axis":"x"}},{"from":[12.0,10.0,1.5],"to":[15.0,12.0,2.5],"faces":{"east":{"uv":[4.625,4.0,4.75,4.25],"tintindex":-2,"rotation":0,"texture":"#0"},"south":{"uv":[7.375,6.375,7.75,6.625],"tintindex":-2,"rotation":0,"texture":"#0"},"north":{"uv":[3.5,6.625,3.875,6.875],"tintindex":-2,"rotation":0,"texture":"#0"},"west":{"uv":[1.5,4.75,1.625,5.0],"tintindex":-2,"rotation":0,"texture":"#0"},"up":{"uv":[7.75,7.0,7.375,6.875],"tintindex":-2,"rotation":0,"texture":"#0"},"down":{"uv":[7.375,7.375,7.0,7.5],"tintindex":-2,"rotation":0,"texture":"#0"}}},{"from":[6.0,5.0,-1.5],"to":[10.0,7.0,-0.5],"faces":{"east":{"uv":[1.5,5.0,1.625,5.25],"tintindex":-2,"rotation":0,"texture":"#0"},"south":{"uv":[6.375,7.375,6.875,7.625],"tintindex":-2,"rotation":0,"texture":"#0"},"north":{"uv":[7.375,6.125,7.875,6.375],"tintindex":-2,"rotation":0,"texture":"#0"},"west":{"uv":[5.75,5.375,5.875,5.625],"tintindex":-2,"rotation":0,"texture":"#0"},"up":{"uv":[6.125,1.375,5.625,1.25],"tintindex":-2,"rotation":0,"texture":"#0"},"down":{"uv":[7.875,6.625,7.375,6.75],"tintindex":-2,"rotation":0,"texture":"#0"}}},{"from":[1.0,10.0,1.5],"to":[4.0,12.0,2.5],"faces":{"east":{"uv":[1.5,4.5,1.625,4.75],"tintindex":-2,"rotation":0,"texture":"#0"},"south":{"uv":[3.5,6.375,3.875,6.625],"tintindex":-2,"rotation":0,"texture":"#0"},"north":{"uv":[4.375,5.375,4.75,5.625],"tintindex":-2,"rotation":0,"texture":"#0"},"west":{"uv":[4.625,3.75,4.75,4.0],"tintindex":-2,"rotation":0,"texture":"#0"},"up":{"uv":[4.75,5.75,4.375,5.625],"tintindex":-2,"rotation":0,"texture":"#0"},"down":{"uv":[7.75,6.75,7.375,6.875],"tintindex":-2,"rotation":0,"texture":"#0"}}},{"from":[4.525,6.75,5.5],"to":[11.475,12.75,11.5],"faces":{"east":{"uv":[6.875,4.0,7.625,4.75],"tintindex":-2,"rotation":0,"texture":"#0"},"south":{"uv":[6.75,2.5,7.625,3.25],"tintindex":-2,"rotation":0,"texture":"#0"},"north":{"uv":[6.75,1.75,7.625,2.5],"tintindex":-2,"rotation":0,"texture":"#0"},"west":{"uv":[6.875,4.75,7.625,5.5],"tintindex":-2,"rotation":0,"texture":"#0"},"up":{"uv":[7.625,4.0,6.75,3.25],"tintindex":-2,"rotation":0,"texture":"#0"},"down":{"uv":[4.375,6.875,3.5,7.625],"tintindex":-2,"rotation":0,"texture":"#0"}}}],"display":{"gui":{"rotation":[30,225,0]}}}