{"textures":{"0":"modelengine:entity/pb_aof_brown_cow_female"},"elements":[{"from":[6.0,-3.0,6.0],"to":[10.0,8.0,10.0],"faces":{"east":{"uv":[6.25,3.125,6.75,4.5],"tintindex":-2,"rotation":0,"texture":"#0"},"south":{"uv":[1.5,6.375,2.0,7.75],"tintindex":-2,"rotation":0,"texture":"#0"},"north":{"uv":[6.25,1.75,6.75,3.125],"tintindex":-2,"rotation":0,"texture":"#0"},"west":{"uv":[2.0,6.375,2.5,7.75],"tintindex":-2,"rotation":0,"texture":"#0"},"up":{"uv":[3.5,1.875,3.0,1.375],"tintindex":-2,"rotation":0,"texture":"#0"},"down":{"uv":[6.125,0.75,5.625,1.25],"tintindex":-2,"rotation":0,"texture":"#0"}}}],"display":{"gui":{"rotation":[30,225,0]}}}