{"textures":{"0":"modelengine:entity/pb_aof_brown_cow_female"},"elements":[{"from":[6.0,-4.0,6.0],"to":[10.0,8.0,10.0],"faces":{"east":{"uv":[4.875,5.75,5.375,7.25],"tintindex":-2,"rotation":0,"texture":"#0"},"south":{"uv":[5.375,5.75,5.875,7.25],"tintindex":-2,"rotation":0,"texture":"#0"},"north":{"uv":[4.375,5.75,4.875,7.25],"tintindex":-2,"rotation":0,"texture":"#0"},"west":{"uv":[5.875,5.375,6.375,6.875],"tintindex":-2,"rotation":0,"texture":"#0"},"up":{"uv":[1.25,7.5,0.75,7.0],"tintindex":-2,"rotation":0,"texture":"#0"},"down":{"uv":[7.5,0.75,7.0,1.25],"tintindex":-2,"rotation":0,"texture":"#0"}}}],"display":{"gui":{"rotation":[30,225,0]}}}