{"textures":{"1":"modelengine:entity/em_bandit_c2","2":"modelengine:entity/em_bandit_bow"},"elements":[{"from":[9.542032,-3.1688962,5.5657315],"to":[10.842031,1.1311039,9.865731],"faces":{"east":{"uv":[8.75,0.0,9.25,0.5],"tintindex":0,"rotation":0,"texture":"#1"},"south":{"uv":[9.25,10.125,9.375,10.625],"tintindex":0,"rotation":0,"texture":"#1"},"north":{"uv":[7.375,10.125,7.5,10.625],"tintindex":0,"rotation":0,"texture":"#1"},"west":{"uv":[1.375,8.75,1.875,9.25],"tintindex":0,"rotation":0,"texture":"#1"},"up":{"uv":[9.625,10.625,9.5,10.125],"tintindex":0,"rotation":0,"texture":"#1"},"down":{"uv":[9.875,10.125,9.75,10.625],"tintindex":0,"rotation":0,"texture":"#1"}}},{"from":[8.996016,-3.3529692,-4.120838],"to":[8.996016,-2.8529692,18.879162],"faces":{"east":{"uv":[0.0,0.0,5.75,0.25],"tintindex":0,"rotation":0,"texture":"#2"},"west":{"uv":[0.0,0.5,5.75,0.75],"tintindex":0,"rotation":0,"texture":"#2"}}},{"from":[7.392031,-6.1563964,5.6157317],"to":[10.5920315,-2.9563966,9.815732],"faces":{"east":{"uv":[9.25,9.25,9.75,9.625],"tintindex":0,"rotation":0,"texture":"#1"},"south":{"uv":[9.625,2.375,10.0,2.75],"tintindex":0,"rotation":0,"texture":"#1"},"north":{"uv":[9.625,1.875,10.0,2.25],"tintindex":0,"rotation":0,"texture":"#1"},"west":{"uv":[0.0,9.375,0.5,9.75],"tintindex":0,"rotation":0,"texture":"#1"},"up":{"uv":[9.75,0.5,9.375,0.0],"tintindex":0,"rotation":0,"texture":"#1"},"down":{"uv":[9.75,0.625,9.375,1.125],"tintindex":0,"rotation":0,"texture":"#1"}}},{"from":[8.502015,-6.0184684,9.458318],"to":[9.490016,-5.0304685,11.446319],"faces":{"east":{"uv":[4.0,1.0,4.5,1.25],"tintindex":0,"rotation":0,"texture":"#2"},"south":{"uv":[1.5,5.25,1.75,5.5],"tintindex":0,"rotation":0,"texture":"#2"},"north":{"uv":[5.25,1.0,5.5,1.25],"tintindex":0,"rotation":0,"texture":"#2"},"west":{"uv":[4.0,1.5,4.5,1.75],"tintindex":0,"rotation":0,"texture":"#2"},"up":{"uv":[5.0,2.75,4.75,2.25],"tintindex":0,"rotation":0,"texture":"#2"},"down":{"uv":[3.25,4.75,3.0,5.25],"tintindex":0,"rotation":0,"texture":"#2"}},"rotation":{"origin":[8.996016,-5.5244684,10.952318],"angle":22.5,"axis":"x"}},{"from":[8.496016,-5.4885035,5.757841],"to":[9.496016,-4.4885035,9.757841],"faces":{"east":{"uv":[2.25,2.0,3.25,2.25],"tintindex":0,"rotation":0,"texture":"#2"},"south":{"uv":[5.0,3.0,5.25,3.25],"tintindex":0,"rotation":0,"texture":"#2"},"north":{"uv":[1.0,5.0,1.25,5.25],"tintindex":0,"rotation":0,"texture":"#2"},"west":{"uv":[2.25,2.5,3.25,2.75],"tintindex":0,"rotation":0,"texture":"#2"},"up":{"uv":[1.75,3.75,1.5,2.75],"tintindex":0,"rotation":0,"texture":"#2"},"down":{"uv":[2.25,3.0,2.0,4.0],"tintindex":0,"rotation":0,"texture":"#2"}}},{"from":[8.496016,-6.138503,10.757841],"to":[9.496016,-5.138503,16.757841],"faces":{"east":{"uv":[0.0,1.0,1.5,1.25],"tintindex":0,"rotation":0,"texture":"#2"},"south":{"uv":[5.0,4.0,5.25,4.25],"tintindex":0,"rotation":0,"texture":"#2"},"north":{"uv":[5.0,3.5,5.25,3.75],"tintindex":0,"rotation":0,"texture":"#2"},"west":{"uv":[0.0,1.5,1.5,1.75],"tintindex":0,"rotation":0,"texture":"#2"},"up":{"uv":[2.0,2.5,1.75,1.0],"tintindex":0,"rotation":0,"texture":"#2"},"down":{"uv":[0.25,2.0,0.0,3.5],"tintindex":0,"rotation":0,"texture":"#2"}}},{"from":[8.502015,-6.0184684,4.069363],"to":[9.490016,-5.0304685,6.057363],"faces":{"east":{"uv":[3.5,4.75,4.0,5.0],"tintindex":0,"rotation":0,"texture":"#2"},"south":{"uv":[5.5,3.0,5.75,3.25],"tintindex":0,"rotation":0,"texture":"#2"},"north":{"uv":[3.0,5.5,3.25,5.75],"tintindex":0,"rotation":0,"texture":"#2"},"west":{"uv":[4.25,4.75,4.75,5.0],"tintindex":0,"rotation":0,"texture":"#2"},"up":{"uv":[0.25,5.5,0.0,5.0],"tintindex":0,"rotation":0,"texture":"#2"},"down":{"uv":[0.75,5.0,0.5,5.5],"tintindex":0,"rotation":0,"texture":"#2"}},"rotation":{"origin":[8.996016,-5.5244684,4.563363],"angle":-22.5,"axis":"x"}},{"from":[8.496016,-3.6029692,18.879162],"to":[9.496016,-2.6029692,22.879162],"faces":{"east":{"uv":[2.5,3.0,3.5,3.25],"tintindex":0,"rotation":0,"texture":"#2"},"south":{"uv":[5.0,5.0,5.25,5.25],"tintindex":0,"rotation":0,"texture":"#2"},"north":{"uv":[5.0,4.5,5.25,4.75],"tintindex":0,"rotation":0,"texture":"#2"},"west":{"uv":[3.5,2.0,4.5,2.25],"tintindex":0,"rotation":0,"texture":"#2"},"up":{"uv":[2.75,4.5,2.5,3.5],"tintindex":0,"rotation":0,"texture":"#2"},"down":{"uv":[3.25,3.5,3.0,4.5],"tintindex":0,"rotation":0,"texture":"#2"}}},{"from":[8.496016,-3.6029692,-7.3634796],"to":[9.496016,-2.6029692,-3.3634796],"faces":{"east":{"uv":[3.5,2.5,4.5,2.75],"tintindex":0,"rotation":0,"texture":"#2"},"south":{"uv":[4.5,5.25,4.75,5.5],"tintindex":0,"rotation":0,"texture":"#2"},"north":{"uv":[4.0,5.25,4.25,5.5],"tintindex":0,"rotation":0,"texture":"#2"},"west":{"uv":[3.75,3.0,4.75,3.25],"tintindex":0,"rotation":0,"texture":"#2"},"up":{"uv":[1.75,5.0,1.5,4.0],"tintindex":0,"rotation":0,"texture":"#2"},"down":{"uv":[4.25,3.5,4.0,4.5],"tintindex":0,"rotation":0,"texture":"#2"}}},{"from":[7.492031,-3.0563965,5.7157316],"to":[10.492031,1.9436035,9.715732],"faces":{"east":{"uv":[8.25,0.625,8.75,1.25],"tintindex":0,"rotation":0,"texture":"#1"},"south":{"uv":[5.625,8.875,6.0,9.5],"tintindex":0,"rotation":0,"texture":"#1"},"north":{"uv":[8.875,1.375,9.25,2.0],"tintindex":0,"rotation":0,"texture":"#1"},"west":{"uv":[8.25,1.375,8.75,2.0],"tintindex":0,"rotation":0,"texture":"#1"},"up":{"uv":[1.5,9.875,1.125,9.375],"tintindex":0,"rotation":0,"texture":"#1"},"down":{"uv":[9.75,1.25,9.375,1.75],"tintindex":0,"rotation":0,"texture":"#1"}}},{"from":[8.502015,-6.21829,-2.4432654],"to":[9.490016,-2.23029,-1.4552655],"faces":{"east":{"uv":[4.5,3.5,4.75,4.5],"tintindex":0,"rotation":0,"texture":"#2"},"south":{"uv":[4.75,1.0,5.0,2.0],"tintindex":0,"rotation":0,"texture":"#2"},"north":{"uv":[2.0,4.25,2.25,5.25],"tintindex":0,"rotation":0,"texture":"#2"},"west":{"uv":[2.5,4.75,2.75,5.75],"tintindex":0,"rotation":0,"texture":"#2"},"up":{"uv":[1.25,5.75,1.0,5.5],"tintindex":0,"rotation":0,"texture":"#2"},"down":{"uv":[2.25,5.5,2.0,5.75],"tintindex":0,"rotation":0,"texture":"#2"}},"rotation":{"origin":[8.996016,-4.72429,-1.9492655],"angle":-45.0,"axis":"x"}},{"from":[8.496016,-6.138503,-1.2421589],"to":[9.496016,-5.138503,4.757841],"faces":{"east":{"uv":[2.25,1.0,3.75,1.25],"tintindex":0,"rotation":0,"texture":"#2"},"south":{"uv":[3.5,5.25,3.75,5.5],"tintindex":0,"rotation":0,"texture":"#2"},"north":{"uv":[5.25,2.5,5.5,2.75],"tintindex":0,"rotation":0,"texture":"#2"},"west":{"uv":[2.25,1.5,3.75,1.75],"tintindex":0,"rotation":0,"texture":"#2"},"up":{"uv":[0.75,3.5,0.5,2.0],"tintindex":0,"rotation":0,"texture":"#2"},"down":{"uv":[1.25,2.0,1.0,3.5],"tintindex":0,"rotation":0,"texture":"#2"}}},{"from":[7.0,1.9436035,5.2157316],"to":[11.0,8.9436035,10.215732],"faces":{"east":{"uv":[0.0,6.0,0.625,6.875],"tintindex":0,"rotation":0,"texture":"#1"},"south":{"uv":[6.875,7.125,7.375,8.0],"tintindex":0,"rotation":0,"texture":"#1"},"north":{"uv":[6.25,7.125,6.75,8.0],"tintindex":0,"rotation":0,"texture":"#1"},"west":{"uv":[6.0,5.5,6.625,6.375],"tintindex":0,"rotation":0,"texture":"#1"},"up":{"uv":[8.125,1.25,7.625,0.625],"tintindex":0,"rotation":0,"texture":"#1"},"down":{"uv":[8.125,6.0,7.625,6.625],"tintindex":0,"rotation":0,"texture":"#1"}}},{"from":[6.9,4.8436036,5.1157317],"to":[11.1,9.043604,10.315732],"faces":{"east":{"uv":[3.625,8.0,4.25,8.5],"tintindex":0,"rotation":0,"texture":"#1"},"south":{"uv":[8.125,8.5,8.625,9.0],"tintindex":0,"rotation":0,"texture":"#1"},"north":{"uv":[8.5,5.25,9.0,5.75],"tintindex":0,"rotation":0,"texture":"#1"},"west":{"uv":[1.375,8.125,2.0,8.625],"tintindex":0,"rotation":0,"texture":"#1"},"up":{"uv":[0.5,8.625,0.0,8.0],"tintindex":0,"rotation":0,"texture":"#1"},"down":{"uv":[4.875,8.0,4.375,8.625],"tintindex":0,"rotation":0,"texture":"#1"}}},{"from":[8.502015,-6.21829,16.970947],"to":[9.490016,-2.23029,17.958946],"faces":{"east":{"uv":[0.0,3.75,0.25,4.75],"tintindex":0,"rotation":0,"texture":"#2"},"south":{"uv":[0.5,3.75,0.75,4.75],"tintindex":0,"rotation":0,"texture":"#2"},"north":{"uv":[3.5,3.5,3.75,4.5],"tintindex":0,"rotation":0,"texture":"#2"},"west":{"uv":[1.0,3.75,1.25,4.75],"tintindex":0,"rotation":0,"texture":"#2"},"up":{"uv":[5.5,1.75,5.25,1.5],"tintindex":0,"rotation":0,"texture":"#2"},"down":{"uv":[5.5,2.0,5.25,2.25],"tintindex":0,"rotation":0,"texture":"#2"}},"rotation":{"origin":[8.996016,-4.72429,17.464947],"angle":45.0,"axis":"x"}}],"display":{"gui":{"rotation":[30,225,0]}}}