{"textures":{"0":"modelengine:entity/toucan"},"elements":[{"from":[6.5,8.0,11.0],"to":[9.5,10.0,12.0],"faces":{"east":{"uv":[0.5,14.5,1.0,15.5],"tintindex":0,"rotation":0,"texture":"#0"},"south":{"uv":[9.5,3.0,11.0,4.0],"tintindex":0,"rotation":0,"texture":"#0"},"north":{"uv":[9.5,1.5,11.0,2.5],"tintindex":0,"rotation":0,"texture":"#0"},"west":{"uv":[1.0,14.5,1.5,15.5],"tintindex":0,"rotation":0,"texture":"#0"},"up":{"uv":[14.5,5.5,13.0,5.0],"tintindex":0,"rotation":0,"texture":"#0"},"down":{"uv":[14.5,10.0,13.0,10.5],"tintindex":0,"rotation":0,"texture":"#0"}}},{"from":[7.5,9.0,12.0],"to":[8.5,10.0,13.0],"faces":{"east":{"uv":[15.0,9.5,15.5,10.0],"tintindex":0,"rotation":0,"texture":"#0"},"south":{"uv":[10.0,15.0,10.5,15.5],"tintindex":0,"rotation":0,"texture":"#0"},"north":{"uv":[9.5,15.0,10.0,15.5],"tintindex":0,"rotation":0,"texture":"#0"},"west":{"uv":[15.0,10.0,15.5,10.5],"tintindex":0,"rotation":0,"texture":"#0"},"up":{"uv":[11.0,15.5,10.5,15.0],"tintindex":0,"rotation":0,"texture":"#0"},"down":{"uv":[15.5,10.5,15.0,11.0],"tintindex":0,"rotation":0,"texture":"#0"}}},{"from":[5.5,9.0,6.0],"to":[10.5,10.0,11.0],"faces":{"east":{"uv":[10.5,4.5,13.0,5.0],"tintindex":0,"rotation":0,"texture":"#0"},"south":{"uv":[10.5,5.0,13.0,5.5],"tintindex":0,"rotation":0,"texture":"#0"},"north":{"uv":[10.5,4.0,13.0,4.5],"tintindex":0,"rotation":0,"texture":"#0"},"west":{"uv":[11.0,1.5,13.5,2.0],"tintindex":0,"rotation":0,"texture":"#0"},"up":{"uv":[2.5,2.5,0.0,0.0],"tintindex":0,"rotation":0,"texture":"#0"},"down":{"uv":[2.5,2.5,0.0,5.0],"tintindex":0,"rotation":0,"texture":"#0"}}},{"from":[6.5,12.0,5.0],"to":[9.5,13.0,6.0],"faces":{"east":{"uv":[14.5,15.0,15.0,15.5],"tintindex":0,"rotation":0,"texture":"#0"},"south":{"uv":[0.0,13.5,1.5,14.0],"tintindex":0,"rotation":0,"texture":"#0"},"north":{"uv":[12.0,13.0,13.5,13.5],"tintindex":0,"rotation":0,"texture":"#0"},"west":{"uv":[15.0,14.5,15.5,15.0],"tintindex":0,"rotation":0,"texture":"#0"},"up":{"uv":[15.0,1.0,13.5,0.5],"tintindex":0,"rotation":0,"texture":"#0"},"down":{"uv":[3.0,13.5,1.5,14.0],"tintindex":0,"rotation":0,"texture":"#0"}}},{"from":[6.5,8.0,6.0],"to":[9.5,9.0,7.0],"faces":{"east":{"uv":[11.0,15.0,11.5,15.5],"tintindex":0,"rotation":0,"texture":"#0"},"south":{"uv":[12.5,6.0,14.0,6.5],"tintindex":0,"rotation":0,"texture":"#0"},"north":{"uv":[12.5,5.5,14.0,6.0],"tintindex":0,"rotation":0,"texture":"#0"},"west":{"uv":[15.0,11.0,15.5,11.5],"tintindex":0,"rotation":0,"texture":"#0"},"up":{"uv":[14.0,7.0,12.5,6.5],"tintindex":0,"rotation":0,"texture":"#0"},"down":{"uv":[12.0,12.5,10.5,13.0],"tintindex":0,"rotation":0,"texture":"#0"}}},{"from":[5.5,11.0,6.0],"to":[6.5,12.0,9.0],"faces":{"east":{"uv":[13.5,1.5,15.0,2.0],"tintindex":0,"rotation":0,"texture":"#0"},"south":{"uv":[0.0,15.5,0.5,16.0],"tintindex":0,"rotation":0,"texture":"#0"},"north":{"uv":[15.0,15.0,15.5,15.5],"tintindex":0,"rotation":0,"texture":"#0"},"west":{"uv":[13.5,2.0,15.0,2.5],"tintindex":0,"rotation":0,"texture":"#0"},"up":{"uv":[9.0,14.5,8.5,13.0],"tintindex":0,"rotation":0,"texture":"#0"},"down":{"uv":[3.5,13.5,3.0,15.0],"tintindex":0,"rotation":0,"texture":"#0"}}},{"from":[6.552,11.052,6.052],"to":[9.448,15.948,8.948],"faces":{"east":{"uv":[3.0,8.0,4.5,9.5],"tintindex":0,"rotation":0,"texture":"#0"},"south":{"uv":[4.5,8.0,6.0,9.5],"tintindex":0,"rotation":0,"texture":"#0"},"north":{"uv":[1.5,7.5,3.0,9.0],"tintindex":0,"rotation":0,"texture":"#0"},"west":{"uv":[6.0,8.0,7.5,9.5],"tintindex":0,"rotation":0,"texture":"#0"},"up":{"uv":[9.5,8.5,8.0,7.0],"tintindex":0,"rotation":0,"texture":"#0"},"down":{"uv":[9.0,8.5,7.5,10.0],"tintindex":0,"rotation":0,"texture":"#0"}}},{"from":[6.5,9.0,5.0],"to":[9.5,10.0,6.0],"faces":{"east":{"uv":[11.5,15.0,12.0,15.5],"tintindex":0,"rotation":0,"texture":"#0"},"south":{"uv":[12.5,11.5,14.0,12.0],"tintindex":0,"rotation":0,"texture":"#0"},"north":{"uv":[12.5,11.0,14.0,11.5],"tintindex":0,"rotation":0,"texture":"#0"},"west":{"uv":[15.0,11.5,15.5,12.0],"tintindex":0,"rotation":0,"texture":"#0"},"up":{"uv":[13.5,13.0,12.0,12.5],"tintindex":0,"rotation":0,"texture":"#0"},"down":{"uv":[14.5,1.0,13.0,1.5],"tintindex":0,"rotation":0,"texture":"#0"}}},{"from":[7.5,11.0,10.0],"to":[8.5,12.0,11.0],"faces":{"east":{"uv":[15.0,13.0,15.5,13.5],"tintindex":0,"rotation":0,"texture":"#0"},"south":{"uv":[13.5,15.0,14.0,15.5],"tintindex":0,"rotation":0,"texture":"#0"},"north":{"uv":[13.0,15.0,13.5,15.5],"tintindex":0,"rotation":0,"texture":"#0"},"west":{"uv":[15.0,13.5,15.5,14.0],"tintindex":0,"rotation":0,"texture":"#0"},"up":{"uv":[14.5,15.5,14.0,15.0],"tintindex":0,"rotation":0,"texture":"#0"},"down":{"uv":[15.5,14.0,15.0,14.5],"tintindex":0,"rotation":0,"texture":"#0"}}},{"from":[5.5,7.0,10.0],"to":[10.5,9.0,12.0],"faces":{"east":{"uv":[11.0,9.0,12.0,10.0],"tintindex":0,"rotation":0,"texture":"#0"},"south":{"uv":[7.0,1.5,9.5,2.5],"tintindex":0,"rotation":0,"texture":"#0"},"north":{"uv":[6.5,4.0,9.0,5.0],"tintindex":0,"rotation":0,"texture":"#0"},"west":{"uv":[9.5,11.0,10.5,12.0],"tintindex":0,"rotation":0,"texture":"#0"},"up":{"uv":[5.5,8.0,3.0,7.0],"tintindex":0,"rotation":0,"texture":"#0"},"down":{"uv":[8.0,7.0,5.5,8.0],"tintindex":0,"rotation":0,"texture":"#0"}}},{"from":[6.5,7.0,12.0],"to":[9.5,9.0,13.0],"faces":{"east":{"uv":[4.0,14.5,4.5,15.5],"tintindex":0,"rotation":0,"texture":"#0"},"south":{"uv":[6.0,9.5,7.5,10.5],"tintindex":0,"rotation":0,"texture":"#0"},"north":{"uv":[4.5,9.5,6.0,10.5],"tintindex":0,"rotation":0,"texture":"#0"},"west":{"uv":[14.5,4.0,15.0,5.0],"tintindex":0,"rotation":0,"texture":"#0"},"up":{"uv":[12.0,13.5,10.5,13.0],"tintindex":0,"rotation":0,"texture":"#0"},"down":{"uv":[14.5,10.5,13.0,11.0],"tintindex":0,"rotation":0,"texture":"#0"}}},{"from":[5.5,11.0,5.0],"to":[10.5,12.0,6.0],"faces":{"east":{"uv":[15.5,0.5,16.0,1.0],"tintindex":0,"rotation":0,"texture":"#0"},"south":{"uv":[11.0,7.5,13.5,8.0],"tintindex":0,"rotation":0,"texture":"#0"},"north":{"uv":[11.0,7.0,13.5,7.5],"tintindex":0,"rotation":0,"texture":"#0"},"west":{"uv":[1.0,15.5,1.5,16.0],"tintindex":0,"rotation":0,"texture":"#0"},"up":{"uv":[13.5,8.5,11.0,8.0],"tintindex":0,"rotation":0,"texture":"#0"},"down":{"uv":[13.5,8.5,11.0,9.0],"tintindex":0,"rotation":0,"texture":"#0"}}},{"from":[5.5,8.0,7.0],"to":[10.5,9.0,10.0],"faces":{"east":{"uv":[3.0,6.5,4.5,7.0],"tintindex":0,"rotation":0,"texture":"#0"},"south":{"uv":[10.5,2.5,13.0,3.0],"tintindex":0,"rotation":0,"texture":"#0"},"north":{"uv":[10.5,1.0,13.0,1.5],"tintindex":0,"rotation":0,"texture":"#0"},"west":{"uv":[12.0,0.5,13.5,1.0],"tintindex":0,"rotation":0,"texture":"#0"},"up":{"uv":[2.5,6.5,0.0,5.0],"tintindex":0,"rotation":0,"texture":"#0"},"down":{"uv":[7.5,0.0,5.0,1.5],"tintindex":0,"rotation":0,"texture":"#0"}}},{"from":[6.5,11.0,9.0],"to":[9.5,12.0,10.0],"faces":{"east":{"uv":[15.5,1.0,16.0,1.5],"tintindex":0,"rotation":0,"texture":"#0"},"south":{"uv":[6.0,13.5,7.5,14.0],"tintindex":0,"rotation":0,"texture":"#0"},"north":{"uv":[13.5,3.5,15.0,4.0],"tintindex":0,"rotation":0,"texture":"#0"},"west":{"uv":[1.5,15.5,2.0,16.0],"tintindex":0,"rotation":0,"texture":"#0"},"up":{"uv":[15.0,7.5,13.5,7.0],"tintindex":0,"rotation":0,"texture":"#0"},"down":{"uv":[15.0,7.5,13.5,8.0],"tintindex":0,"rotation":0,"texture":"#0"}}},{"from":[7.5,9.0,11.0],"to":[8.5,11.0,12.0],"faces":{"east":{"uv":[13.5,14.0,14.0,15.0],"tintindex":0,"rotation":0,"texture":"#0"},"south":{"uv":[14.0,14.0,14.5,15.0],"tintindex":0,"rotation":0,"texture":"#0"},"north":{"uv":[13.0,14.0,13.5,15.0],"tintindex":0,"rotation":0,"texture":"#0"},"west":{"uv":[0.0,14.5,0.5,15.5],"tintindex":0,"rotation":0,"texture":"#0"},"up":{"uv":[13.0,15.5,12.5,15.0],"tintindex":0,"rotation":0,"texture":"#0"},"down":{"uv":[15.5,12.5,15.0,13.0],"tintindex":0,"rotation":0,"texture":"#0"}}},{"from":[5.5,10.0,5.0],"to":[10.5,11.0,10.0],"faces":{"east":{"uv":[11.0,3.0,13.5,3.5],"tintindex":0,"rotation":0,"texture":"#0"},"south":{"uv":[11.0,3.5,13.5,4.0],"tintindex":0,"rotation":0,"texture":"#0"},"north":{"uv":[11.0,2.0,13.5,2.5],"tintindex":0,"rotation":0,"texture":"#0"},"west":{"uv":[6.5,11.0,9.0,11.5],"tintindex":0,"rotation":0,"texture":"#0"},"up":{"uv":[5.0,2.5,2.5,0.0],"tintindex":0,"rotation":0,"texture":"#0"},"down":{"uv":[5.0,2.5,2.5,5.0],"tintindex":0,"rotation":0,"texture":"#0"}}},{"from":[6.5,7.0,7.0],"to":[9.5,8.0,10.0],"faces":{"east":{"uv":[12.0,9.5,13.5,10.0],"tintindex":0,"rotation":0,"texture":"#0"},"south":{"uv":[10.5,12.0,12.0,12.5],"tintindex":0,"rotation":0,"texture":"#0"},"north":{"uv":[12.0,9.0,13.5,9.5],"tintindex":0,"rotation":0,"texture":"#0"},"west":{"uv":[12.0,12.0,13.5,12.5],"tintindex":0,"rotation":0,"texture":"#0"},"up":{"uv":[1.5,9.0,0.0,7.5],"tintindex":0,"rotation":0,"texture":"#0"},"down":{"uv":[9.0,0.0,7.5,1.5],"tintindex":0,"rotation":0,"texture":"#0"}}},{"from":[9.5,11.0,6.0],"to":[10.5,12.0,9.0],"faces":{"east":{"uv":[13.5,3.0,15.0,3.5],"tintindex":0,"rotation":0,"texture":"#0"},"south":{"uv":[0.5,15.5,1.0,16.0],"tintindex":0,"rotation":0,"texture":"#0"},"north":{"uv":[15.5,0.0,16.0,0.5],"tintindex":0,"rotation":0,"texture":"#0"},"west":{"uv":[3.5,13.5,5.0,14.0],"tintindex":0,"rotation":0,"texture":"#0"},"up":{"uv":[5.5,15.0,5.0,13.5],"tintindex":0,"rotation":0,"texture":"#0"},"down":{"uv":[6.0,13.5,5.5,15.0],"tintindex":0,"rotation":0,"texture":"#0"}}},{"from":[6.5,10.0,10.0],"to":[9.5,11.0,11.0],"faces":{"east":{"uv":[12.0,15.0,12.5,15.5],"tintindex":0,"rotation":0,"texture":"#0"},"south":{"uv":[3.0,13.0,4.5,13.5],"tintindex":0,"rotation":0,"texture":"#0"},"north":{"uv":[13.0,2.5,14.5,3.0],"tintindex":0,"rotation":0,"texture":"#0"},"west":{"uv":[15.0,12.0,15.5,12.5],"tintindex":0,"rotation":0,"texture":"#0"},"up":{"uv":[14.5,4.5,13.0,4.0],"tintindex":0,"rotation":0,"texture":"#0"},"down":{"uv":[14.5,4.5,13.0,5.0],"tintindex":0,"rotation":0,"texture":"#0"}}}],"display":{"gui":{"rotation":[30,225,0]}}}