{"textures":{"0":"modelengine:entity/toucan"},"elements":[{"from":[7.5,9.0,9.0],"to":[8.5,10.0,10.0],"faces":{"east":{"uv":[2.0,15.5,2.5,16.0],"tintindex":0,"rotation":0,"texture":"#0"},"south":{"uv":[15.5,2.0,16.0,2.5],"tintindex":0,"rotation":0,"texture":"#0"},"north":{"uv":[15.5,1.5,16.0,2.0],"tintindex":0,"rotation":0,"texture":"#0"},"west":{"uv":[2.5,15.5,3.0,16.0],"tintindex":0,"rotation":0,"texture":"#0"},"up":{"uv":[16.0,3.0,15.5,2.5],"tintindex":0,"rotation":0,"texture":"#0"},"down":{"uv":[3.5,15.5,3.0,16.0],"tintindex":0,"rotation":0,"texture":"#0"}}},{"from":[6.5,7.0,2.0],"to":[9.5,9.0,5.0],"faces":{"east":{"uv":[7.5,10.0,9.0,11.0],"tintindex":0,"rotation":0,"texture":"#0"},"south":{"uv":[9.5,10.0,11.0,11.0],"tintindex":0,"rotation":0,"texture":"#0"},"north":{"uv":[9.5,9.0,11.0,10.0],"tintindex":0,"rotation":0,"texture":"#0"},"west":{"uv":[0.0,10.5,1.5,11.5],"tintindex":0,"rotation":0,"texture":"#0"},"up":{"uv":[3.0,10.5,1.5,9.0],"tintindex":0,"rotation":0,"texture":"#0"},"down":{"uv":[10.5,4.0,9.0,5.5],"tintindex":0,"rotation":0,"texture":"#0"}}},{"from":[6.5,7.0,1.0],"to":[9.5,8.0,2.0],"faces":{"east":{"uv":[15.5,3.0,16.0,3.5],"tintindex":0,"rotation":0,"texture":"#0"},"south":{"uv":[10.5,13.5,12.0,14.0],"tintindex":0,"rotation":0,"texture":"#0"},"north":{"uv":[13.5,9.5,15.0,10.0],"tintindex":0,"rotation":0,"texture":"#0"},"west":{"uv":[3.5,15.5,4.0,16.0],"tintindex":0,"rotation":0,"texture":"#0"},"up":{"uv":[13.5,14.0,12.0,13.5],"tintindex":0,"rotation":0,"texture":"#0"},"down":{"uv":[15.0,12.0,13.5,12.5],"tintindex":0,"rotation":0,"texture":"#0"}}},{"from":[6.5,7.0,5.0],"to":[9.5,10.0,9.0],"faces":{"east":{"uv":[5.0,1.5,7.0,3.0],"tintindex":0,"rotation":0,"texture":"#0"},"south":{"uv":[9.0,0.0,10.5,1.5],"tintindex":0,"rotation":0,"texture":"#0"},"north":{"uv":[0.0,9.0,1.5,10.5],"tintindex":0,"rotation":0,"texture":"#0"},"west":{"uv":[2.5,5.0,4.5,6.5],"tintindex":0,"rotation":0,"texture":"#0"},"up":{"uv":[6.5,5.0,5.0,3.0],"tintindex":0,"rotation":0,"texture":"#0"},"down":{"uv":[6.0,5.0,4.5,7.0],"tintindex":0,"rotation":0,"texture":"#0"}}},{"from":[6.5,6.0,1.0],"to":[9.5,7.0,3.0],"faces":{"east":{"uv":[14.0,11.5,15.0,12.0],"tintindex":0,"rotation":0,"texture":"#0"},"south":{"uv":[13.5,9.0,15.0,9.5],"tintindex":0,"rotation":0,"texture":"#0"},"north":{"uv":[9.0,13.5,10.5,14.0],"tintindex":0,"rotation":0,"texture":"#0"},"west":{"uv":[14.5,1.0,15.5,1.5],"tintindex":0,"rotation":0,"texture":"#0"},"up":{"uv":[12.0,1.0,10.5,0.0],"tintindex":0,"rotation":0,"texture":"#0"},"down":{"uv":[3.0,10.5,1.5,11.5],"tintindex":0,"rotation":0,"texture":"#0"}}},{"from":[6.5,7.0,9.0],"to":[9.5,9.0,10.0],"faces":{"east":{"uv":[4.5,14.5,5.0,15.5],"tintindex":0,"rotation":0,"texture":"#0"},"south":{"uv":[9.5,8.0,11.0,9.0],"tintindex":0,"rotation":0,"texture":"#0"},"north":{"uv":[9.5,7.0,11.0,8.0],"tintindex":0,"rotation":0,"texture":"#0"},"west":{"uv":[14.5,6.0,15.0,7.0],"tintindex":0,"rotation":0,"texture":"#0"},"up":{"uv":[15.0,8.5,13.5,8.0],"tintindex":0,"rotation":0,"texture":"#0"},"down":{"uv":[15.0,8.5,13.5,9.0],"tintindex":0,"rotation":0,"texture":"#0"}}}],"display":{"gui":{"rotation":[30,225,0]}}}