{"textures":{"0":"modelengine:entity/iron_swords_2"},"elements":[{"from":[6.49,4.49,7.3399997],"to":[9.51,5.9100003,8.76],"faces":{"east":{"uv":[14.0,2.5,14.7,3.2],"tintindex":-2,"rotation":90,"texture":"#0"},"north":{"uv":[14.0,2.5,15.0,3.2],"tintindex":-2,"rotation":180,"texture":"#0"},"west":{"uv":[14.0,2.5,14.7,3.2],"tintindex":-2,"rotation":270,"texture":"#0"},"up":{"uv":[14.0,2.5,15.0,3.2],"tintindex":-2,"rotation":0,"texture":"#0"}},"rotation":{"origin":[7.0,5.25,8.0],"angle":45.0,"axis":"x"}},{"from":[6.0,1.0,8.0],"to":[10.0,2.0,12.0],"faces":{"east":{"uv":[14.0,4.5,16.0,5.0],"tintindex":-2,"rotation":0,"texture":"#0"},"south":{"uv":[14.0,3.0,14.5,5.0],"tintindex":-2,"rotation":90,"texture":"#0"},"west":{"uv":[16.0,3.0,14.0,3.5],"tintindex":-2,"rotation":0,"texture":"#0"},"up":{"uv":[16.0,5.0,14.0,3.0],"tintindex":-2,"rotation":90,"texture":"#0"},"down":{"uv":[16.0,5.0,14.0,3.0],"tintindex":-2,"rotation":270,"texture":"#0"}},"rotation":{"origin":[8.0,2.0,8.0],"angle":22.5,"axis":"x"}},{"from":[7.5,-11.25,7.0],"to":[8.5,-8.0,8.0],"faces":{"east":{"uv":[14.0,6.0,14.5,7.5],"tintindex":-2,"rotation":0,"texture":"#0"},"north":{"uv":[14.0,6.0,14.5,7.5],"tintindex":-2,"rotation":0,"texture":"#0"},"west":{"uv":[14.0,6.0,14.5,7.5],"tintindex":-2,"rotation":0,"texture":"#0"}}},{"from":[7.5,27.18,8.0],"to":[8.5,28.18,9.63],"faces":{"east":{"uv":[0.0,0.0,0.815,0.5],"tintindex":-2,"rotation":0,"texture":"#0"},"west":{"uv":[0.0,0.0,0.815,0.5],"tintindex":-2,"rotation":0,"texture":"#0"},"up":{"uv":[0.5,1.0,1.0,1.815],"tintindex":-2,"rotation":0,"texture":"#0"}},"rotation":{"origin":[8.0,28.2,8.0],"angle":22.5,"axis":"x"}},{"from":[6.5,1.25,7.0],"to":[9.5,5.2,9.0],"faces":{"east":{"uv":[14.025,4.0,16.0,5.0],"tintindex":-2,"rotation":90,"texture":"#0"},"south":{"uv":[14.025,1.5,16.0,3.0],"tintindex":-2,"rotation":90,"texture":"#0"},"north":{"uv":[14.025,1.5,16.0,3.0],"tintindex":-2,"rotation":90,"texture":"#0"},"west":{"uv":[14.025,4.0,16.0,5.0],"tintindex":-2,"rotation":90,"texture":"#0"}}},{"from":[7.49,-14.01,7.99],"to":[8.51,-7.99,9.01],"faces":{"east":{"uv":[14.0,5.5,14.5,8.5],"tintindex":-2,"rotation":0,"texture":"#0"},"south":{"uv":[14.0,5.5,14.5,8.5],"tintindex":-2,"rotation":0,"texture":"#0"},"north":{"uv":[14.0,5.5,14.5,8.5],"tintindex":-2,"rotation":0,"texture":"#0"},"west":{"uv":[14.0,5.5,14.5,8.5],"tintindex":-2,"rotation":0,"texture":"#0"},"down":{"uv":[14.5,8.5,14.0,8.0],"tintindex":-2,"rotation":0,"texture":"#0"}},"rotation":{"origin":[8.0,-9.0,9.0],"angle":22.5,"axis":"x"}},{"from":[7.0,-8.0,7.0],"to":[9.0,1.0,9.0],"faces":{"east":{"uv":[13.0,8.0,14.0,12.5],"tintindex":-2,"rotation":0,"texture":"#0"},"south":{"uv":[13.0,8.0,14.0,12.5],"tintindex":-2,"rotation":0,"texture":"#0"},"north":{"uv":[13.0,8.0,14.0,12.5],"tintindex":-2,"rotation":0,"texture":"#0"},"west":{"uv":[13.0,8.0,14.0,12.5],"tintindex":-2,"rotation":0,"texture":"#0"}}},{"from":[7.5,1.25,6.5],"to":[8.5,27.55,9.5],"faces":{"east":{"uv":[1.5,0.0,0.0,13.15],"tintindex":-2,"rotation":0,"texture":"#0"},"south":{"uv":[1.0,0.0,1.5,13.15],"tintindex":-2,"rotation":0,"texture":"#0"},"north":{"uv":[0.0,0.0,0.5,13.15],"tintindex":-2,"rotation":0,"texture":"#0"},"west":{"uv":[0.0,0.0,1.5,13.15],"tintindex":-2,"rotation":0,"texture":"#0"}}},{"from":[6.0,-9.0,6.0],"to":[10.0,-8.0,10.0],"faces":{"east":{"uv":[12.0,2.0,12.5,0.0],"tintindex":-2,"rotation":90,"texture":"#0"},"south":{"uv":[14.0,0.0,12.0,0.5],"tintindex":-2,"rotation":0,"texture":"#0"},"north":{"uv":[12.0,0.0,12.5,2.0],"tintindex":-2,"rotation":90,"texture":"#0"},"west":{"uv":[12.0,0.0,14.0,0.5],"tintindex":-2,"rotation":0,"texture":"#0"},"up":{"uv":[14.0,2.0,12.0,0.0],"tintindex":-2,"rotation":0,"texture":"#0"},"down":{"uv":[14.0,2.0,12.0,0.0],"tintindex":-2,"rotation":90,"texture":"#0"}}},{"from":[6.5,-9.0,3.15],"to":[9.5,-8.0,6.0],"faces":{"east":{"uv":[15.925,1.5,14.5,2.0],"tintindex":-2,"rotation":0,"texture":"#0"},"west":{"uv":[14.5,1.5,15.925,2.0],"tintindex":-2,"rotation":0,"texture":"#0"},"up":{"uv":[15.925,3.0,14.5,1.5],"tintindex":-2,"rotation":270,"texture":"#0"},"down":{"uv":[15.925,3.0,14.5,1.5],"tintindex":-2,"rotation":90,"texture":"#0"}},"rotation":{"origin":[8.5,-9.0,6.0],"angle":45.0,"axis":"x"}},{"from":[6.5,-7.0,4.0],"to":[9.5,0.3499999,5.0],"faces":{"east":{"uv":[15.5,5.0,16.0,8.5],"tintindex":-2,"rotation":0,"texture":"#0"},"south":{"uv":[14.5,5.0,16.0,8.5],"tintindex":-2,"rotation":0,"texture":"#0"},"north":{"uv":[14.5,5.0,16.0,8.5],"tintindex":-2,"rotation":0,"texture":"#0"},"west":{"uv":[15.5,5.0,16.0,8.5],"tintindex":-2,"rotation":0,"texture":"#0"}}},{"from":[7.5,27.18,6.37],"to":[8.5,28.18,8.0],"faces":{"east":{"uv":[0.0,0.0,0.815,0.5],"tintindex":-2,"rotation":0,"texture":"#0"},"west":{"uv":[0.0,0.0,0.815,0.5],"tintindex":-2,"rotation":0,"texture":"#0"},"up":{"uv":[0.5,1.0,1.0,1.815],"tintindex":-2,"rotation":0,"texture":"#0"}},"rotation":{"origin":[8.0,28.2,8.0],"angle":-22.5,"axis":"x"}},{"from":[6.0,1.0,3.65],"to":[10.0,2.0,8.0],"faces":{"east":{"uv":[16.0,3.0,14.0,3.5],"tintindex":-2,"rotation":0,"texture":"#0"},"north":{"uv":[14.0,3.0,14.5,5.0],"tintindex":-2,"rotation":90,"texture":"#0"},"west":{"uv":[14.0,4.5,16.0,5.0],"tintindex":-2,"rotation":0,"texture":"#0"},"up":{"uv":[14.0,3.0,16.0,5.0],"tintindex":-2,"rotation":90,"texture":"#0"},"down":{"uv":[16.0,5.0,14.0,3.0],"tintindex":-2,"rotation":90,"texture":"#0"}},"rotation":{"origin":[8.0,2.0,8.0],"angle":-22.5,"axis":"x"}}],"display":{"gui":{"rotation":[30,225,0]}}}