{"textures":{"0":"modelengine:entity/nm_lionness_texture"},"elements":[{"from":[3.5,1.8089542,6.5753994],"to":[12.5,11.808955,18.5754],"faces":{"east":{"uv":[6.0,3.0,9.0,5.5],"tintindex":-2,"rotation":0,"texture":"#0"},"south":{"uv":[8.75,0.0,11.0,2.5],"tintindex":-2,"rotation":0,"texture":"#0"},"north":{"uv":[7.25,8.0,9.5,10.5],"tintindex":-2,"rotation":0,"texture":"#0"},"west":{"uv":[6.0,5.5,9.0,8.0],"tintindex":-2,"rotation":0,"texture":"#0"},"up":{"uv":[5.0,9.5,2.75,6.5],"tintindex":-2,"rotation":0,"texture":"#0"},"down":{"uv":[7.25,8.0,5.0,11.0],"tintindex":-2,"rotation":0,"texture":"#0"}}}],"display":{"gui":{"rotation":[30,225,0]}}}