{"textures":{"0":"modelengine:entity/nm_lionness_texture"},"elements":[{"from":[6.0,-4.9942894,5.7382836],"to":[10.0,9.005711,9.738284],"faces":{"east":{"uv":[7.25,10.5,8.25,14.0],"tintindex":-2,"rotation":0,"texture":"#0"},"south":{"uv":[8.25,10.5,9.25,14.0],"tintindex":-2,"rotation":0,"texture":"#0"},"north":{"uv":[4.0,9.5,5.0,13.0],"tintindex":-2,"rotation":0,"texture":"#0"},"west":{"uv":[9.25,10.5,10.25,14.0],"tintindex":-2,"rotation":0,"texture":"#0"},"up":{"uv":[14.0,4.75,13.0,3.75],"tintindex":-2,"rotation":0,"texture":"#0"},"down":{"uv":[5.0,13.0,4.0,14.0],"tintindex":-2,"rotation":0,"texture":"#0"}}}],"display":{"gui":{"rotation":[30,225,0]}}}