{"textures":{"0":"modelengine:entity/nm_lionness_texture"},"elements":[{"from":[5.0,-5.0,6.0],"to":[9.0,9.0,10.0],"faces":{"east":{"uv":[11.5,3.5,12.5,7.0],"tintindex":-2,"rotation":0,"texture":"#0"},"south":{"uv":[11.5,7.0,12.5,10.5],"tintindex":-2,"rotation":0,"texture":"#0"},"north":{"uv":[3.0,11.5,4.0,15.0],"tintindex":-2,"rotation":0,"texture":"#0"},"west":{"uv":[12.0,0.0,13.0,3.5],"tintindex":-2,"rotation":0,"texture":"#0"},"up":{"uv":[14.25,11.75,13.25,10.75],"tintindex":-2,"rotation":0,"texture":"#0"},"down":{"uv":[14.25,11.75,13.25,12.75],"tintindex":-2,"rotation":0,"texture":"#0"}}}],"display":{"gui":{"rotation":[30,225,0]}}}