{"textures":{"0":"modelengine:entity/nm_lionness_texture"},"elements":[{"from":[6.0,-4.9942894,5.7382836],"to":[10.0,9.005711,9.738284],"faces":{"east":{"uv":[0.0,11.0,1.0,14.5],"tintindex":-2,"rotation":0,"texture":"#0"},"south":{"uv":[11.0,0.0,12.0,3.5],"tintindex":-2,"rotation":0,"texture":"#0"},"north":{"uv":[10.25,10.5,11.25,14.0],"tintindex":-2,"rotation":0,"texture":"#0"},"west":{"uv":[1.0,11.0,2.0,14.5],"tintindex":-2,"rotation":0,"texture":"#0"},"up":{"uv":[14.0,5.75,13.0,4.75],"tintindex":-2,"rotation":0,"texture":"#0"},"down":{"uv":[14.0,5.75,13.0,6.75],"tintindex":-2,"rotation":0,"texture":"#0"}}}],"display":{"gui":{"rotation":[30,225,0]}}}