{"textures":{"0":"modelengine:entity/nm_lionness_texture"},"elements":[{"from":[6.5,4.3533993,6.4318724],"to":[9.5,8.353399,9.431872],"faces":{"east":{"uv":[13.5,12.75,14.25,13.75],"tintindex":-2,"rotation":0,"texture":"#0"},"south":{"uv":[13.5,13.75,14.25,14.75],"tintindex":-2,"rotation":0,"texture":"#0"},"north":{"uv":[12.75,13.25,13.5,14.25],"tintindex":-2,"rotation":0,"texture":"#0"},"west":{"uv":[14.0,0.0,14.75,1.0],"tintindex":-2,"rotation":0,"texture":"#0"},"up":{"uv":[14.75,4.75,14.0,4.0],"tintindex":-2,"rotation":0,"texture":"#0"},"down":{"uv":[14.75,4.75,14.0,5.5],"tintindex":-2,"rotation":0,"texture":"#0"}}}],"display":{"gui":{"rotation":[30,225,0]}}}