{"textures":{"0":"modelengine:entity/nm_lionness_texture"},"elements":[{"from":[2.5,0.8637123,-4.9468346],"to":[13.5,12.863712,8.053166],"faces":{"east":{"uv":[0.0,0.0,3.25,3.0],"tintindex":-2,"rotation":0,"texture":"#0"},"south":{"uv":[6.0,0.0,8.75,3.0],"tintindex":-2,"rotation":0,"texture":"#0"},"north":{"uv":[0.0,6.0,2.75,9.0],"tintindex":-2,"rotation":0,"texture":"#0"},"west":{"uv":[0.0,3.0,3.25,6.0],"tintindex":-2,"rotation":0,"texture":"#0"},"up":{"uv":[6.0,3.25,3.25,0.0],"tintindex":-2,"rotation":0,"texture":"#0"},"down":{"uv":[6.0,3.25,3.25,6.5],"tintindex":-2,"rotation":0,"texture":"#0"}}}],"display":{"gui":{"rotation":[30,225,0]}}}