{
	"credit": "Made with Blockbench",
	"texture_size": [256, 256],
	"textures": {
		"0": "siegeengines:weapons/ballista_body",
		"2": "siegeengines:weapons/ballistamount",
		"3": "siegeengines:weapons/bolt",
		"particle": "siegeengines:weapons/ballista_body"
	},
	"elements": [
		{
			"from": [5, 16, -8],
			"to": [11, 19, 24],
			"rotation": {"angle": 0, "axis": "x", "origin": [0, 1, 0]},
			"faces": {
				"north": {"uv": [2, 2, 2.375, 2.1875], "texture": "#0"},
				"east": {"uv": [0, 2, 2, 2.1875], "texture": "#0"},
				"south": {"uv": [4.375, 2, 4.75, 2.1875], "texture": "#0"},
				"west": {"uv": [2.375, 2, 4.375, 2.1875], "texture": "#0"},
				"up": {"uv": [2.375, 2, 2, 0], "texture": "#0"},
				"down": {"uv": [2.75, 0, 2.375, 2], "texture": "#0"}
			}
		},
		{
			"from": [-3, 15, -7],
			"to": [19, 17, -3],
			"faces": {
				"north": {"uv": [3.0625, 0.875, 4.4375, 1], "texture": "#0"},
				"east": {"uv": [2.8125, 0.875, 3.0625, 1], "texture": "#0"},
				"south": {"uv": [4.6875, 0.875, 6.0625, 1], "texture": "#0"},
				"west": {"uv": [4.4375, 0.875, 4.6875, 1], "texture": "#0"},
				"up": {"uv": [4.4375, 0.875, 3.0625, 0.625], "texture": "#0"},
				"down": {"uv": [5.8125, 0.625, 4.4375, 0.875], "texture": "#0"}
			}
		},
		{
			"from": [0, 17, -6],
			"to": [2, 22, -4],
			"faces": {
				"north": {"uv": [0.125, 2.375, 0.25, 2.6875], "texture": "#0"},
				"east": {"uv": [0, 2.375, 0.125, 2.6875], "texture": "#0"},
				"south": {"uv": [0.375, 2.375, 0.5, 2.6875], "texture": "#0"},
				"west": {"uv": [0.25, 2.375, 0.375, 2.6875], "texture": "#0"},
				"up": {"uv": [0.25, 2.375, 0.125, 2.25], "texture": "#0"},
				"down": {"uv": [0.375, 2.25, 0.25, 2.375], "texture": "#0"}
			}
		},
		{
			"from": [14, 17, -6],
			"to": [16, 22, -4],
			"faces": {
				"north": {"uv": [1.3125, 0.125, 1.4375, 0.4375], "texture": "#0"},
				"east": {"uv": [1.1875, 0.125, 1.3125, 0.4375], "texture": "#0"},
				"south": {"uv": [1.5625, 0.125, 1.6875, 0.4375], "texture": "#0"},
				"west": {"uv": [1.4375, 0.125, 1.5625, 0.4375], "texture": "#0"},
				"up": {"uv": [1.4375, 0.125, 1.3125, 0], "texture": "#0"},
				"down": {"uv": [1.5625, 0, 1.4375, 0.125], "texture": "#0"}
			}
		},
		{
			"from": [-3, 22, -7],
			"to": [19, 24, -3],
			"faces": {
				"north": {"uv": [3.0625, 0.4375, 4.4375, 0.5625], "texture": "#0"},
				"east": {"uv": [2.8125, 0.4375, 3.0625, 0.5625], "texture": "#0"},
				"south": {"uv": [4.6875, 0.4375, 6.0625, 0.5625], "texture": "#0"},
				"west": {"uv": [4.4375, 0.4375, 4.6875, 0.5625], "texture": "#0"},
				"up": {"uv": [4.4375, 0.4375, 3.0625, 0.1875], "texture": "#0"},
				"down": {"uv": [5.8125, 0.1875, 4.4375, 0.4375], "texture": "#0"}
			}
		},
		{
			"from": [-1.54476, 18.5, -8.76056],
			"to": [0.45524, 20.5, 8.23944],
			"rotation": {"angle": -22.5, "axis": "y", "origin": [-5.04476, 19.5, -2.51056]},
			"faces": {
				"north": {"uv": [2.3125, 2.0625, 2.1875, 2.1875], "texture": "#0"},
				"east": {"uv": [3.375, 2.0625, 2.3125, 2.1875], "texture": "#0"},
				"south": {"uv": [3.5, 2.0625, 3.375, 2.1875], "texture": "#0"},
				"west": {"uv": [2.1875, 2.0625, 1.125, 2.1875], "texture": "#0"},
				"up": {"uv": [2.1875, 2.0625, 2.3125, 1], "texture": "#0"},
				"down": {"uv": [2.3125, 1, 2.4375, 2.0625], "texture": "#0"}
			}
		},
		{
			"from": [-12.5664, 19, 12.39429],
			"to": [4.6836, 20, 13.39429],
			"rotation": {"angle": -45, "axis": "y", "origin": [-2.0664, 19.5, 20.89429]},
			"faces": {
				"north": {"uv": [2.875, 0.0625, 3.9375, 0.125], "texture": "#0"},
				"east": {"uv": [2.8125, 0.0625, 2.875, 0.125], "texture": "#0"},
				"south": {"uv": [4, 0.0625, 5.0625, 0.125], "texture": "#0"},
				"west": {"uv": [3.9375, 0.0625, 4, 0.125], "texture": "#0"},
				"up": {"uv": [3.9375, 0.0625, 2.875, 0], "texture": "#0"},
				"down": {"uv": [5, 0, 3.9375, 0.0625], "texture": "#0"}
			}
		},
		{
			"from": [12.1836, 19, 10.39429],
			"to": [29.4336, 20, 11.39429],
			"rotation": {"angle": 45, "axis": "y", "origin": [20.9336, 19.5, 20.89429]},
			"faces": {
				"north": {"uv": [2.875, 0.0625, 3.9375, 0.125], "texture": "#0"},
				"east": {"uv": [2.8125, 0.0625, 2.875, 0.125], "texture": "#0"},
				"south": {"uv": [4, 0.0625, 5.0625, 0.125], "texture": "#0"},
				"west": {"uv": [3.9375, 0.0625, 4, 0.125], "texture": "#0"},
				"up": {"uv": [3.9375, 0.0625, 2.875, 0], "texture": "#0"},
				"down": {"uv": [5, 0, 3.9375, 0.0625], "texture": "#0"}
			}
		},
		{
			"from": [15.35995, 18.5, -8.62109],
			"to": [17.35995, 20.5, 8.37891],
			"rotation": {"angle": 22.5, "axis": "y", "origin": [21.10995, 19.5, -2.62109]},
			"faces": {
				"north": {"uv": [2.25, 2, 2.375, 2.125], "texture": "#0"},
				"east": {"uv": [1.1875, 2, 2.25, 2.125], "texture": "#0"},
				"south": {"uv": [3.4375, 2, 3.5625, 2.125], "texture": "#0"},
				"west": {"uv": [2.375, 2, 3.4375, 2.125], "texture": "#0"},
				"up": {"uv": [2.375, 2, 2.25, 0.9375], "texture": "#0"},
				"down": {"uv": [2.5, 0.9375, 2.375, 2], "texture": "#0"}
			}
		},
		{
			"from": [5, 20, -8],
			"to": [6, 21, 24],
			"faces": {
				"north": {"uv": [2, 2.0625, 2.0625, 2.125], "texture": "#0"},
				"east": {"uv": [0, 2.0625, 2, 2.125], "texture": "#0"},
				"south": {"uv": [4.0625, 2.0625, 4.125, 2.125], "texture": "#0"},
				"west": {"uv": [2.0625, 2.0625, 4.0625, 2.125], "texture": "#0"},
				"up": {"uv": [2.0625, 2.0625, 2, 0.0625], "texture": "#0"},
				"down": {"uv": [2.125, 0.0625, 2.0625, 2.0625], "texture": "#0"}
			}
		},
		{
			"from": [10, 20, -8],
			"to": [11, 21, 24],
			"faces": {
				"north": {"uv": [2, 2.125, 2.0625, 2.1875], "texture": "#0"},
				"east": {"uv": [0, 2.125, 2, 2.1875], "texture": "#0"},
				"south": {"uv": [4.0625, 2.125, 4.125, 2.1875], "texture": "#0"},
				"west": {"uv": [2.0625, 2.125, 4.0625, 2.1875], "texture": "#0"},
				"up": {"uv": [2.0625, 2.125, 2, 0.125], "texture": "#0"},
				"down": {"uv": [2.125, 0.125, 2.0625, 2.125], "texture": "#0"}
			}
		},
		{
			"from": [10, 19, 22],
			"to": [11, 20, 24],
			"faces": {
				"north": {"uv": [1, 1.4375, 1.0625, 1.5], "texture": "#0"},
				"east": {"uv": [0.875, 1.4375, 1, 1.5], "texture": "#0"},
				"south": {"uv": [1.1875, 1.4375, 1.25, 1.5], "texture": "#0"},
				"west": {"uv": [1.0625, 1.4375, 1.1875, 1.5], "texture": "#0"},
				"up": {"uv": [1.0625, 1.4375, 1, 1.3125], "texture": "#0"},
				"down": {"uv": [1.125, 1.3125, 1.0625, 1.4375], "texture": "#0"}
			}
		},
		{
			"from": [10, 19, -8],
			"to": [11, 20, -2],
			"faces": {
				"north": {"uv": [1.3125, 1.5625, 1.375, 1.625], "texture": "#0"},
				"east": {"uv": [0.9375, 1.5625, 1.3125, 1.625], "texture": "#0"},
				"south": {"uv": [1.75, 1.5625, 1.8125, 1.625], "texture": "#0"},
				"west": {"uv": [1.375, 1.5625, 1.75, 1.625], "texture": "#0"},
				"up": {"uv": [1.375, 1.5625, 1.3125, 1.1875], "texture": "#0"},
				"down": {"uv": [1.4375, 1.1875, 1.375, 1.5625], "texture": "#0"}
			}
		},
		{
			"from": [5, 19, -8],
			"to": [6, 20, -2],
			"faces": {
				"north": {"uv": [0.375, 1.5625, 0.4375, 1.625], "texture": "#0"},
				"east": {"uv": [0, 1.5625, 0.375, 1.625], "texture": "#0"},
				"south": {"uv": [0.8125, 1.5625, 0.875, 1.625], "texture": "#0"},
				"west": {"uv": [0.4375, 1.5625, 0.8125, 1.625], "texture": "#0"},
				"up": {"uv": [0.4375, 1.5625, 0.375, 1.1875], "texture": "#0"},
				"down": {"uv": [0.5, 1.1875, 0.4375, 1.5625], "texture": "#0"}
			}
		},
		{
			"from": [5, 19, 22],
			"to": [6, 20, 24],
			"faces": {
				"north": {"uv": [0.6875, 1.3125, 0.75, 1.375], "texture": "#0"},
				"east": {"uv": [0.5625, 1.3125, 0.6875, 1.375], "texture": "#0"},
				"south": {"uv": [0.875, 1.3125, 0.9375, 1.375], "texture": "#0"},
				"west": {"uv": [0.75, 1.3125, 0.875, 1.375], "texture": "#0"},
				"up": {"uv": [0.75, 1.3125, 0.6875, 1.1875], "texture": "#0"},
				"down": {"uv": [0.8125, 1.1875, 0.75, 1.3125], "texture": "#0"}
			}
		},
		{
			"from": [6, -7, 26],
			"to": [10, -2, 31],
			"rotation": {"angle": -45, "axis": "x", "origin": [0, 0, 0]},
			"faces": {
				"north": {"uv": [0.3125, 0.3125, 0.5625, 0.625], "texture": "#0"},
				"east": {"uv": [0, 0.3125, 0.3125, 0.625], "texture": "#0"},
				"south": {"uv": [0.875, 0.3125, 1.125, 0.625], "texture": "#0"},
				"west": {"uv": [0.5625, 0.3125, 0.875, 0.625], "texture": "#0"},
				"up": {"uv": [0.5625, 0.3125, 0.3125, 0], "texture": "#0"},
				"down": {"uv": [0.8125, 0, 0.5625, 0.3125], "texture": "#0"}
			}
		},
		{
			"from": [7.5, 19, -10],
			"to": [8.5, 20, 18.5],
			"faces": {
				"north": {"uv": [2, 2.5, 2.25, 2.75], "texture": "#3"},
				"east": {"uv": [0, 0, 7.25, 0.25], "texture": "#3"},
				"south": {"uv": [2.5, 2.5, 2.75, 2.75], "texture": "#3"},
				"west": {"uv": [0, 0.5, 7.25, 0.75], "texture": "#3"},
				"up": {"uv": [0.25, 8.25, 0, 1], "texture": "#3"},
				"down": {"uv": [0.75, 1, 0.5, 8.25], "texture": "#3"}
			}
		},
		{
			"from": [6.75, 19.25, -11],
			"to": [8, 19.75, -8.5],
			"rotation": {"angle": 22.5, "axis": "y", "origin": [8, 19.5, -12.75]},
			"faces": {
				"north": {"uv": [1, 3, 1.25, 3.25], "texture": "#3"},
				"east": {"uv": [1, 1, 1.75, 1.25], "texture": "#3"},
				"south": {"uv": [3, 1.5, 3.25, 1.75], "texture": "#3"},
				"west": {"uv": [1, 1.5, 1.75, 1.75], "texture": "#3"},
				"up": {"uv": [1.25, 2.75, 1, 2], "texture": "#3"},
				"down": {"uv": [2.25, 1, 2, 1.75], "texture": "#3"}
			}
		},
		{
			"from": [6.94563, 19.25, -10.58918],
			"to": [8.19563, 19.75, -8.08918],
			"rotation": {"angle": -22.5, "axis": "y", "origin": [8.57063, 19.5, -9.73918]},
			"faces": {
				"north": {"uv": [2, 3, 2.25, 3.25], "texture": "#3"},
				"east": {"uv": [1.5, 2, 2.25, 2.25], "texture": "#3"},
				"south": {"uv": [3, 2, 3.25, 2.25], "texture": "#3"},
				"west": {"uv": [2.5, 1, 3.25, 1.25], "texture": "#3"},
				"up": {"uv": [1.75, 3.25, 1.5, 2.5], "texture": "#3"},
				"down": {"uv": [2.75, 1.5, 2.5, 2.25], "texture": "#3"}
			}
		},
		{
			"from": [6.79563, 19.25, -10.73918],
			"to": [7.69563, 19.75, -9.83918],
			"rotation": {"angle": -45, "axis": "y", "origin": [8.57063, 19.5, -9.73918]},
			"faces": {
				"north": {"uv": [2.5, 3, 2.75, 3.25], "texture": "#3"},
				"east": {"uv": [3, 2.5, 3.25, 2.75], "texture": "#3"},
				"south": {"uv": [3, 3, 3.25, 3.25], "texture": "#3"},
				"west": {"uv": [1, 3.5, 1.25, 3.75], "texture": "#3"},
				"up": {"uv": [3.75, 1.25, 3.5, 1], "texture": "#3"},
				"down": {"uv": [1.75, 3.5, 1.5, 3.75], "texture": "#3"}
			}
		},
		{
			"from": [12.9, 16, 3.5],
			"to": [14.1, 17, 6.5],
			"rotation": {"angle": 0, "axis": "y", "origin": [13.5, 16.5, 5]},
			"faces": {
				"north": {"uv": [0.1875, 3.3125, 0.25, 3.375], "texture": "#2"},
				"east": {"uv": [0, 3.3125, 0.1875, 3.375], "texture": "#2"},
				"south": {"uv": [0.4375, 3.3125, 0.5, 3.375], "texture": "#2"},
				"west": {"uv": [0.25, 3.3125, 0.4375, 3.375], "texture": "#2"},
				"up": {"uv": [0.25, 3.3125, 0.1875, 3.125], "texture": "#2"},
				"down": {"uv": [0.3125, 3.125, 0.25, 3.3125], "texture": "#2"}
			}
		},
		{
			"from": [12.9, 13.93774, -1.47875],
			"to": [14.1, 14.93774, 1.52125],
			"rotation": {"angle": -45, "axis": "x", "origin": [13.5, 14.43774, 0.02125]},
			"faces": {
				"north": {"uv": [3.25, 1.1875, 3.3125, 1.25], "texture": "#2"},
				"east": {"uv": [3.0625, 1.1875, 3.25, 1.25], "texture": "#2"},
				"south": {"uv": [3.5, 1.1875, 3.5625, 1.25], "texture": "#2"},
				"west": {"uv": [3.3125, 1.1875, 3.5, 1.25], "texture": "#2"},
				"up": {"uv": [3.3125, 1.1875, 3.25, 1], "texture": "#2"},
				"down": {"uv": [3.375, 1, 3.3125, 1.1875], "texture": "#2"}
			}
		},
		{
			"from": [12.9, 15.46404, 0.80552],
			"to": [14.1, 16.46404, 3.80552],
			"rotation": {"angle": -22.5, "axis": "x", "origin": [13.5, 15.96404, 2.30552]},
			"faces": {
				"north": {"uv": [3.0625, 3.1875, 3.125, 3.25], "texture": "#2"},
				"east": {"uv": [2.875, 3.1875, 3.0625, 3.25], "texture": "#2"},
				"south": {"uv": [3.3125, 3.1875, 3.375, 3.25], "texture": "#2"},
				"west": {"uv": [3.125, 3.1875, 3.3125, 3.25], "texture": "#2"},
				"up": {"uv": [3.125, 3.1875, 3.0625, 3], "texture": "#2"},
				"down": {"uv": [3.1875, 3, 3.125, 3.1875], "texture": "#2"}
			}
		},
		{
			"from": [12.9, 10.65347, -2.00504],
			"to": [14.1, 13.65347, -1.00504],
			"rotation": {"angle": 22.5, "axis": "x", "origin": [13.5, 12.15347, -1.50504]},
			"faces": {
				"north": {"uv": [2.9375, 3.375, 3, 3.5625], "rotation": 180, "texture": "#2"},
				"east": {"uv": [2.875, 3.375, 2.9375, 3.5625], "rotation": 90, "texture": "#2"},
				"south": {"uv": [3.0625, 3.375, 3.125, 3.5625], "texture": "#2"},
				"west": {"uv": [3, 3.375, 3.0625, 3.5625], "rotation": 270, "texture": "#2"},
				"up": {"uv": [3, 3.375, 2.9375, 3.3125], "texture": "#2"},
				"down": {"uv": [3.0625, 3.3125, 3, 3.375], "rotation": 180, "texture": "#2"}
			}
		},
		{
			"from": [12.9, 7.95899, -2.54101],
			"to": [14.1, 10.95899, -1.54101],
			"rotation": {"angle": 0, "axis": "y", "origin": [13.5, 6.20647, 0.13226]},
			"faces": {
				"north": {"uv": [3.25, 2, 3.3125, 2.1875], "rotation": 180, "texture": "#2"},
				"east": {"uv": [3.1875, 2, 3.25, 2.1875], "rotation": 90, "texture": "#2"},
				"south": {"uv": [3.375, 2, 3.4375, 2.1875], "texture": "#2"},
				"west": {"uv": [3.3125, 2, 3.375, 2.1875], "rotation": 270, "texture": "#2"},
				"up": {"uv": [3.3125, 2, 3.25, 1.9375], "texture": "#2"},
				"down": {"uv": [3.375, 1.9375, 3.3125, 2], "rotation": 180, "texture": "#2"}
			}
		},
		{
			"from": [12.75, 7.95899, 3.45899],
			"to": [14.25, 10.95899, 6.45899],
			"rotation": {"angle": -45, "axis": "x", "origin": [8, 9.45899, 4.95899]},
			"faces": {
				"north": {"uv": [1.25, 1.5625, 1.3125, 1.75], "rotation": 180, "texture": "#2"},
				"east": {"uv": [1.0625, 1.5625, 1.25, 1.75], "rotation": 90, "texture": "#2"},
				"south": {"uv": [1.5, 1.5625, 1.5625, 1.75], "texture": "#2"},
				"west": {"uv": [1.3125, 1.5625, 1.5, 1.75], "rotation": 270, "texture": "#2"},
				"up": {"uv": [1.3125, 1.5625, 1.25, 1.375], "texture": "#2"},
				"down": {"uv": [1.375, 1.375, 1.3125, 1.5625], "rotation": 180, "texture": "#2"}
			}
		},
		{
			"from": [1.25, 7.95899, 3.70899],
			"to": [14.5, 9.95899, 5.70899],
			"rotation": {"angle": -45, "axis": "x", "origin": [8, 9.45899, 4.20899]},
			"faces": {
				"north": {"uv": [0.125, 2.625, 0.9375, 2.75], "rotation": 180, "texture": "#2"},
				"east": {"uv": [0, 2.625, 0.125, 2.75], "rotation": 90, "texture": "#2"},
				"south": {"uv": [1.0625, 2.625, 1.875, 2.75], "texture": "#2"},
				"west": {"uv": [0.9375, 2.625, 1.0625, 2.75], "rotation": 270, "texture": "#2"},
				"up": {"uv": [0.9375, 2.625, 0.125, 2.5], "texture": "#2"},
				"down": {"uv": [1.75, 2.5, 0.9375, 2.625], "rotation": 180, "texture": "#2"}
			}
		},
		{
			"from": [13, 2.45899, 4.45899],
			"to": [14, 16.45899, 5.45899],
			"rotation": {"angle": -45, "axis": "x", "origin": [13.5, 9.45899, 4.95899]},
			"faces": {
				"north": {"uv": [2.625, 2.5625, 2.6875, 3.4375], "rotation": 180, "texture": "#2"},
				"east": {"uv": [2.5625, 2.5625, 2.625, 3.4375], "rotation": 180, "texture": "#2"},
				"south": {"uv": [2.75, 2.5625, 2.8125, 3.4375], "rotation": 180, "texture": "#2"},
				"west": {"uv": [2.6875, 2.5625, 2.75, 3.4375], "rotation": 180, "texture": "#2"},
				"up": {"uv": [2.6875, 2.5625, 2.625, 2.5], "texture": "#2"},
				"down": {"uv": [2.75, 2.5, 2.6875, 2.5625], "texture": "#2"}
			}
		},
		{
			"from": [13, 2.45899, 4.45899],
			"to": [14, 16.45899, 5.45899],
			"rotation": {"angle": 0, "axis": "y", "origin": [13.5, 9.45899, 4.95899]},
			"faces": {
				"north": {"uv": [2.3125, 2.5625, 2.375, 3.4375], "rotation": 180, "texture": "#2"},
				"east": {"uv": [2.25, 2.5625, 2.3125, 3.4375], "rotation": 180, "texture": "#2"},
				"south": {"uv": [2.4375, 2.5625, 2.5, 3.4375], "rotation": 180, "texture": "#2"},
				"west": {"uv": [2.375, 2.5625, 2.4375, 3.4375], "rotation": 180, "texture": "#2"},
				"up": {"uv": [2.375, 2.5625, 2.3125, 2.5], "texture": "#2"},
				"down": {"uv": [2.4375, 2.5, 2.375, 2.5625], "texture": "#2"}
			}
		},
		{
			"from": [13, 2.45899, 4.45899],
			"to": [14, 16.45899, 5.45899],
			"rotation": {"angle": 45, "axis": "x", "origin": [13.5, 9.45899, 4.95899]},
			"faces": {
				"north": {"uv": [2.3125, 2.5625, 2.375, 3.4375], "rotation": 180, "texture": "#2"},
				"east": {"uv": [2.25, 2.5625, 2.3125, 3.4375], "rotation": 180, "texture": "#2"},
				"south": {"uv": [2.4375, 2.5625, 2.5, 3.4375], "rotation": 180, "texture": "#2"},
				"west": {"uv": [2.375, 2.5625, 2.4375, 3.4375], "rotation": 180, "texture": "#2"},
				"up": {"uv": [2.375, 2.5625, 2.3125, 2.5], "texture": "#2"},
				"down": {"uv": [2.4375, 2.5, 2.375, 2.5625], "texture": "#2"}
			}
		},
		{
			"from": [13, 8.95899, -2.04101],
			"to": [14, 9.95899, 11.95899],
			"rotation": {"angle": 0, "axis": "y", "origin": [13.5, 9.45899, 4.95899]},
			"faces": {
				"north": {"uv": [3, 2.25, 3.0625, 2.3125], "rotation": 180, "texture": "#2"},
				"east": {"uv": [2.125, 2.25, 3, 2.3125], "rotation": 180, "texture": "#2"},
				"south": {"uv": [3.9375, 2.25, 4, 2.3125], "rotation": 180, "texture": "#2"},
				"west": {"uv": [3.0625, 2.25, 3.9375, 2.3125], "rotation": 180, "texture": "#2"},
				"up": {"uv": [3.0625, 2.25, 3, 1.375], "texture": "#2"},
				"down": {"uv": [3.125, 1.375, 3.0625, 2.25], "texture": "#2"}
			}
		},
		{
			"from": [12.9, 3.56433, -1.66686],
			"to": [14.1, 6.56433, -0.66686],
			"rotation": {"angle": -45, "axis": "x", "origin": [13.5, 6.20647, 0.13226]},
			"faces": {
				"north": {"uv": [3.25, 1.6875, 3.3125, 1.875], "rotation": 180, "texture": "#2"},
				"east": {"uv": [3.1875, 1.6875, 3.25, 1.875], "rotation": 90, "texture": "#2"},
				"south": {"uv": [3.375, 1.6875, 3.4375, 1.875], "texture": "#2"},
				"west": {"uv": [3.3125, 1.6875, 3.375, 1.875], "rotation": 270, "texture": "#2"},
				"up": {"uv": [3.3125, 1.6875, 3.25, 1.625], "texture": "#2"},
				"down": {"uv": [3.375, 1.625, 3.3125, 1.6875], "rotation": 180, "texture": "#2"}
			}
		},
		{
			"from": [12.9, 5.8486, -1.66686],
			"to": [14.1, 8.8486, -0.66686],
			"rotation": {"angle": -22.5, "axis": "x", "origin": [13.5, 6.20647, 0.13226]},
			"faces": {
				"north": {"uv": [3.25, 1.375, 3.3125, 1.5625], "rotation": 180, "texture": "#2"},
				"east": {"uv": [3.1875, 1.375, 3.25, 1.5625], "rotation": 90, "texture": "#2"},
				"south": {"uv": [3.375, 1.375, 3.4375, 1.5625], "texture": "#2"},
				"west": {"uv": [3.3125, 1.375, 3.375, 1.5625], "rotation": 270, "texture": "#2"},
				"up": {"uv": [3.3125, 1.375, 3.25, 1.3125], "texture": "#2"},
				"down": {"uv": [3.375, 1.3125, 3.3125, 1.375], "rotation": 180, "texture": "#2"}
			}
		},
		{
			"from": [12.9, 3.5332, 1.88478],
			"to": [14.1, 4.5332, 4.88478],
			"rotation": {"angle": 22.5, "axis": "x", "origin": [13.5, 6.20647, 0.13226]},
			"faces": {
				"north": {"uv": [3.0625, 2.875, 3.125, 2.9375], "rotation": 180, "texture": "#2"},
				"east": {"uv": [2.875, 2.875, 3.0625, 2.9375], "rotation": 180, "texture": "#2"},
				"south": {"uv": [3.3125, 2.875, 3.375, 2.9375], "rotation": 180, "texture": "#2"},
				"west": {"uv": [3.125, 2.875, 3.3125, 2.9375], "rotation": 180, "texture": "#2"},
				"up": {"uv": [3.125, 2.875, 3.0625, 2.6875], "texture": "#2"},
				"down": {"uv": [3.1875, 2.6875, 3.125, 2.875], "texture": "#2"}
			}
		},
		{
			"from": [12.9, 1.91798, 3.5],
			"to": [14.1, 2.91798, 6.5],
			"rotation": {"angle": 0, "axis": "y", "origin": [13.5, 9.19101, 8.5205]},
			"faces": {
				"north": {"uv": [3.0625, 2.5625, 3.125, 2.625], "rotation": 180, "texture": "#2"},
				"east": {"uv": [2.875, 2.5625, 3.0625, 2.625], "rotation": 180, "texture": "#2"},
				"south": {"uv": [3.3125, 2.5625, 3.375, 2.625], "rotation": 180, "texture": "#2"},
				"west": {"uv": [3.125, 2.5625, 3.3125, 2.625], "rotation": 180, "texture": "#2"},
				"up": {"uv": [3.125, 2.5625, 3.0625, 2.375], "texture": "#2"},
				"down": {"uv": [3.1875, 2.375, 3.125, 2.5625], "texture": "#2"}
			}
		},
		{
			"from": [12.9, 4.32886, 4.72062],
			"to": [14.1, 5.32886, 7.72062],
			"rotation": {"angle": -45, "axis": "x", "origin": [13.5, 9.19101, 8.5205]},
			"faces": {
				"north": {"uv": [3.0625, 0.5, 3.125, 0.5625], "rotation": 180, "texture": "#2"},
				"east": {"uv": [2.875, 0.5, 3.0625, 0.5625], "rotation": 180, "texture": "#2"},
				"south": {"uv": [3.3125, 0.5, 3.375, 0.5625], "rotation": 180, "texture": "#2"},
				"west": {"uv": [3.125, 0.5, 3.3125, 0.5625], "rotation": 180, "texture": "#2"},
				"up": {"uv": [3.125, 0.5, 3.0625, 0.3125], "texture": "#2"},
				"down": {"uv": [3.1875, 0.3125, 3.125, 0.5], "texture": "#2"}
			}
		},
		{
			"from": [12.9, 3.24482, 3.87053],
			"to": [14.1, 4.24482, 6.87053],
			"rotation": {"angle": -22.5, "axis": "x", "origin": [13.5, 9.19101, 8.5205]},
			"faces": {
				"north": {"uv": [3.0625, 0.1875, 3.125, 0.25], "rotation": 180, "texture": "#2"},
				"east": {"uv": [2.875, 0.1875, 3.0625, 0.25], "rotation": 180, "texture": "#2"},
				"south": {"uv": [3.3125, 0.1875, 3.375, 0.25], "rotation": 180, "texture": "#2"},
				"west": {"uv": [3.125, 0.1875, 3.3125, 0.25], "rotation": 180, "texture": "#2"},
				"up": {"uv": [3.125, 0.1875, 3.0625, 0], "texture": "#2"},
				"down": {"uv": [3.1875, 0, 3.125, 0.1875], "texture": "#2"}
			}
		},
		{
			"from": [12.9, 6.59135, 11.70644],
			"to": [14.1, 9.59135, 12.70644],
			"rotation": {"angle": 22.5, "axis": "x", "origin": [13.5, 9.19101, 8.5205]},
			"faces": {
				"north": {"uv": [1.25, 3.1875, 1.3125, 3.375], "rotation": 180, "texture": "#2"},
				"east": {"uv": [1.1875, 3.1875, 1.25, 3.375], "rotation": 270, "texture": "#2"},
				"south": {"uv": [1.375, 3.1875, 1.4375, 3.375], "texture": "#2"},
				"west": {"uv": [1.3125, 3.1875, 1.375, 3.375], "rotation": 90, "texture": "#2"},
				"up": {"uv": [1.3125, 3.1875, 1.25, 3.125], "rotation": 180, "texture": "#2"},
				"down": {"uv": [1.375, 3.125, 1.3125, 3.1875], "texture": "#2"}
			}
		},
		{
			"from": [12.9, 14.63236, 3.66543],
			"to": [14.1, 15.63236, 6.66543],
			"rotation": {"angle": 22.5, "axis": "x", "origin": [13.5, 9.19101, 8.5205]},
			"faces": {
				"north": {"uv": [1.3125, 3, 1.375, 3.0625], "texture": "#2"},
				"east": {"uv": [1.125, 3, 1.3125, 3.0625], "texture": "#2"},
				"south": {"uv": [1.5625, 3, 1.625, 3.0625], "texture": "#2"},
				"west": {"uv": [1.375, 3, 1.5625, 3.0625], "texture": "#2"},
				"up": {"uv": [1.375, 3, 1.3125, 2.8125], "texture": "#2"},
				"down": {"uv": [1.4375, 2.8125, 1.375, 3], "texture": "#2"}
			}
		},
		{
			"from": [12.9, 9.28583, 11.91154],
			"to": [14.1, 12.28583, 12.91154],
			"rotation": {"angle": -22.5, "axis": "x", "origin": [13.5, 9.19101, 8.5205]},
			"faces": {
				"north": {"uv": [0.9375, 3.1875, 1, 3.375], "rotation": 180, "texture": "#2"},
				"east": {"uv": [0.875, 3.1875, 0.9375, 3.375], "rotation": 270, "texture": "#2"},
				"south": {"uv": [1.0625, 3.1875, 1.125, 3.375], "texture": "#2"},
				"west": {"uv": [1, 3.1875, 1.0625, 3.375], "rotation": 90, "texture": "#2"},
				"up": {"uv": [1, 3.1875, 0.9375, 3.125], "rotation": 180, "texture": "#2"},
				"down": {"uv": [1.0625, 3.125, 1, 3.1875], "texture": "#2"}
			}
		},
		{
			"from": [12.9, 10.36987, 12.76163],
			"to": [14.1, 13.36987, 13.76163],
			"rotation": {"angle": -45, "axis": "x", "origin": [13.5, 9.19101, 8.5205]},
			"faces": {
				"north": {"uv": [0.625, 3.1875, 0.6875, 3.375], "rotation": 180, "texture": "#2"},
				"east": {"uv": [0.5625, 3.1875, 0.625, 3.375], "rotation": 270, "texture": "#2"},
				"south": {"uv": [0.75, 3.1875, 0.8125, 3.375], "texture": "#2"},
				"west": {"uv": [0.6875, 3.1875, 0.75, 3.375], "rotation": 90, "texture": "#2"},
				"up": {"uv": [0.6875, 3.1875, 0.625, 3.125], "rotation": 180, "texture": "#2"},
				"down": {"uv": [0.75, 3.125, 0.6875, 3.1875], "texture": "#2"}
			}
		},
		{
			"from": [12.9, 7.95899, 11.54101],
			"to": [14.1, 10.95899, 12.54101],
			"rotation": {"angle": 0, "axis": "y", "origin": [13.5, 9.19101, 8.5205]},
			"faces": {
				"north": {"uv": [1.6875, 3.125, 1.75, 3.3125], "rotation": 180, "texture": "#2"},
				"east": {"uv": [1.625, 3.125, 1.6875, 3.3125], "rotation": 270, "texture": "#2"},
				"south": {"uv": [1.8125, 3.125, 1.875, 3.3125], "texture": "#2"},
				"west": {"uv": [1.75, 3.125, 1.8125, 3.3125], "rotation": 90, "texture": "#2"},
				"up": {"uv": [1.75, 3.125, 1.6875, 3.0625], "rotation": 180, "texture": "#2"},
				"down": {"uv": [1.8125, 3.0625, 1.75, 3.125], "texture": "#2"}
			}
		},
		{
			"from": [1.9, 16, 3.5],
			"to": [3.1, 17, 6.5],
			"rotation": {"angle": 0, "axis": "y", "origin": [2.5, 16.5, 5]},
			"faces": {
				"north": {"uv": [0.75, 3, 0.8125, 3.0625], "texture": "#2"},
				"east": {"uv": [0.5625, 3, 0.75, 3.0625], "texture": "#2"},
				"south": {"uv": [1, 3, 1.0625, 3.0625], "texture": "#2"},
				"west": {"uv": [0.8125, 3, 1, 3.0625], "texture": "#2"},
				"up": {"uv": [0.8125, 3, 0.75, 2.8125], "texture": "#2"},
				"down": {"uv": [0.875, 2.8125, 0.8125, 3], "texture": "#2"}
			}
		},
		{
			"from": [1.9, 13.93774, -1.47875],
			"to": [3.1, 14.93774, 1.52125],
			"rotation": {"angle": -45, "axis": "x", "origin": [2.5, 14.43774, 0.02125]},
			"faces": {
				"north": {"uv": [0.1875, 3, 0.25, 3.0625], "texture": "#2"},
				"east": {"uv": [0, 3, 0.1875, 3.0625], "texture": "#2"},
				"south": {"uv": [0.4375, 3, 0.5, 3.0625], "texture": "#2"},
				"west": {"uv": [0.25, 3, 0.4375, 3.0625], "texture": "#2"},
				"up": {"uv": [0.25, 3, 0.1875, 2.8125], "texture": "#2"},
				"down": {"uv": [0.3125, 2.8125, 0.25, 3], "texture": "#2"}
			}
		},
		{
			"from": [1.9, 15.46404, 0.80552],
			"to": [3.1, 16.46404, 3.80552],
			"rotation": {"angle": -22.5, "axis": "x", "origin": [2.5, 15.96404, 2.30552]},
			"faces": {
				"north": {"uv": [2.3125, 1.875, 2.375, 1.9375], "texture": "#2"},
				"east": {"uv": [2.125, 1.875, 2.3125, 1.9375], "texture": "#2"},
				"south": {"uv": [2.5625, 1.875, 2.625, 1.9375], "texture": "#2"},
				"west": {"uv": [2.375, 1.875, 2.5625, 1.9375], "texture": "#2"},
				"up": {"uv": [2.375, 1.875, 2.3125, 1.6875], "texture": "#2"},
				"down": {"uv": [2.4375, 1.6875, 2.375, 1.875], "texture": "#2"}
			}
		},
		{
			"from": [1.9, 10.65347, -2.00504],
			"to": [3.1, 13.65347, -1.00504],
			"rotation": {"angle": 22.5, "axis": "x", "origin": [2.5, 12.15347, -1.50504]},
			"faces": {
				"north": {"uv": [2.75, 1.4375, 2.8125, 1.625], "rotation": 180, "texture": "#2"},
				"east": {"uv": [2.6875, 1.4375, 2.75, 1.625], "rotation": 90, "texture": "#2"},
				"south": {"uv": [2.875, 1.4375, 2.9375, 1.625], "texture": "#2"},
				"west": {"uv": [2.8125, 1.4375, 2.875, 1.625], "rotation": 270, "texture": "#2"},
				"up": {"uv": [2.8125, 1.4375, 2.75, 1.375], "texture": "#2"},
				"down": {"uv": [2.875, 1.375, 2.8125, 1.4375], "rotation": 180, "texture": "#2"}
			}
		},
		{
			"from": [1.9, 7.95899, -2.54101],
			"to": [3.1, 10.95899, -1.54101],
			"rotation": {"angle": 0, "axis": "y", "origin": [2.5, 6.20647, 0.13226]},
			"faces": {
				"north": {"uv": [2.6875, 2, 2.75, 2.1875], "rotation": 180, "texture": "#2"},
				"east": {"uv": [2.625, 2, 2.6875, 2.1875], "rotation": 90, "texture": "#2"},
				"south": {"uv": [2.8125, 2, 2.875, 2.1875], "texture": "#2"},
				"west": {"uv": [2.75, 2, 2.8125, 2.1875], "rotation": 270, "texture": "#2"},
				"up": {"uv": [2.75, 2, 2.6875, 1.9375], "texture": "#2"},
				"down": {"uv": [2.8125, 1.9375, 2.75, 2], "rotation": 180, "texture": "#2"}
			}
		},
		{
			"from": [1.75, 7.95899, 3.45899],
			"to": [3.25, 10.95899, 6.45899],
			"rotation": {"angle": -45, "axis": "x", "origin": [8, 9.45899, 4.95899]},
			"faces": {
				"north": {"uv": [0.1875, 1, 0.25, 1.1875], "rotation": 180, "texture": "#2"},
				"east": {"uv": [0, 1, 0.1875, 1.1875], "rotation": 90, "texture": "#2"},
				"south": {"uv": [0.4375, 1, 0.5, 1.1875], "texture": "#2"},
				"west": {"uv": [0.25, 1, 0.4375, 1.1875], "rotation": 270, "texture": "#2"},
				"up": {"uv": [0.25, 1, 0.1875, 0.8125], "texture": "#2"},
				"down": {"uv": [0.3125, 0.8125, 0.25, 1], "rotation": 180, "texture": "#2"}
			}
		},
		{
			"from": [6.25, 9.95899, 3.95899],
			"to": [9.75, 15.95899, 5.95899],
			"rotation": {"angle": 0, "axis": "y", "origin": [3.25, 10.45899, 4.45899]},
			"faces": {
				"north": {"uv": [0.125, 1.5, 0.3125, 1.875], "rotation": 270, "texture": "#2"},
				"east": {"uv": [0, 1.5, 0.125, 1.875], "rotation": 180, "texture": "#2"},
				"south": {"uv": [0.4375, 1.5, 0.625, 1.875], "rotation": 90, "texture": "#2"},
				"west": {"uv": [0.3125, 1.5, 0.4375, 1.875], "texture": "#2"},
				"up": {"uv": [0.3125, 1.5, 0.125, 1.375], "rotation": 90, "texture": "#2"},
				"down": {"uv": [0.5, 1.375, 0.3125, 1.5], "rotation": 90, "texture": "#2"}
			}
		},
		{
			"from": [6, 7.95899, 2.20899],
			"to": [10, 18.95899, 3.20899],
			"rotation": {"angle": -45, "axis": "x", "origin": [8, 10.95899, 2.20899]},
			"faces": {
				"north": {"uv": [0.0625, 0.0625, 0.3125, 0.75], "rotation": 270, "texture": "#2"},
				"east": {"uv": [0, 0.0625, 0.0625, 0.75], "rotation": 180, "texture": "#2"},
				"south": {"uv": [0.375, 0.0625, 0.625, 0.75], "rotation": 90, "texture": "#2"},
				"west": {"uv": [0.3125, 0.0625, 0.375, 0.75], "texture": "#2"},
				"up": {"uv": [0.3125, 0.0625, 0.0625, 0], "rotation": 90, "texture": "#2"},
				"down": {"uv": [0.5625, 0, 0.3125, 0.0625], "rotation": 90, "texture": "#2"}
			}
		},
		{
			"from": [6, 9.95899, 5.20899],
			"to": [10, 10.95899, 24.20899],
			"rotation": {"angle": -22.5, "axis": "x", "origin": [8, 10.95899, 8.20899]},
			"faces": {
				"north": {"uv": [1.25, 1.25, 1.5, 1.3125], "rotation": 270, "texture": "#2"},
				"east": {"uv": [0.0625, 1.25, 1.25, 1.3125], "rotation": 180, "texture": "#2"},
				"south": {"uv": [2.6875, 1.25, 2.9375, 1.3125], "rotation": 90, "texture": "#2"},
				"west": {"uv": [1.5, 1.25, 2.6875, 1.3125], "texture": "#2"},
				"up": {"uv": [1.5, 1.25, 1.25, 0.0625], "rotation": 90, "texture": "#2"},
				"down": {"uv": [1.75, 0.0625, 1.5, 1.25], "rotation": 90, "texture": "#2"}
			}
		},
		{
			"from": [2, 2.45899, 4.45899],
			"to": [3, 16.45899, 5.45899],
			"rotation": {"angle": -45, "axis": "x", "origin": [2.5, 9.45899, 4.95899]},
			"faces": {
				"north": {"uv": [2, 2.5625, 2.0625, 3.4375], "rotation": 180, "texture": "#2"},
				"east": {"uv": [1.9375, 2.5625, 2, 3.4375], "rotation": 180, "texture": "#2"},
				"south": {"uv": [2.125, 2.5625, 2.1875, 3.4375], "rotation": 180, "texture": "#2"},
				"west": {"uv": [2.0625, 2.5625, 2.125, 3.4375], "rotation": 180, "texture": "#2"},
				"up": {"uv": [2.0625, 2.5625, 2, 2.5], "texture": "#2"},
				"down": {"uv": [2.125, 2.5, 2.0625, 2.5625], "texture": "#2"}
			}
		},
		{
			"from": [2, 8.95899, -2.04101],
			"to": [3, 9.95899, 11.95899],
			"rotation": {"angle": 0, "axis": "y", "origin": [2.5, 9.45899, 4.95899]},
			"faces": {
				"north": {"uv": [0.875, 2.25, 0.9375, 2.3125], "rotation": 180, "texture": "#2"},
				"east": {"uv": [0, 2.25, 0.875, 2.3125], "rotation": 180, "texture": "#2"},
				"south": {"uv": [1.8125, 2.25, 1.875, 2.3125], "rotation": 180, "texture": "#2"},
				"west": {"uv": [0.9375, 2.25, 1.8125, 2.3125], "rotation": 180, "texture": "#2"},
				"up": {"uv": [0.9375, 2.25, 0.875, 1.375], "texture": "#2"},
				"down": {"uv": [1, 1.375, 0.9375, 2.25], "texture": "#2"}
			}
		},
		{
			"from": [2, 2.45899, 4.45899],
			"to": [3, 16.45899, 5.45899],
			"rotation": {"angle": 0, "axis": "y", "origin": [2.5, 9.45899, 4.95899]},
			"faces": {
				"north": {"uv": [0.75, 0.0625, 0.8125, 0.9375], "rotation": 180, "texture": "#2"},
				"east": {"uv": [0.6875, 0.0625, 0.75, 0.9375], "rotation": 180, "texture": "#2"},
				"south": {"uv": [0.875, 0.0625, 0.9375, 0.9375], "rotation": 180, "texture": "#2"},
				"west": {"uv": [0.8125, 0.0625, 0.875, 0.9375], "rotation": 180, "texture": "#2"},
				"up": {"uv": [0.8125, 0.0625, 0.75, 0], "texture": "#2"},
				"down": {"uv": [0.875, 0, 0.8125, 0.0625], "texture": "#2"}
			}
		},
		{
			"from": [2, 2.45899, 4.45899],
			"to": [3, 16.45899, 5.45899],
			"rotation": {"angle": 45, "axis": "x", "origin": [2.5, 9.45899, 4.95899]},
			"faces": {
				"north": {"uv": [0.75, 0.0625, 0.8125, 0.9375], "rotation": 180, "texture": "#2"},
				"east": {"uv": [0.6875, 0.0625, 0.75, 0.9375], "rotation": 180, "texture": "#2"},
				"south": {"uv": [0.875, 0.0625, 0.9375, 0.9375], "rotation": 180, "texture": "#2"},
				"west": {"uv": [0.8125, 0.0625, 0.875, 0.9375], "rotation": 180, "texture": "#2"},
				"up": {"uv": [0.8125, 0.0625, 0.75, 0], "texture": "#2"},
				"down": {"uv": [0.875, 0, 0.8125, 0.0625], "texture": "#2"}
			}
		},
		{
			"from": [1.9, 3.56433, -1.66686],
			"to": [3.1, 6.56433, -0.66686],
			"rotation": {"angle": -45, "axis": "x", "origin": [2.5, 6.20647, 0.13226]},
			"faces": {
				"north": {"uv": [2.4375, 0.0625, 2.5, 0.25], "rotation": 180, "texture": "#2"},
				"east": {"uv": [2.375, 0.0625, 2.4375, 0.25], "rotation": 90, "texture": "#2"},
				"south": {"uv": [2.5625, 0.0625, 2.625, 0.25], "texture": "#2"},
				"west": {"uv": [2.5, 0.0625, 2.5625, 0.25], "rotation": 270, "texture": "#2"},
				"up": {"uv": [2.5, 0.0625, 2.4375, 0], "texture": "#2"},
				"down": {"uv": [2.5625, 0, 2.5, 0.0625], "rotation": 180, "texture": "#2"}
			}
		},
		{
			"from": [1.9, 5.8486, -1.66686],
			"to": [3.1, 8.8486, -0.66686],
			"rotation": {"angle": -22.5, "axis": "x", "origin": [2.5, 6.20647, 0.13226]},
			"faces": {
				"north": {"uv": [2.375, 0.625, 2.4375, 0.8125], "rotation": 180, "texture": "#2"},
				"east": {"uv": [2.3125, 0.625, 2.375, 0.8125], "rotation": 90, "texture": "#2"},
				"south": {"uv": [2.5, 0.625, 2.5625, 0.8125], "texture": "#2"},
				"west": {"uv": [2.4375, 0.625, 2.5, 0.8125], "rotation": 270, "texture": "#2"},
				"up": {"uv": [2.4375, 0.625, 2.375, 0.5625], "texture": "#2"},
				"down": {"uv": [2.5, 0.5625, 2.4375, 0.625], "rotation": 180, "texture": "#2"}
			}
		},
		{
			"from": [1.9, 3.5332, 1.88478],
			"to": [3.1, 4.5332, 4.88478],
			"rotation": {"angle": 22.5, "axis": "x", "origin": [2.5, 6.20647, 0.13226]},
			"faces": {
				"north": {"uv": [2.3125, 1.5625, 2.375, 1.625], "rotation": 180, "texture": "#2"},
				"east": {"uv": [2.125, 1.5625, 2.3125, 1.625], "rotation": 180, "texture": "#2"},
				"south": {"uv": [2.5625, 1.5625, 2.625, 1.625], "rotation": 180, "texture": "#2"},
				"west": {"uv": [2.375, 1.5625, 2.5625, 1.625], "rotation": 180, "texture": "#2"},
				"up": {"uv": [2.375, 1.5625, 2.3125, 1.375], "texture": "#2"},
				"down": {"uv": [2.4375, 1.375, 2.375, 1.5625], "texture": "#2"}
			}
		},
		{
			"from": [1.9, 1.91798, 3.5],
			"to": [3.1, 2.91798, 6.5],
			"rotation": {"angle": 0, "axis": "y", "origin": [2.5, 9.19101, 8.5205]},
			"faces": {
				"north": {"uv": [0.1875, 2.125, 0.25, 2.1875], "rotation": 180, "texture": "#2"},
				"east": {"uv": [0, 2.125, 0.1875, 2.1875], "rotation": 180, "texture": "#2"},
				"south": {"uv": [0.4375, 2.125, 0.5, 2.1875], "rotation": 180, "texture": "#2"},
				"west": {"uv": [0.25, 2.125, 0.4375, 2.1875], "rotation": 180, "texture": "#2"},
				"up": {"uv": [0.25, 2.125, 0.1875, 1.9375], "texture": "#2"},
				"down": {"uv": [0.3125, 1.9375, 0.25, 2.125], "texture": "#2"}
			}
		},
		{
			"from": [1.9, 4.32886, 4.72062],
			"to": [3.1, 5.32886, 7.72062],
			"rotation": {"angle": -45, "axis": "x", "origin": [2.5, 9.19101, 8.5205]},
			"faces": {
				"north": {"uv": [1.25, 2, 1.3125, 2.0625], "rotation": 180, "texture": "#2"},
				"east": {"uv": [1.0625, 2, 1.25, 2.0625], "rotation": 180, "texture": "#2"},
				"south": {"uv": [1.5, 2, 1.5625, 2.0625], "rotation": 180, "texture": "#2"},
				"west": {"uv": [1.3125, 2, 1.5, 2.0625], "rotation": 180, "texture": "#2"},
				"up": {"uv": [1.3125, 2, 1.25, 1.8125], "texture": "#2"},
				"down": {"uv": [1.375, 1.8125, 1.3125, 2], "texture": "#2"}
			}
		},
		{
			"from": [1.9, 3.24482, 3.87053],
			"to": [3.1, 4.24482, 6.87053],
			"rotation": {"angle": -22.5, "axis": "x", "origin": [2.5, 9.19101, 8.5205]},
			"faces": {
				"north": {"uv": [2, 0.5, 2.0625, 0.5625], "rotation": 180, "texture": "#2"},
				"east": {"uv": [1.8125, 0.5, 2, 0.5625], "rotation": 180, "texture": "#2"},
				"south": {"uv": [2.25, 0.5, 2.3125, 0.5625], "rotation": 180, "texture": "#2"},
				"west": {"uv": [2.0625, 0.5, 2.25, 0.5625], "rotation": 180, "texture": "#2"},
				"up": {"uv": [2.0625, 0.5, 2, 0.3125], "texture": "#2"},
				"down": {"uv": [2.125, 0.3125, 2.0625, 0.5], "texture": "#2"}
			}
		},
		{
			"from": [1.9, 6.59135, 11.70644],
			"to": [3.1, 9.59135, 12.70644],
			"rotation": {"angle": 22.5, "axis": "x", "origin": [2.5, 9.19101, 8.5205]},
			"faces": {
				"north": {"uv": [0.625, 2, 0.6875, 2.1875], "rotation": 180, "texture": "#2"},
				"east": {"uv": [0.5625, 2, 0.625, 2.1875], "rotation": 270, "texture": "#2"},
				"south": {"uv": [0.75, 2, 0.8125, 2.1875], "texture": "#2"},
				"west": {"uv": [0.6875, 2, 0.75, 2.1875], "rotation": 90, "texture": "#2"},
				"up": {"uv": [0.6875, 2, 0.625, 1.9375], "rotation": 180, "texture": "#2"},
				"down": {"uv": [0.75, 1.9375, 0.6875, 2], "texture": "#2"}
			}
		},
		{
			"from": [1.9, 14.63236, 3.66543],
			"to": [3.1, 15.63236, 6.66543],
			"rotation": {"angle": 22.5, "axis": "x", "origin": [2.5, 9.19101, 8.5205]},
			"faces": {
				"north": {"uv": [2, 0.1875, 2.0625, 0.25], "texture": "#2"},
				"east": {"uv": [1.8125, 0.1875, 2, 0.25], "texture": "#2"},
				"south": {"uv": [2.25, 0.1875, 2.3125, 0.25], "texture": "#2"},
				"west": {"uv": [2.0625, 0.1875, 2.25, 0.25], "texture": "#2"},
				"up": {"uv": [2.0625, 0.1875, 2, 0], "texture": "#2"},
				"down": {"uv": [2.125, 0, 2.0625, 0.1875], "texture": "#2"}
			}
		},
		{
			"from": [1.9, 9.28583, 11.91154],
			"to": [3.1, 12.28583, 12.91154],
			"rotation": {"angle": -22.5, "axis": "x", "origin": [2.5, 9.19101, 8.5205]},
			"faces": {
				"north": {"uv": [1.6875, 1.75, 1.75, 1.9375], "rotation": 180, "texture": "#2"},
				"east": {"uv": [1.625, 1.75, 1.6875, 1.9375], "rotation": 270, "texture": "#2"},
				"south": {"uv": [1.8125, 1.75, 1.875, 1.9375], "texture": "#2"},
				"west": {"uv": [1.75, 1.75, 1.8125, 1.9375], "rotation": 90, "texture": "#2"},
				"up": {"uv": [1.75, 1.75, 1.6875, 1.6875], "rotation": 180, "texture": "#2"},
				"down": {"uv": [1.8125, 1.6875, 1.75, 1.75], "texture": "#2"}
			}
		},
		{
			"from": [1.9, 10.36987, 12.76163],
			"to": [3.1, 13.36987, 13.76163],
			"rotation": {"angle": -45, "axis": "x", "origin": [2.5, 9.19101, 8.5205]},
			"faces": {
				"north": {"uv": [1.6875, 1.4375, 1.75, 1.625], "rotation": 180, "texture": "#2"},
				"east": {"uv": [1.625, 1.4375, 1.6875, 1.625], "rotation": 270, "texture": "#2"},
				"south": {"uv": [1.8125, 1.4375, 1.875, 1.625], "texture": "#2"},
				"west": {"uv": [1.75, 1.4375, 1.8125, 1.625], "rotation": 90, "texture": "#2"},
				"up": {"uv": [1.75, 1.4375, 1.6875, 1.375], "rotation": 180, "texture": "#2"},
				"down": {"uv": [1.8125, 1.375, 1.75, 1.4375], "texture": "#2"}
			}
		},
		{
			"from": [1.9, 7.95899, 11.54101],
			"to": [3.1, 10.95899, 12.54101],
			"rotation": {"angle": 0, "axis": "y", "origin": [2.5, 9.19101, 8.5205]},
			"faces": {
				"north": {"uv": [1, 1, 1.0625, 1.1875], "rotation": 180, "texture": "#2"},
				"east": {"uv": [0.9375, 1, 1, 1.1875], "rotation": 270, "texture": "#2"},
				"south": {"uv": [1.125, 1, 1.1875, 1.1875], "texture": "#2"},
				"west": {"uv": [1.0625, 1, 1.125, 1.1875], "rotation": 90, "texture": "#2"},
				"up": {"uv": [1.0625, 1, 1, 0.9375], "rotation": 180, "texture": "#2"},
				"down": {"uv": [1.125, 0.9375, 1.0625, 1], "texture": "#2"}
			}
		}
	],
	"display": {
		"thirdperson_righthand": {
			"rotation": [91, 0, 0],
			"translation": [-6, -2.5, -3.75]
		},
		"gui": {
			"rotation": [56, 55, -44],
			"translation": [-2, -4.5, 0],
			"scale": [0.5, 0.5, 0.5]
		},
		"head": {
			"translation": [0, -9.5, 7.75],
			"scale": [2.5, 2.5, 2.5]
		}
	},
	"groups": [
		{
			"name": "Ballista",
			"origin": [0, 0, 0],
			"color": 0,
			"children": [0, 1, 2, 3, 4, 5, 6, 7, 8, 9, 10, 11, 12, 13, 14, 15]
		},
		{
			"name": "Arrow",
			"origin": [8.57063, 19.5, -9.73918],
			"color": 0,
			"children": [16, 17, 18, 19]
		},
		{
			"name": "mount",
			"origin": [2.5, 9.19101, 8.5205],
			"color": 0,
			"children": [20, 21, 22, 23, 24, 25, 26, 27, 28, 29, 30, 31, 32, 33, 34, 35, 36, 37, 38, 39, 40, 41, 42, 43, 44, 45, 46, 47, 48, 49, 50, 51, 52, 53, 54, 55, 56, 57, 58, 59, 60, 61, 62, 63, 64, 65]
		}
	]
}