{
	"credit": "Created with Blockbench [Exported as resourcepack with the \"resourcepack_packager\" plugin]",
	"texture_size": [64, 64],
	"textures": {
		"0": "siegeengines:equipment/armour/helmets/swivelbody",
		"2": "siegeengines:equipment/armour/helmets/swivelmount",
		"3": "siegeengines:equipment/armour/helmets/swivelwheels",
		"particle": "siegeengines:equipment/armour/helmets/swivelbody"
	},
	"elements": [
		{
			"from": [6, -1, 7],
			"to": [10, 3, 9],
			"rotation": {"angle": 0, "axis": "y", "origin": [7, 0, 14]},
			"faces": {
				"north": {"uv": [6.5, 2.25, 7.5, 3.25], "texture": "#0"},
				"east": {"uv": [6, 2.25, 6.5, 3.25], "texture": "#0"},
				"south": {"uv": [8, 2.25, 9, 3.25], "texture": "#0"},
				"west": {"uv": [7.5, 2.25, 8, 3.25], "texture": "#0"},
				"up": {"uv": [7.5, 2.25, 6.5, 1.75], "texture": "#0"},
				"down": {"uv": [8.5, 1.75, 7.5, 2.25], "texture": "#0"}
			}
		},
		{
			"from": [5.75, -1.25, 9],
			"to": [10.25, 3.25, 12],
			"rotation": {"angle": 0, "axis": "y", "origin": [7, 0, 16]},
			"faces": {
				"north": {"uv": [0.75, 0.75, 1.75, 1.75], "texture": "#0"},
				"east": {"uv": [0, 0.75, 0.75, 1.75], "texture": "#0"},
				"south": {"uv": [2.5, 0.75, 3.5, 1.75], "texture": "#0"},
				"west": {"uv": [1.75, 0.75, 2.5, 1.75], "texture": "#0"},
				"up": {"uv": [1.75, 0.75, 0.75, 0], "texture": "#0"},
				"down": {"uv": [2.75, 0, 1.75, 0.75], "texture": "#0"}
			}
		},
		{
			"from": [5.5, -1.5, 12],
			"to": [10.5, 3.5, 16],
			"rotation": {"angle": 0, "axis": "y", "origin": [7, 0, 19]},
			"faces": {
				"north": {"uv": [1, 6.25, 2.25, 7.5], "texture": "#0"},
				"east": {"uv": [0, 6.25, 1, 7.5], "texture": "#0"},
				"south": {"uv": [3.25, 6.25, 4.5, 7.5], "texture": "#0"},
				"west": {"uv": [2.25, 6.25, 3.25, 7.5], "texture": "#0"},
				"up": {"uv": [2.25, 6.25, 1, 5.25], "texture": "#0"},
				"down": {"uv": [3.5, 5.25, 2.25, 6.25], "texture": "#0"}
			}
		},
		{
			"from": [5.5, -0.5, 17],
			"to": [6.5, 2.5, 21],
			"rotation": {"angle": 0, "axis": "y", "origin": [7, 0, 23]},
			"faces": {
				"north": {"uv": [7.5, 8, 7.75, 8.75], "texture": "#0"},
				"east": {"uv": [6.5, 8, 7.5, 8.75], "texture": "#0"},
				"south": {"uv": [8.75, 8, 9, 8.75], "texture": "#0"},
				"west": {"uv": [7.75, 8, 8.75, 8.75], "texture": "#0"},
				"up": {"uv": [7.75, 8, 7.5, 7], "texture": "#0"},
				"down": {"uv": [8, 7, 7.75, 8], "texture": "#0"}
			}
		},
		{
			"from": [5, 0.5, 20],
			"to": [11, 1.5, 21],
			"rotation": {"angle": 0, "axis": "y", "origin": [7, 0, 23]},
			"faces": {
				"north": {"uv": [0.25, 3.75, 1.75, 4], "texture": "#0"},
				"east": {"uv": [0, 3.75, 0.25, 4], "texture": "#0"},
				"south": {"uv": [2, 3.75, 3.5, 4], "texture": "#0"},
				"west": {"uv": [1.75, 3.75, 2, 4], "texture": "#0"},
				"up": {"uv": [1.75, 3.75, 0.25, 3.5], "texture": "#0"},
				"down": {"uv": [3.25, 3.5, 1.75, 3.75], "texture": "#0"}
			}
		},
		{
			"from": [3.75, 0.5, 7.5],
			"to": [12.25, 1.5, 8.5],
			"rotation": {"angle": 0, "axis": "y", "origin": [7, 0, 10.5]},
			"faces": {
				"north": {"uv": [4, 5.5, 6, 5.75], "texture": "#0"},
				"east": {"uv": [3.75, 5.5, 4, 5.75], "texture": "#0"},
				"south": {"uv": [6.25, 5.5, 8.25, 5.75], "texture": "#0"},
				"west": {"uv": [6, 5.5, 6.25, 5.75], "texture": "#0"},
				"up": {"uv": [6, 5.5, 4, 5.25], "texture": "#0"},
				"down": {"uv": [8, 5.25, 6, 5.5], "texture": "#0"}
			}
		},
		{
			"from": [7.5, 2.75, 16.75],
			"to": [8.5, 3.75, 19],
			"rotation": {"angle": 0, "axis": "y", "origin": [8, 3.25, 17.875]},
			"faces": {
				"north": {"uv": [10.25, 5.25, 10.5, 5.5], "texture": "#0"},
				"east": {"uv": [9.75, 5.25, 10.25, 5.5], "texture": "#0"},
				"south": {"uv": [11, 5.25, 11.25, 5.5], "texture": "#0"},
				"west": {"uv": [10.5, 5.25, 11, 5.5], "texture": "#0"},
				"up": {"uv": [10.5, 5.25, 10.25, 4.75], "rotation": 270, "texture": "#0"},
				"down": {"uv": [10.75, 4.75, 10.5, 5.25], "rotation": 90, "texture": "#0"}
			}
		},
		{
			"from": [7.5, 1.39429, 18.46858],
			"to": [8.5, 3.64429, 19.46858],
			"rotation": {"angle": -22.5, "axis": "x", "origin": [8, 2.51929, 18.96858]},
			"faces": {
				"north": {"uv": [10.75, 1.25, 11, 1.75], "rotation": 270, "texture": "#0"},
				"east": {"uv": [10.5, 1.25, 10.75, 1.75], "rotation": 270, "texture": "#0"},
				"south": {"uv": [11.25, 1.25, 11.5, 1.75], "rotation": 270, "texture": "#0"},
				"west": {"uv": [11, 1.25, 11.25, 1.75], "rotation": 90, "texture": "#0"},
				"up": {"uv": [11, 1.25, 10.75, 1], "rotation": 180, "texture": "#0"},
				"down": {"uv": [11.25, 1, 11, 1.25], "texture": "#0"}
			}
		},
		{
			"from": [7.5, 1.39429, 16.28142],
			"to": [8.5, 3.64429, 17.28142],
			"rotation": {"angle": 22.5, "axis": "x", "origin": [8, 2.51929, 16.78142]},
			"faces": {
				"north": {"uv": [10.75, 0.25, 11, 0.75], "rotation": 90, "texture": "#0"},
				"east": {"uv": [10.5, 0.25, 10.75, 0.75], "rotation": 90, "texture": "#0"},
				"south": {"uv": [11.25, 0.25, 11.5, 0.75], "rotation": 90, "texture": "#0"},
				"west": {"uv": [11, 0.25, 11.25, 0.75], "rotation": 270, "texture": "#0"},
				"up": {"uv": [11, 0.25, 10.75, 0], "texture": "#0"},
				"down": {"uv": [11.25, 0, 11, 0.25], "rotation": 180, "texture": "#0"}
			}
		},
		{
			"from": [5.5, -0.5, 21],
			"to": [10.5, 2.5, 23],
			"rotation": {"angle": 0, "axis": "y", "origin": [7, 0, 27]},
			"faces": {
				"north": {"uv": [0.5, 2.5, 1.75, 3.25], "texture": "#0"},
				"east": {"uv": [0, 2.5, 0.5, 3.25], "texture": "#0"},
				"south": {"uv": [2.25, 2.5, 3.5, 3.25], "texture": "#0"},
				"west": {"uv": [1.75, 2.5, 2.25, 3.25], "texture": "#0"},
				"up": {"uv": [1.75, 2.5, 0.5, 2], "texture": "#0"},
				"down": {"uv": [3, 2, 1.75, 2.5], "texture": "#0"}
			}
		},
		{
			"from": [5.5, -1, 16],
			"to": [6.5, 3, 17],
			"rotation": {"angle": 0, "axis": "y", "origin": [7, 0, 22]},
			"faces": {
				"north": {"uv": [4.25, 9.75, 4.5, 10.75], "texture": "#0"},
				"east": {"uv": [4, 9.75, 4.25, 10.75], "texture": "#0"},
				"south": {"uv": [4.75, 9.75, 5, 10.75], "texture": "#0"},
				"west": {"uv": [4.5, 9.75, 4.75, 10.75], "texture": "#0"},
				"up": {"uv": [4.5, 9.75, 4.25, 9.5], "texture": "#0"},
				"down": {"uv": [4.75, 9.5, 4.5, 9.75], "texture": "#0"}
			}
		},
		{
			"from": [9.5, -0.5, 17],
			"to": [10.5, 2.5, 21],
			"rotation": {"angle": 0, "axis": "y", "origin": [11, 0, 23]},
			"faces": {
				"north": {"uv": [5.75, 7, 6, 7.75], "texture": "#0"},
				"east": {"uv": [4.75, 7, 5.75, 7.75], "texture": "#0"},
				"south": {"uv": [7, 7, 7.25, 7.75], "texture": "#0"},
				"west": {"uv": [6, 7, 7, 7.75], "texture": "#0"},
				"up": {"uv": [6, 7, 5.75, 6], "texture": "#0"},
				"down": {"uv": [6.25, 6, 6, 7], "texture": "#0"}
			}
		},
		{
			"from": [6.75, -0.25, 16],
			"to": [9.25, 2.25, 20],
			"rotation": {"angle": 0, "axis": "y", "origin": [9, 0, 22]},
			"faces": {
				"north": {"uv": [7, 1, 7.5, 1.5], "texture": "#0"},
				"east": {"uv": [6, 1, 7, 1.5], "texture": "#0"},
				"south": {"uv": [8.5, 1, 9, 1.5], "texture": "#0"},
				"west": {"uv": [7.5, 1, 8.5, 1.5], "texture": "#0"},
				"up": {"uv": [7.5, 1, 7, 0], "texture": "#0"},
				"down": {"uv": [8, 0, 7.5, 1], "texture": "#0"}
			}
		},
		{
			"from": [6.9, -0.1, 23],
			"to": [9.1, 2.1, 24],
			"rotation": {"angle": 0, "axis": "y", "origin": [9, 0, 29]},
			"faces": {
				"north": {"uv": [10.25, 2.5, 10.75, 3], "texture": "#0"},
				"east": {"uv": [10, 2.5, 10.25, 3], "texture": "#0"},
				"south": {"uv": [11, 2.5, 11.5, 3], "texture": "#0"},
				"west": {"uv": [10.75, 2.5, 11, 3], "texture": "#0"},
				"up": {"uv": [10.75, 2.5, 10.25, 2.25], "texture": "#0"},
				"down": {"uv": [11.25, 2.25, 10.75, 2.5], "texture": "#0"}
			}
		},
		{
			"from": [7.15, 0.15, 24],
			"to": [8.85, 1.85, 25],
			"rotation": {"angle": 0, "axis": "y", "origin": [9, 0, 30]},
			"faces": {
				"north": {"uv": [6.75, 10.75, 7, 11], "texture": "#0"},
				"east": {"uv": [6.5, 10.75, 6.75, 11], "texture": "#0"},
				"south": {"uv": [7.25, 10.75, 7.5, 11], "texture": "#0"},
				"west": {"uv": [7, 10.75, 7.25, 11], "texture": "#0"},
				"up": {"uv": [7, 10.75, 6.75, 10.5], "texture": "#0"},
				"down": {"uv": [7.25, 10.5, 7, 10.75], "texture": "#0"}
			}
		},
		{
			"from": [7.4, 0.4, 25],
			"to": [8.6, 1.6, 27],
			"rotation": {"angle": 0, "axis": "y", "origin": [9, 0, 31]},
			"faces": {
				"north": {"uv": [7, 6.5, 7.25, 6.75], "texture": "#0"},
				"east": {"uv": [6.5, 6.5, 7, 6.75], "texture": "#0"},
				"south": {"uv": [7.75, 6.5, 8, 6.75], "texture": "#0"},
				"west": {"uv": [7.25, 6.5, 7.75, 6.75], "texture": "#0"},
				"up": {"uv": [7.25, 6.5, 7, 6], "texture": "#0"},
				"down": {"uv": [7.5, 6, 7.25, 6.5], "texture": "#0"}
			}
		},
		{
			"from": [7.5, 0.5, 27],
			"to": [8.5, 1.5, 30],
			"rotation": {"angle": 0, "axis": "y", "origin": [9, 0, 33]},
			"faces": {
				"north": {"uv": [9.25, 3.5, 9.5, 3.75], "texture": "#0"},
				"east": {"uv": [8.5, 3.5, 9.25, 3.75], "texture": "#0"},
				"south": {"uv": [10.25, 3.5, 10.5, 3.75], "texture": "#0"},
				"west": {"uv": [9.5, 3.5, 10.25, 3.75], "texture": "#0"},
				"up": {"uv": [9.5, 3.5, 9.25, 2.75], "texture": "#0"},
				"down": {"uv": [9.75, 2.75, 9.5, 3.5], "texture": "#0"}
			}
		},
		{
			"from": [7.1, 0.1, 30],
			"to": [8.9, 1.9, 31],
			"rotation": {"angle": 0, "axis": "y", "origin": [9, 0, 36]},
			"faces": {
				"north": {"uv": [5.5, 10.75, 5.75, 11], "texture": "#0"},
				"east": {"uv": [5.25, 10.75, 5.5, 11], "texture": "#0"},
				"south": {"uv": [6, 10.75, 6.25, 11], "texture": "#0"},
				"west": {"uv": [5.75, 10.75, 6, 11], "texture": "#0"},
				"up": {"uv": [5.75, 10.75, 5.5, 10.5], "texture": "#0"},
				"down": {"uv": [6, 10.5, 5.75, 10.75], "texture": "#0"}
			}
		},
		{
			"from": [7.25, 0.25, 29.5],
			"to": [8.75, 1.75, 31.25],
			"rotation": {"angle": 0, "axis": "y", "origin": [9, 0, 35.5]},
			"faces": {
				"north": {"uv": [10.5, 4.25, 10.75, 4.5], "texture": "#0"},
				"east": {"uv": [10.25, 4.25, 10.5, 4.5], "texture": "#0"},
				"south": {"uv": [11, 4.25, 11.25, 4.5], "texture": "#0"},
				"west": {"uv": [10.75, 4.25, 11, 4.5], "texture": "#0"},
				"up": {"uv": [10.75, 4.25, 10.5, 4], "texture": "#0"},
				"down": {"uv": [11, 4, 10.75, 4.25], "texture": "#0"}
			}
		},
		{
			"from": [7.5, 0.5, 30.5],
			"to": [8.5, 1.5, 31.5],
			"rotation": {"angle": 0, "axis": "y", "origin": [9, 0, 35.75]},
			"faces": {
				"north": {"uv": [3.25, 0.25, 3.5, 0.5], "texture": "#0"},
				"east": {"uv": [3, 0.25, 3.25, 0.5], "texture": "#0"},
				"south": {"uv": [3.75, 0.25, 4, 0.5], "texture": "#0"},
				"west": {"uv": [3.5, 0.25, 3.75, 0.5], "texture": "#0"},
				"up": {"uv": [3.5, 0.25, 3.25, 0], "texture": "#0"},
				"down": {"uv": [3.75, 0, 3.5, 0.25], "texture": "#0"}
			}
		},
		{
			"from": [9.5, -1, 16],
			"to": [10.5, 3, 17],
			"rotation": {"angle": 0, "axis": "y", "origin": [11, 0, 22]},
			"faces": {
				"north": {"uv": [3, 9.75, 3.25, 10.75], "texture": "#0"},
				"east": {"uv": [2.75, 9.75, 3, 10.75], "texture": "#0"},
				"south": {"uv": [3.5, 9.75, 3.75, 10.75], "texture": "#0"},
				"west": {"uv": [3.25, 9.75, 3.5, 10.75], "texture": "#0"},
				"up": {"uv": [3.25, 9.75, 3, 9.5], "texture": "#0"},
				"down": {"uv": [3.5, 9.5, 3.25, 9.75], "texture": "#0"}
			}
		},
		{
			"from": [6.25, -0.75, -10],
			"to": [9.75, 2.75, 7],
			"rotation": {"angle": 0, "axis": "y", "origin": [7, 0, 3]},
			"faces": {
				"north": {"uv": [4.25, 4.25, 5, 5], "texture": "#0"},
				"east": {"uv": [0, 4.25, 4.25, 5], "texture": "#0"},
				"south": {"uv": [9.25, 4.25, 10, 5], "texture": "#0"},
				"west": {"uv": [5, 4.25, 9.25, 5], "texture": "#0"},
				"up": {"uv": [5, 4.25, 4.25, 0], "texture": "#0"},
				"down": {"uv": [5.75, 0, 5, 4.25], "texture": "#0"}
			}
		},
		{
			"from": [6, -1, -11],
			"to": [10, 3, -10],
			"rotation": {"angle": 0, "axis": "y", "origin": [7, 0, 2]},
			"faces": {
				"north": {"uv": [0.25, 9.5, 1.25, 10.5], "texture": "#0"},
				"east": {"uv": [0, 9.5, 0.25, 10.5], "texture": "#0"},
				"south": {"uv": [1.5, 9.5, 2.5, 10.5], "texture": "#0"},
				"west": {"uv": [1.25, 9.5, 1.5, 10.5], "texture": "#0"},
				"up": {"uv": [1.25, 9.5, 0.25, 9.25], "texture": "#0"},
				"down": {"uv": [2.25, 9.25, 1.25, 9.5], "texture": "#0"}
			}
		},
		{
			"from": [6, -1, -8],
			"to": [10, 3, -7],
			"rotation": {"angle": 0, "axis": "y", "origin": [7, 0, 5]},
			"faces": {
				"north": {"uv": [8.5, 9.25, 9.5, 10.25], "texture": "#0"},
				"east": {"uv": [8.25, 9.25, 8.5, 10.25], "texture": "#0"},
				"south": {"uv": [9.75, 9.25, 10.75, 10.25], "texture": "#0"},
				"west": {"uv": [9.5, 9.25, 9.75, 10.25], "texture": "#0"},
				"up": {"uv": [9.5, 9.25, 8.5, 9], "texture": "#0"},
				"down": {"uv": [10.5, 9, 9.5, 9.25], "texture": "#0"}
			}
		},
		{
			"from": [6, -1, -5],
			"to": [10, 3, -4],
			"rotation": {"angle": 0, "axis": "y", "origin": [7, 0, 8]},
			"faces": {
				"north": {"uv": [5.75, 9.25, 6.75, 10.25], "texture": "#0"},
				"east": {"uv": [5.5, 9.25, 5.75, 10.25], "texture": "#0"},
				"south": {"uv": [7, 9.25, 8, 10.25], "texture": "#0"},
				"west": {"uv": [6.75, 9.25, 7, 10.25], "texture": "#0"},
				"up": {"uv": [6.75, 9.25, 5.75, 9], "texture": "#0"},
				"down": {"uv": [7.75, 9, 6.75, 9.25], "texture": "#0"}
			}
		},
		{
			"from": [6, -1, -2],
			"to": [10, 3, -1],
			"rotation": {"angle": 0, "axis": "y", "origin": [7, 0, 11]},
			"faces": {
				"north": {"uv": [8.5, 6, 9.5, 7], "texture": "#0"},
				"east": {"uv": [8.25, 6, 8.5, 7], "texture": "#0"},
				"south": {"uv": [9.75, 6, 10.75, 7], "texture": "#0"},
				"west": {"uv": [9.5, 6, 9.75, 7], "texture": "#0"},
				"up": {"uv": [9.5, 6, 8.5, 5.75], "texture": "#0"},
				"down": {"uv": [10.5, 5.75, 9.5, 6], "texture": "#0"}
			}
		},
		{
			"from": [6, -1, 1],
			"to": [10, 3, 2],
			"rotation": {"angle": 0, "axis": "y", "origin": [7, 0, 14]},
			"faces": {
				"north": {"uv": [3, 8.25, 4, 9.25], "texture": "#0"},
				"east": {"uv": [2.75, 8.25, 3, 9.25], "texture": "#0"},
				"south": {"uv": [4.25, 8.25, 5.25, 9.25], "texture": "#0"},
				"west": {"uv": [4, 8.25, 4.25, 9.25], "texture": "#0"},
				"up": {"uv": [4, 8.25, 3, 8], "texture": "#0"},
				"down": {"uv": [5, 8, 4, 8.25], "texture": "#0"}
			}
		},
		{
			"from": [6, -1, 4],
			"to": [10, 3, 5],
			"rotation": {"angle": 0, "axis": "y", "origin": [7, 0, 17]},
			"faces": {
				"north": {"uv": [0.25, 8, 1.25, 9], "texture": "#0"},
				"east": {"uv": [0, 8, 0.25, 9], "texture": "#0"},
				"south": {"uv": [1.5, 8, 2.5, 9], "texture": "#0"},
				"west": {"uv": [1.25, 8, 1.5, 9], "texture": "#0"},
				"up": {"uv": [1.25, 8, 0.25, 7.75], "texture": "#0"},
				"down": {"uv": [2.25, 7.75, 1.25, 8], "texture": "#0"}
			}
		},
		{
			"from": [5.75, -1.25, -11.5],
			"to": [6.75, 3.25, -10.5],
			"rotation": {"angle": 0, "axis": "y", "origin": [6.75, 0, 1.5]},
			"faces": {
				"north": {"uv": [9.5, 7.5, 9.75, 8.5], "texture": "#0"},
				"east": {"uv": [9.25, 7.5, 9.5, 8.5], "texture": "#0"},
				"south": {"uv": [10, 7.5, 10.25, 8.5], "texture": "#0"},
				"west": {"uv": [9.75, 7.5, 10, 8.5], "texture": "#0"},
				"up": {"uv": [9.75, 7.5, 9.5, 7.25], "texture": "#0"},
				"down": {"uv": [10, 7.25, 9.75, 7.5], "texture": "#0"}
			}
		},
		{
			"from": [9.5, -1.25, -11.5],
			"to": [10.5, 3.25, -10.5],
			"rotation": {"angle": 0, "axis": "y", "origin": [10.5, 0, 1.5]},
			"faces": {
				"north": {"uv": [9.5, 1, 9.75, 2], "texture": "#0"},
				"east": {"uv": [9.25, 1, 9.5, 2], "texture": "#0"},
				"south": {"uv": [10, 1, 10.25, 2], "texture": "#0"},
				"west": {"uv": [9.75, 1, 10, 2], "texture": "#0"},
				"up": {"uv": [9.75, 1, 9.5, 0.75], "texture": "#0"},
				"down": {"uv": [10, 0.75, 9.75, 1], "texture": "#0"}
			}
		},
		{
			"from": [6.75, -1.25, -11.5],
			"to": [9.5, -0.25, -10.5],
			"rotation": {"angle": 0, "axis": "z", "origin": [8.5, -0.75, -11]},
			"faces": {
				"north": {"uv": [8.5, 0.25, 9, 0.5], "rotation": 90, "texture": "#0"},
				"east": {"uv": [8.25, 0.25, 8.5, 0.5], "rotation": 270, "texture": "#0"},
				"south": {"uv": [9.25, 0.25, 9.75, 0.5], "rotation": 270, "texture": "#0"},
				"west": {"uv": [9, 0.25, 9.25, 0.5], "rotation": 270, "texture": "#0"},
				"up": {"uv": [9, 0.25, 8.5, 0], "rotation": 270, "texture": "#0"},
				"down": {"uv": [9.5, 0, 9, 0.25], "rotation": 270, "texture": "#0"}
			}
		},
		{
			"from": [6.75, 2.25, -11.5],
			"to": [9.5, 3.25, -10.5],
			"rotation": {"angle": 0, "axis": "z", "origin": [8.5, 2.75, -11]},
			"faces": {
				"north": {"uv": [6.25, 3.75, 6.75, 4], "rotation": 90, "texture": "#0"},
				"east": {"uv": [6, 3.75, 6.25, 4], "rotation": 270, "texture": "#0"},
				"south": {"uv": [7, 3.75, 7.5, 4], "rotation": 270, "texture": "#0"},
				"west": {"uv": [6.75, 3.75, 7, 4], "rotation": 270, "texture": "#0"},
				"up": {"uv": [6.75, 3.75, 6.25, 3.5], "rotation": 270, "texture": "#0"},
				"down": {"uv": [7.25, 3.5, 6.75, 3.75], "rotation": 270, "texture": "#0"}
			}
		},
		{
			"from": [4, 0.25, 6.5],
			"to": [5, 1.25, 7.5],
			"rotation": {"angle": 0, "axis": "y", "origin": [3, 0.25, 6.5]},
			"faces": {
				"north": {"uv": [4, 4.25, 4.25, 4.5], "texture": "#2"},
				"east": {"uv": [3.75, 4.25, 4, 4.5], "texture": "#2"},
				"south": {"uv": [4.5, 4.25, 4.75, 4.5], "texture": "#2"},
				"west": {"uv": [4.25, 4.25, 4.5, 4.5], "texture": "#2"},
				"up": {"uv": [4.25, 4.25, 4, 4], "texture": "#2"},
				"down": {"uv": [4.5, 4, 4.25, 4.25], "texture": "#2"}
			}
		},
		{
			"from": [6.25, -4.75, 6.5],
			"to": [9.75, -0.75, 9.5],
			"rotation": {"angle": 0, "axis": "y", "origin": [5, -3.75, 7.5]},
			"faces": {
				"north": {"uv": [0.75, 0.75, 1.5, 1.75], "texture": "#2"},
				"east": {"uv": [0, 0.75, 0.75, 1.75], "texture": "#2"},
				"south": {"uv": [2.25, 0.75, 3, 1.75], "texture": "#2"},
				"west": {"uv": [1.5, 0.75, 2.25, 1.75], "texture": "#2"},
				"up": {"uv": [1.5, 0.75, 0.75, 0], "texture": "#2"},
				"down": {"uv": [2.25, 0, 1.5, 0.75], "texture": "#2"}
			}
		},
		{
			"from": [4, 0.25, 8.5],
			"to": [5, 1.25, 9.5],
			"rotation": {"angle": 0, "axis": "y", "origin": [3, 0.25, 8.5]},
			"faces": {
				"north": {"uv": [2.75, 4.25, 3, 4.5], "texture": "#2"},
				"east": {"uv": [2.5, 4.25, 2.75, 4.5], "texture": "#2"},
				"south": {"uv": [3.25, 4.25, 3.5, 4.5], "texture": "#2"},
				"west": {"uv": [3, 4.25, 3.25, 4.5], "texture": "#2"},
				"up": {"uv": [3, 4.25, 2.75, 4], "texture": "#2"},
				"down": {"uv": [3.25, 4, 3, 4.25], "texture": "#2"}
			}
		},
		{
			"from": [4.15328, -2.4206, 7.5],
			"to": [5.15328, -0.4206, 8.5],
			"rotation": {"angle": 22.5, "axis": "z", "origin": [4.65328, -0.9206, 8]},
			"faces": {
				"north": {"uv": [3.5, 0.25, 3.75, 0.75], "texture": "#2"},
				"east": {"uv": [3.25, 0.25, 3.5, 0.75], "texture": "#2"},
				"south": {"uv": [4, 0.25, 4.25, 0.75], "texture": "#2"},
				"west": {"uv": [3.75, 0.25, 4, 0.75], "texture": "#2"},
				"up": {"uv": [3.75, 0.25, 3.5, 0], "texture": "#2"},
				"down": {"uv": [4, 0, 3.75, 0.25], "texture": "#2"}
			}
		},
		{
			"from": [4.97247, -4.24776, 7.5],
			"to": [5.97247, -1.99776, 8.5],
			"rotation": {"angle": 45, "axis": "z", "origin": [5.47247, -2.49776, 8]},
			"faces": {
				"north": {"uv": [2.75, 3.25, 3, 3.75], "texture": "#2"},
				"east": {"uv": [2.5, 3.25, 2.75, 3.75], "texture": "#2"},
				"south": {"uv": [3.25, 3.25, 3.5, 3.75], "texture": "#2"},
				"west": {"uv": [3, 3.25, 3.25, 3.75], "texture": "#2"},
				"up": {"uv": [3, 3.25, 2.75, 3], "texture": "#2"},
				"down": {"uv": [3.25, 3, 3, 3.25], "texture": "#2"}
			}
		},
		{
			"from": [4, -0.67388, 6.88268],
			"to": [5, 0.32612, 9.11732],
			"rotation": {"angle": 0, "axis": "y", "origin": [3, -0.67388, 6.88268]},
			"faces": {
				"north": {"uv": [2.25, 2.5, 2.5, 2.75], "texture": "#2"},
				"east": {"uv": [1.75, 2.5, 2.25, 2.75], "texture": "#2"},
				"south": {"uv": [3, 2.5, 3.25, 2.75], "texture": "#2"},
				"west": {"uv": [2.5, 2.5, 3, 2.75], "texture": "#2"},
				"up": {"uv": [2.5, 2.5, 2.25, 2], "texture": "#2"},
				"down": {"uv": [2.75, 2, 2.5, 2.5], "texture": "#2"}
			}
		},
		{
			"from": [4, -0.5206, 8.34672],
			"to": [5, 0.4794, 9.34672],
			"rotation": {"angle": 22.5, "axis": "x", "origin": [4.5, -0.0206, 8.84672]},
			"faces": {
				"north": {"uv": [1.5, 4.25, 1.75, 4.5], "texture": "#2"},
				"east": {"uv": [1.25, 4.25, 1.5, 4.5], "texture": "#2"},
				"south": {"uv": [2, 4.25, 2.25, 4.5], "texture": "#2"},
				"west": {"uv": [1.75, 4.25, 2, 4.5], "texture": "#2"},
				"up": {"uv": [1.75, 4.25, 1.5, 4], "texture": "#2"},
				"down": {"uv": [2, 4, 1.75, 4.25], "texture": "#2"}
			}
		},
		{
			"from": [4, -0.5206, 6.65328],
			"to": [5, 0.4794, 7.65328],
			"rotation": {"angle": -22.5, "axis": "x", "origin": [4.5, -0.0206, 7.15328]},
			"faces": {
				"north": {"uv": [0.25, 4.25, 0.5, 4.5], "texture": "#2"},
				"east": {"uv": [0, 4.25, 0.25, 4.5], "texture": "#2"},
				"south": {"uv": [0.75, 4.25, 1, 4.5], "texture": "#2"},
				"west": {"uv": [0.5, 4.25, 0.75, 4.5], "texture": "#2"},
				"up": {"uv": [0.5, 4.25, 0.25, 4], "texture": "#2"},
				"down": {"uv": [0.75, 4, 0.5, 4.25], "texture": "#2"}
			}
		},
		{
			"from": [11, 0.25, 6.5],
			"to": [12, 1.25, 7.5],
			"rotation": {"angle": 0, "axis": "y", "origin": [13, 0.25, 6.5]},
			"faces": {
				"north": {"uv": [4, 3.5, 4.25, 3.75], "texture": "#2"},
				"east": {"uv": [3.75, 3.5, 4, 3.75], "texture": "#2"},
				"south": {"uv": [4.5, 3.5, 4.75, 3.75], "texture": "#2"},
				"west": {"uv": [4.25, 3.5, 4.5, 3.75], "texture": "#2"},
				"up": {"uv": [4.25, 3.5, 4, 3.25], "texture": "#2"},
				"down": {"uv": [4.5, 3.25, 4.25, 3.5], "texture": "#2"}
			}
		},
		{
			"from": [11, 0.25, 8.5],
			"to": [12, 1.25, 9.5],
			"rotation": {"angle": 0, "axis": "y", "origin": [13, 0.25, 8.5]},
			"faces": {
				"north": {"uv": [3.75, 2.75, 4, 3], "texture": "#2"},
				"east": {"uv": [3.5, 2.75, 3.75, 3], "texture": "#2"},
				"south": {"uv": [4.25, 2.75, 4.5, 3], "texture": "#2"},
				"west": {"uv": [4, 2.75, 4.25, 3], "texture": "#2"},
				"up": {"uv": [4, 2.75, 3.75, 2.5], "texture": "#2"},
				"down": {"uv": [4.25, 2.5, 4, 2.75], "texture": "#2"}
			}
		},
		{
			"from": [11, -0.5206, 8.34672],
			"to": [12, 0.4794, 9.34672],
			"rotation": {"angle": 22.5, "axis": "x", "origin": [11.5, -0.0206, 8.84672]},
			"faces": {
				"north": {"uv": [3.5, 1.25, 3.75, 1.5], "texture": "#2"},
				"east": {"uv": [3.25, 1.25, 3.5, 1.5], "texture": "#2"},
				"south": {"uv": [4, 1.25, 4.25, 1.5], "texture": "#2"},
				"west": {"uv": [3.75, 1.25, 4, 1.5], "texture": "#2"},
				"up": {"uv": [3.75, 1.25, 3.5, 1], "texture": "#2"},
				"down": {"uv": [4, 1, 3.75, 1.25], "texture": "#2"}
			}
		},
		{
			"from": [11, -0.5206, 6.65328],
			"to": [12, 0.4794, 7.65328],
			"rotation": {"angle": -22.5, "axis": "x", "origin": [11.5, -0.0206, 7.15328]},
			"faces": {
				"north": {"uv": [3.25, 2, 3.5, 2.25], "texture": "#2"},
				"east": {"uv": [3, 2, 3.25, 2.25], "texture": "#2"},
				"south": {"uv": [3.75, 2, 4, 2.25], "texture": "#2"},
				"west": {"uv": [3.5, 2, 3.75, 2.25], "texture": "#2"},
				"up": {"uv": [3.5, 2, 3.25, 1.75], "texture": "#2"},
				"down": {"uv": [3.75, 1.75, 3.5, 2], "texture": "#2"}
			}
		},
		{
			"from": [11, -0.67388, 6.88268],
			"to": [12, 0.32612, 9.11732],
			"rotation": {"angle": 0, "axis": "y", "origin": [13, -0.67388, 6.88268]},
			"faces": {
				"north": {"uv": [0.5, 2.5, 0.75, 2.75], "texture": "#2"},
				"east": {"uv": [0, 2.5, 0.5, 2.75], "texture": "#2"},
				"south": {"uv": [1.25, 2.5, 1.5, 2.75], "texture": "#2"},
				"west": {"uv": [0.75, 2.5, 1.25, 2.75], "texture": "#2"},
				"up": {"uv": [0.75, 2.5, 0.5, 2], "texture": "#2"},
				"down": {"uv": [1, 2, 0.75, 2.5], "texture": "#2"}
			}
		},
		{
			"from": [10.84672, -2.4206, 7.5],
			"to": [11.84672, -0.4206, 8.5],
			"rotation": {"angle": -22.5, "axis": "z", "origin": [11.34672, -0.9206, 8]},
			"faces": {
				"north": {"uv": [1.5, 3.25, 1.75, 3.75], "texture": "#2"},
				"east": {"uv": [1.25, 3.25, 1.5, 3.75], "texture": "#2"},
				"south": {"uv": [2, 3.25, 2.25, 3.75], "texture": "#2"},
				"west": {"uv": [1.75, 3.25, 2, 3.75], "texture": "#2"},
				"up": {"uv": [1.75, 3.25, 1.5, 3], "texture": "#2"},
				"down": {"uv": [2, 3, 1.75, 3.25], "texture": "#2"}
			}
		},
		{
			"from": [10.02753, -4.24776, 7.5],
			"to": [11.02753, -1.99776, 8.5],
			"rotation": {"angle": -45, "axis": "z", "origin": [10.52753, -2.49776, 8]},
			"faces": {
				"north": {"uv": [0.25, 3.25, 0.5, 3.75], "texture": "#2"},
				"east": {"uv": [0, 3.25, 0.25, 3.75], "texture": "#2"},
				"south": {"uv": [0.75, 3.25, 1, 3.75], "texture": "#2"},
				"west": {"uv": [0.5, 3.25, 0.75, 3.75], "texture": "#2"},
				"up": {"uv": [0.5, 3.25, 0.25, 3], "texture": "#2"},
				"down": {"uv": [0.75, 3, 0.5, 3.25], "texture": "#2"}
			}
		},
		{
			"from": [2, -5.6, 6.9],
			"to": [14, -3.4, 9.1],
			"rotation": {"angle": 0, "axis": "y", "origin": [5, -5.5, 7]},
			"faces": {
				"north": {"uv": [0.5, 0.5, 3.5, 1], "texture": "#3"},
				"east": {"uv": [0, 0.5, 0.5, 1], "texture": "#3"},
				"south": {"uv": [4, 0.5, 7, 1], "texture": "#3"},
				"west": {"uv": [3.5, 0.5, 4, 1], "texture": "#3"},
				"up": {"uv": [3.5, 0.5, 0.5, 0], "texture": "#3"},
				"down": {"uv": [6.5, 0, 3.5, 0.5], "texture": "#3"}
			}
		},
		{
			"from": [2.15, -5, 4],
			"to": [3.35, -4, 12],
			"rotation": {"angle": 0, "axis": "y", "origin": [5.25, -5, 7.5]},
			"faces": {
				"north": {"uv": [4.75, 10.25, 5, 10.5], "texture": "#3"},
				"east": {"uv": [2.75, 10.25, 4.75, 10.5], "texture": "#3"},
				"south": {"uv": [7, 10.25, 7.25, 10.5], "texture": "#3"},
				"west": {"uv": [5, 10.25, 7, 10.5], "texture": "#3"},
				"up": {"uv": [5, 10.25, 4.75, 8.25], "texture": "#3"},
				"down": {"uv": [5.25, 8.25, 5, 10.25], "texture": "#3"}
			}
		},
		{
			"from": [2.15, -8.6, 7.5],
			"to": [3.35, -0.4, 8.5],
			"rotation": {"angle": 0, "axis": "x", "origin": [2.75, -4.5, 8]},
			"faces": {
				"north": {"uv": [3.5, 11, 3.75, 13], "texture": "#3"},
				"east": {"uv": [3.25, 11, 3.5, 13], "texture": "#3"},
				"south": {"uv": [4, 11, 4.25, 13], "texture": "#3"},
				"west": {"uv": [3.75, 11, 4, 13], "texture": "#3"},
				"up": {"uv": [3.75, 11, 3.5, 10.75], "texture": "#3"},
				"down": {"uv": [4, 10.75, 3.75, 11], "texture": "#3"}
			}
		},
		{
			"from": [2.25, -7.5, 4],
			"to": [3.25, -4.5, 12.1],
			"rotation": {"angle": 0, "axis": "y", "origin": [5.25, -5.5, 7.5]},
			"faces": {
				"north": {"uv": [7.5, 5.25, 7.75, 6], "texture": "#3"},
				"east": {"uv": [5.5, 5.25, 7.5, 6], "texture": "#3"},
				"south": {"uv": [9.75, 5.25, 10, 6], "texture": "#3"},
				"west": {"uv": [7.75, 5.25, 9.75, 6], "texture": "#3"},
				"up": {"uv": [7.75, 5.25, 7.5, 3.25], "texture": "#3"},
				"down": {"uv": [8, 3.25, 7.75, 5.25], "texture": "#3"}
			}
		},
		{
			"from": [2.25, -8.6, 5.1],
			"to": [3.25, -7.5, 10.9],
			"rotation": {"angle": 0, "axis": "y", "origin": [5.25, -7.5, 7.5]},
			"faces": {
				"north": {"uv": [11.25, 11.25, 11.5, 11.5], "texture": "#3"},
				"east": {"uv": [10, 11.25, 11.25, 11.5], "texture": "#3"},
				"south": {"uv": [12.75, 11.25, 13, 11.5], "texture": "#3"},
				"west": {"uv": [11.5, 11.25, 12.75, 11.5], "texture": "#3"},
				"up": {"uv": [11.5, 11.25, 11.25, 10], "texture": "#3"},
				"down": {"uv": [11.75, 10, 11.5, 11.25], "texture": "#3"}
			}
		},
		{
			"from": [2.15, -9.52734, 7.02734],
			"to": [3.35, -8.52734, 8.97266],
			"rotation": {"angle": 0, "axis": "y", "origin": [5.25, -9.52734, 7.52734]},
			"faces": {
				"north": {"uv": [0.25, 12.75, 0.5, 13], "texture": "#3"},
				"east": {"uv": [0, 12.75, 0.25, 13], "texture": "#3"},
				"south": {"uv": [0.75, 12.75, 1, 13], "texture": "#3"},
				"west": {"uv": [0.5, 12.75, 0.75, 13], "texture": "#3"},
				"up": {"uv": [0.5, 12.75, 0.25, 12.5], "texture": "#3"},
				"down": {"uv": [0.75, 12.5, 0.5, 12.75], "texture": "#3"}
			}
		},
		{
			"from": [2.15, -5.5, 3],
			"to": [3.35, -3.5, 4],
			"rotation": {"angle": 0, "axis": "x", "origin": [2.75, -4.5, 3.5]},
			"faces": {
				"north": {"uv": [12.5, 1.25, 12.75, 1.75], "texture": "#3"},
				"east": {"uv": [12.25, 1.25, 12.5, 1.75], "texture": "#3"},
				"south": {"uv": [13, 1.25, 13.25, 1.75], "texture": "#3"},
				"west": {"uv": [12.75, 1.25, 13, 1.75], "texture": "#3"},
				"up": {"uv": [12.75, 1.25, 12.5, 1], "texture": "#3"},
				"down": {"uv": [13, 1, 12.75, 1.25], "texture": "#3"}
			}
		},
		{
			"from": [2.15, -7.23254, 3.34462],
			"to": [3.35, -5.23254, 4.34462],
			"rotation": {"angle": -22.5, "axis": "x", "origin": [2.75, -6.23254, 3.84462]},
			"faces": {
				"north": {"uv": [12.25, 12, 12.5, 12.5], "texture": "#3"},
				"east": {"uv": [12, 12, 12.25, 12.5], "texture": "#3"},
				"south": {"uv": [12.75, 12, 13, 12.5], "texture": "#3"},
				"west": {"uv": [12.5, 12, 12.75, 12.5], "texture": "#3"},
				"up": {"uv": [12.5, 12, 12.25, 11.75], "texture": "#3"},
				"down": {"uv": [12.75, 11.75, 12.5, 12], "texture": "#3"}
			}
		},
		{
			"from": [2.15, -8.70131, 4.32603],
			"to": [3.35, -6.70131, 5.32603],
			"rotation": {"angle": -45, "axis": "x", "origin": [2.75, -7.70131, 4.82603]},
			"faces": {
				"north": {"uv": [12.25, 10.25, 12.5, 10.75], "texture": "#3"},
				"east": {"uv": [12, 10.25, 12.25, 10.75], "texture": "#3"},
				"south": {"uv": [12.75, 10.25, 13, 10.75], "texture": "#3"},
				"west": {"uv": [12.5, 10.25, 12.75, 10.75], "texture": "#3"},
				"up": {"uv": [12.5, 10.25, 12.25, 10], "texture": "#3"},
				"down": {"uv": [12.75, 10, 12.5, 10.25], "texture": "#3"}
			}
		},
		{
			"from": [2.15, -9.18272, 5.2948],
			"to": [3.35, -8.18272, 7.2948],
			"rotation": {"angle": 22.5, "axis": "x", "origin": [2.75, -8.68272, 6.2948]},
			"faces": {
				"north": {"uv": [8.75, 0.5, 9, 0.75], "texture": "#3"},
				"east": {"uv": [8.25, 0.5, 8.75, 0.75], "texture": "#3"},
				"south": {"uv": [9.5, 0.5, 9.75, 0.75], "texture": "#3"},
				"west": {"uv": [9, 0.5, 9.5, 0.75], "texture": "#3"},
				"up": {"uv": [9, 0.5, 8.75, 0], "texture": "#3"},
				"down": {"uv": [9.25, 0, 9, 0.5], "texture": "#3"}
			}
		},
		{
			"from": [2.15, -5.5, 12],
			"to": [3.35, -3.5, 13],
			"rotation": {"angle": 0, "axis": "x", "origin": [2.75, -4.5, 12.5]},
			"faces": {
				"north": {"uv": [12.25, 0.25, 12.5, 0.75], "texture": "#3"},
				"east": {"uv": [12, 0.25, 12.25, 0.75], "texture": "#3"},
				"south": {"uv": [12.75, 0.25, 13, 0.75], "texture": "#3"},
				"west": {"uv": [12.5, 0.25, 12.75, 0.75], "texture": "#3"},
				"up": {"uv": [12.5, 0.25, 12.25, 0], "texture": "#3"},
				"down": {"uv": [12.75, 0, 12.5, 0.25], "texture": "#3"}
			}
		},
		{
			"from": [2.15, -7.23254, 11.65538],
			"to": [3.35, -5.23254, 12.65538],
			"rotation": {"angle": 22.5, "axis": "x", "origin": [2.75, -6.23254, 12.15538]},
			"faces": {
				"north": {"uv": [11, 12, 11.25, 12.5], "texture": "#3"},
				"east": {"uv": [10.75, 12, 11, 12.5], "texture": "#3"},
				"south": {"uv": [11.5, 12, 11.75, 12.5], "texture": "#3"},
				"west": {"uv": [11.25, 12, 11.5, 12.5], "texture": "#3"},
				"up": {"uv": [11.25, 12, 11, 11.75], "texture": "#3"},
				"down": {"uv": [11.5, 11.75, 11.25, 12], "texture": "#3"}
			}
		},
		{
			"from": [2.15, -8.70131, 10.67397],
			"to": [3.35, -6.70131, 11.67397],
			"rotation": {"angle": 45, "axis": "x", "origin": [2.75, -7.70131, 11.17397]},
			"faces": {
				"north": {"uv": [9.75, 12, 10, 12.5], "texture": "#3"},
				"east": {"uv": [9.5, 12, 9.75, 12.5], "texture": "#3"},
				"south": {"uv": [10.25, 12, 10.5, 12.5], "texture": "#3"},
				"west": {"uv": [10, 12, 10.25, 12.5], "texture": "#3"},
				"up": {"uv": [10, 12, 9.75, 11.75], "texture": "#3"},
				"down": {"uv": [10.25, 11.75, 10, 12], "texture": "#3"}
			}
		},
		{
			"from": [2.15, -9.18272, 8.7052],
			"to": [3.35, -8.18272, 10.7052],
			"rotation": {"angle": -22.5, "axis": "x", "origin": [2.75, -8.68272, 9.7052]},
			"faces": {
				"north": {"uv": [0.5, 8.75, 0.75, 9], "texture": "#3"},
				"east": {"uv": [0, 8.75, 0.5, 9], "texture": "#3"},
				"south": {"uv": [1.25, 8.75, 1.5, 9], "texture": "#3"},
				"west": {"uv": [0.75, 8.75, 1.25, 9], "texture": "#3"},
				"up": {"uv": [0.75, 8.75, 0.5, 8.25], "texture": "#3"},
				"down": {"uv": [1, 8.25, 0.75, 8.75], "texture": "#3"}
			}
		},
		{
			"from": [2.15, -3.76746, 3.34462],
			"to": [3.35, -1.76746, 4.34462],
			"rotation": {"angle": 22.5, "axis": "x", "origin": [2.75, -2.76746, 3.84462]},
			"faces": {
				"north": {"uv": [8.5, 12, 8.75, 12.5], "texture": "#3"},
				"east": {"uv": [8.25, 12, 8.5, 12.5], "texture": "#3"},
				"south": {"uv": [9, 12, 9.25, 12.5], "texture": "#3"},
				"west": {"uv": [8.75, 12, 9, 12.5], "texture": "#3"},
				"up": {"uv": [8.75, 12, 8.5, 11.75], "texture": "#3"},
				"down": {"uv": [9, 11.75, 8.75, 12], "texture": "#3"}
			}
		},
		{
			"from": [2.15, -2.29869, 4.32603],
			"to": [3.35, -0.29869, 5.32603],
			"rotation": {"angle": 45, "axis": "x", "origin": [2.75, -1.29869, 4.82603]},
			"faces": {
				"north": {"uv": [12, 8.25, 12.25, 8.75], "texture": "#3"},
				"east": {"uv": [11.75, 8.25, 12, 8.75], "texture": "#3"},
				"south": {"uv": [12.5, 8.25, 12.75, 8.75], "texture": "#3"},
				"west": {"uv": [12.25, 8.25, 12.5, 8.75], "texture": "#3"},
				"up": {"uv": [12.25, 8.25, 12, 8], "texture": "#3"},
				"down": {"uv": [12.5, 8, 12.25, 8.25], "texture": "#3"}
			}
		},
		{
			"from": [2.15, -0.81728, 5.2948],
			"to": [3.35, 0.18272, 7.2948],
			"rotation": {"angle": -22.5, "axis": "x", "origin": [2.75, -0.31728, 6.2948]},
			"faces": {
				"north": {"uv": [0.5, 7.75, 0.75, 8], "texture": "#3"},
				"east": {"uv": [0, 7.75, 0.5, 8], "texture": "#3"},
				"south": {"uv": [1.25, 7.75, 1.5, 8], "texture": "#3"},
				"west": {"uv": [0.75, 7.75, 1.25, 8], "texture": "#3"},
				"up": {"uv": [0.75, 7.75, 0.5, 7.25], "texture": "#3"},
				"down": {"uv": [1, 7.25, 0.75, 7.75], "texture": "#3"}
			}
		},
		{
			"from": [2.15, -0.81728, 8.7052],
			"to": [3.35, 0.18272, 10.7052],
			"rotation": {"angle": 22.5, "axis": "x", "origin": [2.75, -0.31728, 9.7052]},
			"faces": {
				"north": {"uv": [6, 6.75, 6.25, 7], "texture": "#3"},
				"east": {"uv": [5.5, 6.75, 6, 7], "texture": "#3"},
				"south": {"uv": [6.75, 6.75, 7, 7], "texture": "#3"},
				"west": {"uv": [6.25, 6.75, 6.75, 7], "texture": "#3"},
				"up": {"uv": [6.25, 6.75, 6, 6.25], "texture": "#3"},
				"down": {"uv": [6.5, 6.25, 6.25, 6.75], "texture": "#3"}
			}
		},
		{
			"from": [2.15, -2.29869, 10.67397],
			"to": [3.35, -0.29869, 11.67397],
			"rotation": {"angle": -45, "axis": "x", "origin": [2.75, -1.29869, 11.17397]},
			"faces": {
				"north": {"uv": [7.25, 12, 7.5, 12.5], "texture": "#3"},
				"east": {"uv": [7, 12, 7.25, 12.5], "texture": "#3"},
				"south": {"uv": [7.75, 12, 8, 12.5], "texture": "#3"},
				"west": {"uv": [7.5, 12, 7.75, 12.5], "texture": "#3"},
				"up": {"uv": [7.5, 12, 7.25, 11.75], "texture": "#3"},
				"down": {"uv": [7.75, 11.75, 7.5, 12], "texture": "#3"}
			}
		},
		{
			"from": [2.15, -3.76746, 11.65538],
			"to": [3.35, -1.76746, 12.65538],
			"rotation": {"angle": -22.5, "axis": "x", "origin": [2.75, -2.76746, 12.15538]},
			"faces": {
				"north": {"uv": [12, 6.75, 12.25, 7.25], "texture": "#3"},
				"east": {"uv": [11.75, 6.75, 12, 7.25], "texture": "#3"},
				"south": {"uv": [12.5, 6.75, 12.75, 7.25], "texture": "#3"},
				"west": {"uv": [12.25, 6.75, 12.5, 7.25], "texture": "#3"},
				"up": {"uv": [12.25, 6.75, 12, 6.5], "texture": "#3"},
				"down": {"uv": [12.5, 6.5, 12.25, 6.75], "texture": "#3"}
			}
		},
		{
			"from": [2.15, -0.47266, 7.02734],
			"to": [3.35, 0.52734, 8.97266],
			"rotation": {"angle": 0, "axis": "y", "origin": [5.25, 0.52734, 7.52734]},
			"faces": {
				"north": {"uv": [12.5, 2.25, 12.75, 2.5], "texture": "#3"},
				"east": {"uv": [12.25, 2.25, 12.5, 2.5], "texture": "#3"},
				"south": {"uv": [13, 2.25, 13.25, 2.5], "texture": "#3"},
				"west": {"uv": [12.75, 2.25, 13, 2.5], "texture": "#3"},
				"up": {"uv": [12.75, 2.25, 12.5, 2], "texture": "#3"},
				"down": {"uv": [13, 2, 12.75, 2.25], "texture": "#3"}
			}
		},
		{
			"from": [2.25, -4.5, 4],
			"to": [3.25, -1.5, 12.1],
			"rotation": {"angle": 0, "axis": "y", "origin": [5.25, -3.5, 7.5]},
			"faces": {
				"north": {"uv": [7.5, 2, 7.75, 2.75], "texture": "#3"},
				"east": {"uv": [5.5, 2, 7.5, 2.75], "texture": "#3"},
				"south": {"uv": [9.75, 2, 10, 2.75], "texture": "#3"},
				"west": {"uv": [7.75, 2, 9.75, 2.75], "texture": "#3"},
				"up": {"uv": [7.75, 2, 7.5, 0], "texture": "#3"},
				"down": {"uv": [8, 0, 7.75, 2], "texture": "#3"}
			}
		},
		{
			"from": [2.25, -1.5, 5.25],
			"to": [3.25, -0.4, 10.85],
			"rotation": {"angle": 0, "axis": "y", "origin": [5.25, -1.5, 7.5]},
			"faces": {
				"north": {"uv": [11, 9.5, 11.25, 9.75], "texture": "#3"},
				"east": {"uv": [9.75, 9.5, 11, 9.75], "texture": "#3"},
				"south": {"uv": [12.5, 9.5, 12.75, 9.75], "texture": "#3"},
				"west": {"uv": [11.25, 9.5, 12.5, 9.75], "texture": "#3"},
				"up": {"uv": [11.25, 9.5, 11, 8.25], "texture": "#3"},
				"down": {"uv": [11.5, 8.25, 11.25, 9.5], "texture": "#3"}
			}
		},
		{
			"from": [12.75, -1.5, 5.1],
			"to": [13.75, -0.4, 11],
			"rotation": {"angle": 0, "axis": "y", "origin": [15.75, -1.5, 7.5]},
			"faces": {
				"north": {"uv": [1.25, 11, 1.5, 11.25], "texture": "#3"},
				"east": {"uv": [0, 11, 1.25, 11.25], "texture": "#3"},
				"south": {"uv": [2.75, 11, 3, 11.25], "texture": "#3"},
				"west": {"uv": [1.5, 11, 2.75, 11.25], "texture": "#3"},
				"up": {"uv": [1.5, 11, 1.25, 9.75], "texture": "#3"},
				"down": {"uv": [1.75, 9.75, 1.5, 11], "texture": "#3"}
			}
		},
		{
			"from": [12.75, -4.5, 4],
			"to": [13.75, -1.5, 12.1],
			"rotation": {"angle": 0, "axis": "y", "origin": [15.75, -3.5, 7.5]},
			"faces": {
				"north": {"uv": [4.75, 7.25, 5, 8], "texture": "#3"},
				"east": {"uv": [2.75, 7.25, 4.75, 8], "texture": "#3"},
				"south": {"uv": [7, 7.25, 7.25, 8], "texture": "#3"},
				"west": {"uv": [5, 7.25, 7, 8], "texture": "#3"},
				"up": {"uv": [5, 7.25, 4.75, 5.25], "texture": "#3"},
				"down": {"uv": [5.25, 5.25, 5, 7.25], "texture": "#3"}
			}
		},
		{
			"from": [12.65, -0.47266, 7.02734],
			"to": [13.85, 0.52734, 8.97266],
			"rotation": {"angle": 0, "axis": "y", "origin": [15.75, 0.52734, 7.52734]},
			"faces": {
				"north": {"uv": [10, 9, 10.25, 9.25], "texture": "#3"},
				"east": {"uv": [9.75, 9, 10, 9.25], "texture": "#3"},
				"south": {"uv": [10.5, 9, 10.75, 9.25], "texture": "#3"},
				"west": {"uv": [10.25, 9, 10.5, 9.25], "texture": "#3"},
				"up": {"uv": [10.25, 9, 10, 8.75], "texture": "#3"},
				"down": {"uv": [10.5, 8.75, 10.25, 9], "texture": "#3"}
			}
		},
		{
			"from": [12.65, -3.76746, 11.65538],
			"to": [13.85, -1.76746, 12.65538],
			"rotation": {"angle": -22.5, "axis": "x", "origin": [13.25, -2.76746, 12.15538]},
			"faces": {
				"north": {"uv": [6, 12, 6.25, 12.5], "texture": "#3"},
				"east": {"uv": [5.75, 12, 6, 12.5], "texture": "#3"},
				"south": {"uv": [6.5, 12, 6.75, 12.5], "texture": "#3"},
				"west": {"uv": [6.25, 12, 6.5, 12.5], "texture": "#3"},
				"up": {"uv": [6.25, 12, 6, 11.75], "texture": "#3"},
				"down": {"uv": [6.5, 11.75, 6.25, 12], "texture": "#3"}
			}
		},
		{
			"from": [12.65, -2.29869, 10.67397],
			"to": [13.85, -0.29869, 11.67397],
			"rotation": {"angle": -45, "axis": "x", "origin": [13.25, -1.29869, 11.17397]},
			"faces": {
				"north": {"uv": [12, 5.75, 12.25, 6.25], "texture": "#3"},
				"east": {"uv": [11.75, 5.75, 12, 6.25], "texture": "#3"},
				"south": {"uv": [12.5, 5.75, 12.75, 6.25], "texture": "#3"},
				"west": {"uv": [12.25, 5.75, 12.5, 6.25], "texture": "#3"},
				"up": {"uv": [12.25, 5.75, 12, 5.5], "texture": "#3"},
				"down": {"uv": [12.5, 5.5, 12.25, 5.75], "texture": "#3"}
			}
		},
		{
			"from": [12.65, -0.81728, 8.7052],
			"to": [13.85, 0.18272, 10.7052],
			"rotation": {"angle": 22.5, "axis": "x", "origin": [13.25, -0.31728, 9.7052]},
			"faces": {
				"north": {"uv": [6, 3.5, 6.25, 3.75], "texture": "#3"},
				"east": {"uv": [5.5, 3.5, 6, 3.75], "texture": "#3"},
				"south": {"uv": [6.75, 3.5, 7, 3.75], "texture": "#3"},
				"west": {"uv": [6.25, 3.5, 6.75, 3.75], "texture": "#3"},
				"up": {"uv": [6.25, 3.5, 6, 3], "texture": "#3"},
				"down": {"uv": [6.5, 3, 6.25, 3.5], "texture": "#3"}
			}
		},
		{
			"from": [12.65, -0.81728, 5.2948],
			"to": [13.85, 0.18272, 7.2948],
			"rotation": {"angle": -22.5, "axis": "x", "origin": [13.25, -0.31728, 6.2948]},
			"faces": {
				"north": {"uv": [3.25, 5.75, 3.5, 6], "texture": "#3"},
				"east": {"uv": [2.75, 5.75, 3.25, 6], "texture": "#3"},
				"south": {"uv": [4, 5.75, 4.25, 6], "texture": "#3"},
				"west": {"uv": [3.5, 5.75, 4, 6], "texture": "#3"},
				"up": {"uv": [3.5, 5.75, 3.25, 5.25], "texture": "#3"},
				"down": {"uv": [3.75, 5.25, 3.5, 5.75], "texture": "#3"}
			}
		},
		{
			"from": [12.65, -2.29869, 4.32603],
			"to": [13.85, -0.29869, 5.32603],
			"rotation": {"angle": 45, "axis": "x", "origin": [13.25, -1.29869, 4.82603]},
			"faces": {
				"north": {"uv": [4.75, 12, 5, 12.5], "texture": "#3"},
				"east": {"uv": [4.5, 12, 4.75, 12.5], "texture": "#3"},
				"south": {"uv": [5.25, 12, 5.5, 12.5], "texture": "#3"},
				"west": {"uv": [5, 12, 5.25, 12.5], "texture": "#3"},
				"up": {"uv": [5, 12, 4.75, 11.75], "texture": "#3"},
				"down": {"uv": [5.25, 11.75, 5, 12], "texture": "#3"}
			}
		},
		{
			"from": [12.65, -3.76746, 3.34462],
			"to": [13.85, -1.76746, 4.34462],
			"rotation": {"angle": 22.5, "axis": "x", "origin": [13.25, -2.76746, 3.84462]},
			"faces": {
				"north": {"uv": [11.75, 4.75, 12, 5.25], "texture": "#3"},
				"east": {"uv": [11.5, 4.75, 11.75, 5.25], "texture": "#3"},
				"south": {"uv": [12.25, 4.75, 12.5, 5.25], "texture": "#3"},
				"west": {"uv": [12, 4.75, 12.25, 5.25], "texture": "#3"},
				"up": {"uv": [12, 4.75, 11.75, 4.5], "texture": "#3"},
				"down": {"uv": [12.25, 4.5, 12, 4.75], "texture": "#3"}
			}
		},
		{
			"from": [12.65, -5, 4],
			"to": [13.85, -4, 12],
			"rotation": {"angle": 0, "axis": "y", "origin": [15.75, -5, 7.5]},
			"faces": {
				"north": {"uv": [10.25, 3, 10.5, 3.25], "texture": "#3"},
				"east": {"uv": [8.25, 3, 10.25, 3.25], "texture": "#3"},
				"south": {"uv": [12.5, 3, 12.75, 3.25], "texture": "#3"},
				"west": {"uv": [10.5, 3, 12.5, 3.25], "texture": "#3"},
				"up": {"uv": [10.5, 3, 10.25, 1], "texture": "#3"},
				"down": {"uv": [10.75, 1, 10.5, 3], "texture": "#3"}
			}
		},
		{
			"from": [12.65, -8.6, 7.5],
			"to": [13.85, -0.4, 8.5],
			"rotation": {"angle": 0, "axis": "x", "origin": [13.25, -4.5, 8]},
			"faces": {
				"north": {"uv": [10.75, 5.5, 11, 7.5], "texture": "#3"},
				"east": {"uv": [10.5, 5.5, 10.75, 7.5], "texture": "#3"},
				"south": {"uv": [11.25, 5.5, 11.5, 7.5], "texture": "#3"},
				"west": {"uv": [11, 5.5, 11.25, 7.5], "texture": "#3"},
				"up": {"uv": [11, 5.5, 10.75, 5.25], "texture": "#3"},
				"down": {"uv": [11.25, 5.25, 11, 5.5], "texture": "#3"}
			}
		},
		{
			"from": [12.65, -8.70131, 10.67397],
			"to": [13.85, -6.70131, 11.67397],
			"rotation": {"angle": 45, "axis": "x", "origin": [13.25, -7.70131, 11.17397]},
			"faces": {
				"north": {"uv": [11.75, 3.75, 12, 4.25], "texture": "#3"},
				"east": {"uv": [11.5, 3.75, 11.75, 4.25], "texture": "#3"},
				"south": {"uv": [12.25, 3.75, 12.5, 4.25], "texture": "#3"},
				"west": {"uv": [12, 3.75, 12.25, 4.25], "texture": "#3"},
				"up": {"uv": [12, 3.75, 11.75, 3.5], "texture": "#3"},
				"down": {"uv": [12.25, 3.5, 12, 3.75], "texture": "#3"}
			}
		},
		{
			"from": [12.65, -7.23254, 11.65538],
			"to": [13.85, -5.23254, 12.65538],
			"rotation": {"angle": 22.5, "axis": "x", "origin": [13.25, -6.23254, 12.15538]},
			"faces": {
				"north": {"uv": [1.5, 11.75, 1.75, 12.25], "texture": "#3"},
				"east": {"uv": [1.25, 11.75, 1.5, 12.25], "texture": "#3"},
				"south": {"uv": [2, 11.75, 2.25, 12.25], "texture": "#3"},
				"west": {"uv": [1.75, 11.75, 2, 12.25], "texture": "#3"},
				"up": {"uv": [1.75, 11.75, 1.5, 11.5], "texture": "#3"},
				"down": {"uv": [2, 11.5, 1.75, 11.75], "texture": "#3"}
			}
		},
		{
			"from": [12.65, -5.5, 12],
			"to": [13.85, -3.5, 13],
			"rotation": {"angle": 0, "axis": "x", "origin": [13.25, -4.5, 12.5]},
			"faces": {
				"north": {"uv": [0.25, 11.75, 0.5, 12.25], "texture": "#3"},
				"east": {"uv": [0, 11.75, 0.25, 12.25], "texture": "#3"},
				"south": {"uv": [0.75, 11.75, 1, 12.25], "texture": "#3"},
				"west": {"uv": [0.5, 11.75, 0.75, 12.25], "texture": "#3"},
				"up": {"uv": [0.5, 11.75, 0.25, 11.5], "texture": "#3"},
				"down": {"uv": [0.75, 11.5, 0.5, 11.75], "texture": "#3"}
			}
		},
		{
			"from": [12.75, -7.5, 4],
			"to": [13.75, -4.5, 12.1],
			"rotation": {"angle": 0, "axis": "y", "origin": [15.75, -5.5, 7.5]},
			"faces": {
				"north": {"uv": [2, 6.25, 2.25, 7], "texture": "#3"},
				"east": {"uv": [0, 6.25, 2, 7], "texture": "#3"},
				"south": {"uv": [4.25, 6.25, 4.5, 7], "texture": "#3"},
				"west": {"uv": [2.25, 6.25, 4.25, 7], "texture": "#3"},
				"up": {"uv": [2.25, 6.25, 2, 4.25], "texture": "#3"},
				"down": {"uv": [2.5, 4.25, 2.25, 6.25], "texture": "#3"}
			}
		},
		{
			"from": [12.75, -8.6, 5.1],
			"to": [13.75, -7.5, 11],
			"rotation": {"angle": 0, "axis": "y", "origin": [15.75, -7.5, 7.5]},
			"faces": {
				"north": {"uv": [9.5, 4.75, 9.75, 5], "texture": "#3"},
				"east": {"uv": [8.25, 4.75, 9.5, 5], "texture": "#3"},
				"south": {"uv": [11, 4.75, 11.25, 5], "texture": "#3"},
				"west": {"uv": [9.75, 4.75, 11, 5], "texture": "#3"},
				"up": {"uv": [9.75, 4.75, 9.5, 3.5], "texture": "#3"},
				"down": {"uv": [10, 3.5, 9.75, 4.75], "texture": "#3"}
			}
		},
		{
			"from": [12.65, -9.18272, 8.7052],
			"to": [13.85, -8.18272, 10.7052],
			"rotation": {"angle": -22.5, "axis": "x", "origin": [13.25, -8.68272, 9.7052]},
			"faces": {
				"north": {"uv": [0.5, 5.75, 0.75, 6], "texture": "#3"},
				"east": {"uv": [0, 5.75, 0.5, 6], "texture": "#3"},
				"south": {"uv": [1.25, 5.75, 1.5, 6], "texture": "#3"},
				"west": {"uv": [0.75, 5.75, 1.25, 6], "texture": "#3"},
				"up": {"uv": [0.75, 5.75, 0.5, 5.25], "texture": "#3"},
				"down": {"uv": [1, 5.25, 0.75, 5.75], "texture": "#3"}
			}
		},
		{
			"from": [12.65, -9.52734, 7.02734],
			"to": [13.85, -8.52734, 8.97266],
			"rotation": {"angle": 0, "axis": "y", "origin": [15.75, -9.52734, 7.52734]},
			"faces": {
				"north": {"uv": [8, 9.75, 8.25, 10], "texture": "#3"},
				"east": {"uv": [7.75, 9.75, 8, 10], "texture": "#3"},
				"south": {"uv": [8.5, 9.75, 8.75, 10], "texture": "#3"},
				"west": {"uv": [8.25, 9.75, 8.5, 10], "texture": "#3"},
				"up": {"uv": [8.25, 9.75, 8, 9.5], "texture": "#3"},
				"down": {"uv": [8.5, 9.5, 8.25, 9.75], "texture": "#3"}
			}
		},
		{
			"from": [12.65, -9.18272, 5.2948],
			"to": [13.85, -8.18272, 7.2948],
			"rotation": {"angle": 22.5, "axis": "x", "origin": [13.25, -8.68272, 6.2948]},
			"faces": {
				"north": {"uv": [0.5, 4.75, 0.75, 5], "texture": "#3"},
				"east": {"uv": [0, 4.75, 0.5, 5], "texture": "#3"},
				"south": {"uv": [1.25, 4.75, 1.5, 5], "texture": "#3"},
				"west": {"uv": [0.75, 4.75, 1.25, 5], "texture": "#3"},
				"up": {"uv": [0.75, 4.75, 0.5, 4.25], "texture": "#3"},
				"down": {"uv": [1, 4.25, 0.75, 4.75], "texture": "#3"}
			}
		},
		{
			"from": [12.65, -8.70131, 4.32603],
			"to": [13.85, -6.70131, 5.32603],
			"rotation": {"angle": -45, "axis": "x", "origin": [13.25, -7.70131, 4.82603]},
			"faces": {
				"north": {"uv": [11.25, 2, 11.5, 2.5], "texture": "#3"},
				"east": {"uv": [11, 2, 11.25, 2.5], "texture": "#3"},
				"south": {"uv": [11.75, 2, 12, 2.5], "texture": "#3"},
				"west": {"uv": [11.5, 2, 11.75, 2.5], "texture": "#3"},
				"up": {"uv": [11.5, 2, 11.25, 1.75], "texture": "#3"},
				"down": {"uv": [11.75, 1.75, 11.5, 2], "texture": "#3"}
			}
		},
		{
			"from": [12.65, -7.23254, 3.34462],
			"to": [13.85, -5.23254, 4.34462],
			"rotation": {"angle": -22.5, "axis": "x", "origin": [13.25, -6.23254, 3.84462]},
			"faces": {
				"north": {"uv": [11.25, 1, 11.5, 1.5], "texture": "#3"},
				"east": {"uv": [11, 1, 11.25, 1.5], "texture": "#3"},
				"south": {"uv": [11.75, 1, 12, 1.5], "texture": "#3"},
				"west": {"uv": [11.5, 1, 11.75, 1.5], "texture": "#3"},
				"up": {"uv": [11.5, 1, 11.25, 0.75], "texture": "#3"},
				"down": {"uv": [11.75, 0.75, 11.5, 1], "texture": "#3"}
			}
		},
		{
			"from": [12.65, -5.5, 3],
			"to": [13.85, -3.5, 4],
			"rotation": {"angle": 0, "axis": "x", "origin": [13.25, -4.5, 3.5]},
			"faces": {
				"north": {"uv": [8.5, 11, 8.75, 11.5], "texture": "#3"},
				"east": {"uv": [8.25, 11, 8.5, 11.5], "texture": "#3"},
				"south": {"uv": [9, 11, 9.25, 11.5], "texture": "#3"},
				"west": {"uv": [8.75, 11, 9, 11.5], "texture": "#3"},
				"up": {"uv": [8.75, 11, 8.5, 10.75], "texture": "#3"},
				"down": {"uv": [9, 10.75, 8.75, 11], "texture": "#3"}
			}
		},
		{
			"from": [8.4, -5, 4],
			"to": [10.05, -4, 12],
			"rotation": {"angle": 0, "axis": "y", "origin": [11.6, -5, 7.5]},
			"faces": {
				"north": {"uv": [2, 9.25, 2.25, 9.5], "texture": "#3"},
				"east": {"uv": [0, 9.25, 2, 9.5], "texture": "#3"},
				"south": {"uv": [4.25, 9.25, 4.5, 9.5], "texture": "#3"},
				"west": {"uv": [2.25, 9.25, 4.25, 9.5], "texture": "#3"},
				"up": {"uv": [2.25, 9.25, 2, 7.25], "texture": "#3"},
				"down": {"uv": [2.5, 7.25, 2.25, 9.25], "texture": "#3"}
			}
		},
		{
			"from": [8.4, -8.70131, 10.67397],
			"to": [10.05, -6.70131, 11.67397],
			"rotation": {"angle": 45, "axis": "x", "origin": [9.1, -7.70131, 11.17397]},
			"faces": {
				"north": {"uv": [7.25, 11, 7.5, 11.5], "texture": "#3"},
				"east": {"uv": [7, 11, 7.25, 11.5], "texture": "#3"},
				"south": {"uv": [7.75, 11, 8, 11.5], "texture": "#3"},
				"west": {"uv": [7.5, 11, 7.75, 11.5], "texture": "#3"},
				"up": {"uv": [7.5, 11, 7.25, 10.75], "texture": "#3"},
				"down": {"uv": [7.75, 10.75, 7.5, 11], "texture": "#3"}
			}
		},
		{
			"from": [8.4, -7.23254, 11.65538],
			"to": [10.05, -5.23254, 12.65538],
			"rotation": {"angle": 22.5, "axis": "x", "origin": [9.1, -6.23254, 12.15538]},
			"faces": {
				"north": {"uv": [6, 11, 6.25, 11.5], "texture": "#3"},
				"east": {"uv": [5.75, 11, 6, 11.5], "texture": "#3"},
				"south": {"uv": [6.5, 11, 6.75, 11.5], "texture": "#3"},
				"west": {"uv": [6.25, 11, 6.5, 11.5], "texture": "#3"},
				"up": {"uv": [6.25, 11, 6, 10.75], "texture": "#3"},
				"down": {"uv": [6.5, 10.75, 6.25, 11], "texture": "#3"}
			}
		},
		{
			"from": [8.4, -5.5, 12],
			"to": [10.05, -3.5, 13],
			"rotation": {"angle": 0, "axis": "x", "origin": [9.1, -4.5, 12.5]},
			"faces": {
				"north": {"uv": [4.75, 11, 5, 11.5], "texture": "#3"},
				"east": {"uv": [4.5, 11, 4.75, 11.5], "texture": "#3"},
				"south": {"uv": [5.25, 11, 5.5, 11.5], "texture": "#3"},
				"west": {"uv": [5, 11, 5.25, 11.5], "texture": "#3"},
				"up": {"uv": [5, 11, 4.75, 10.75], "texture": "#3"},
				"down": {"uv": [5.25, 10.75, 5, 11], "texture": "#3"}
			}
		},
		{
			"from": [8.5, -7.5, 4],
			"to": [9.95, -4.5, 12.1],
			"rotation": {"angle": 0, "axis": "y", "origin": [11.6, -5.5, 7.5]},
			"faces": {
				"north": {"uv": [4.75, 4.25, 5, 5], "texture": "#3"},
				"east": {"uv": [2.75, 4.25, 4.75, 5], "texture": "#3"},
				"south": {"uv": [7, 4.25, 7.25, 5], "texture": "#3"},
				"west": {"uv": [5, 4.25, 7, 5], "texture": "#3"},
				"up": {"uv": [5, 4.25, 4.75, 2.25], "texture": "#3"},
				"down": {"uv": [5.25, 2.25, 5, 4.25], "texture": "#3"}
			}
		},
		{
			"from": [8.5, -8.5, 5],
			"to": [9.95, -7.5, 11.1],
			"rotation": {"angle": 0, "axis": "y", "origin": [11.6, -7.5, 7.5]},
			"faces": {
				"north": {"uv": [9, 10.25, 9.25, 10.5], "texture": "#3"},
				"east": {"uv": [7.5, 10.25, 9, 10.5], "texture": "#3"},
				"south": {"uv": [10.75, 10.25, 11, 10.5], "texture": "#3"},
				"west": {"uv": [9.25, 10.25, 10.75, 10.5], "texture": "#3"},
				"up": {"uv": [9.25, 10.25, 9, 8.75], "texture": "#3"},
				"down": {"uv": [9.5, 8.75, 9.25, 10.25], "texture": "#3"}
			}
		},
		{
			"from": [8.4, -9.18272, 8.7052],
			"to": [10.05, -8.18272, 10.7052],
			"rotation": {"angle": -22.5, "axis": "x", "origin": [9.1, -8.68272, 9.7052]},
			"faces": {
				"north": {"uv": [3.25, 2.75, 3.5, 3], "texture": "#3"},
				"east": {"uv": [2.75, 2.75, 3.25, 3], "texture": "#3"},
				"south": {"uv": [4, 2.75, 4.25, 3], "texture": "#3"},
				"west": {"uv": [3.5, 2.75, 4, 3], "texture": "#3"},
				"up": {"uv": [3.5, 2.75, 3.25, 2.25], "texture": "#3"},
				"down": {"uv": [3.75, 2.25, 3.5, 2.75], "texture": "#3"}
			}
		},
		{
			"from": [8.4, -9.52734, 7.02734],
			"to": [10.05, -8.52734, 8.97266],
			"rotation": {"angle": 0, "axis": "y", "origin": [11.6, -9.52734, 7.52734]},
			"faces": {
				"north": {"uv": [6, 1.5, 6.25, 1.75], "texture": "#3"},
				"east": {"uv": [5.75, 1.5, 6, 1.75], "texture": "#3"},
				"south": {"uv": [6.5, 1.5, 6.75, 1.75], "texture": "#3"},
				"west": {"uv": [6.25, 1.5, 6.5, 1.75], "texture": "#3"},
				"up": {"uv": [6.25, 1.5, 6, 1.25], "texture": "#3"},
				"down": {"uv": [6.5, 1.25, 6.25, 1.5], "texture": "#3"}
			}
		},
		{
			"from": [8.4, -9.18272, 5.2948],
			"to": [10.05, -8.18272, 7.2948],
			"rotation": {"angle": 22.5, "axis": "x", "origin": [9.1, -8.68272, 6.2948]},
			"faces": {
				"north": {"uv": [3.25, 1.75, 3.5, 2], "texture": "#3"},
				"east": {"uv": [2.75, 1.75, 3.25, 2], "texture": "#3"},
				"south": {"uv": [4, 1.75, 4.25, 2], "texture": "#3"},
				"west": {"uv": [3.5, 1.75, 4, 2], "texture": "#3"},
				"up": {"uv": [3.5, 1.75, 3.25, 1.25], "texture": "#3"},
				"down": {"uv": [3.75, 1.25, 3.5, 1.75], "texture": "#3"}
			}
		},
		{
			"from": [8.4, -8.70131, 4.32603],
			"to": [10.05, -6.70131, 5.32603],
			"rotation": {"angle": -45, "axis": "x", "origin": [9.1, -7.70131, 4.82603]},
			"faces": {
				"north": {"uv": [10.5, 3.75, 10.75, 4.25], "texture": "#3"},
				"east": {"uv": [10.25, 3.75, 10.5, 4.25], "texture": "#3"},
				"south": {"uv": [11, 3.75, 11.25, 4.25], "texture": "#3"},
				"west": {"uv": [10.75, 3.75, 11, 4.25], "texture": "#3"},
				"up": {"uv": [10.75, 3.75, 10.5, 3.5], "texture": "#3"},
				"down": {"uv": [11, 3.5, 10.75, 3.75], "texture": "#3"}
			}
		},
		{
			"from": [8.4, -7.23254, 3.34462],
			"to": [10.05, -5.23254, 4.34462],
			"rotation": {"angle": -22.5, "axis": "x", "origin": [9.1, -6.23254, 3.84462]},
			"faces": {
				"north": {"uv": [10.25, 0.25, 10.5, 0.75], "texture": "#3"},
				"east": {"uv": [10, 0.25, 10.25, 0.75], "texture": "#3"},
				"south": {"uv": [10.75, 0.25, 11, 0.75], "texture": "#3"},
				"west": {"uv": [10.5, 0.25, 10.75, 0.75], "texture": "#3"},
				"up": {"uv": [10.5, 0.25, 10.25, 0], "texture": "#3"},
				"down": {"uv": [10.75, 0, 10.5, 0.25], "texture": "#3"}
			}
		},
		{
			"from": [8.4, -5.5, 3],
			"to": [10.05, -3.5, 4],
			"rotation": {"angle": 0, "axis": "x", "origin": [9.1, -4.5, 3.5]},
			"faces": {
				"north": {"uv": [0.25, 10, 0.5, 10.5], "texture": "#3"},
				"east": {"uv": [0, 10, 0.25, 10.5], "texture": "#3"},
				"south": {"uv": [0.75, 10, 1, 10.5], "texture": "#3"},
				"west": {"uv": [0.5, 10, 0.75, 10.5], "texture": "#3"},
				"up": {"uv": [0.5, 10, 0.25, 9.75], "texture": "#3"},
				"down": {"uv": [0.75, 9.75, 0.5, 10], "texture": "#3"}
			}
		},
		{
			"from": [5.9, -5.5, 3],
			"to": [7.55, -3.5, 4],
			"rotation": {"angle": 0, "axis": "x", "origin": [6.6, -4.5, 3.5]},
			"faces": {
				"north": {"uv": [7, 9, 7.25, 9.5], "texture": "#3"},
				"east": {"uv": [6.75, 9, 7, 9.5], "texture": "#3"},
				"south": {"uv": [7.5, 9, 7.75, 9.5], "texture": "#3"},
				"west": {"uv": [7.25, 9, 7.5, 9.5], "texture": "#3"},
				"up": {"uv": [7.25, 9, 7, 8.75], "texture": "#3"},
				"down": {"uv": [7.5, 8.75, 7.25, 9], "texture": "#3"}
			}
		},
		{
			"from": [5.9, -7.23254, 3.34462],
			"to": [7.55, -5.23254, 4.34462],
			"rotation": {"angle": -22.5, "axis": "x", "origin": [6.6, -6.23254, 3.84462]},
			"faces": {
				"north": {"uv": [5.75, 9, 6, 9.5], "texture": "#3"},
				"east": {"uv": [5.5, 9, 5.75, 9.5], "texture": "#3"},
				"south": {"uv": [6.25, 9, 6.5, 9.5], "texture": "#3"},
				"west": {"uv": [6, 9, 6.25, 9.5], "texture": "#3"},
				"up": {"uv": [6, 9, 5.75, 8.75], "texture": "#3"},
				"down": {"uv": [6.25, 8.75, 6, 9], "texture": "#3"}
			}
		},
		{
			"from": [5.9, -8.70131, 4.32603],
			"to": [7.55, -6.70131, 5.32603],
			"rotation": {"angle": -45, "axis": "x", "origin": [6.6, -7.70131, 4.82603]},
			"faces": {
				"north": {"uv": [8.5, 6.5, 8.75, 7], "texture": "#3"},
				"east": {"uv": [8.25, 6.5, 8.5, 7], "texture": "#3"},
				"south": {"uv": [9, 6.5, 9.25, 7], "texture": "#3"},
				"west": {"uv": [8.75, 6.5, 9, 7], "texture": "#3"},
				"up": {"uv": [8.75, 6.5, 8.5, 6.25], "texture": "#3"},
				"down": {"uv": [9, 6.25, 8.75, 6.5], "texture": "#3"}
			}
		},
		{
			"from": [5.9, -9.18272, 5.2948],
			"to": [7.55, -8.18272, 7.2948],
			"rotation": {"angle": 22.5, "axis": "x", "origin": [6.6, -8.68272, 6.2948]},
			"faces": {
				"north": {"uv": [0.5, 2.75, 0.75, 3], "texture": "#3"},
				"east": {"uv": [0, 2.75, 0.5, 3], "texture": "#3"},
				"south": {"uv": [1.25, 2.75, 1.5, 3], "texture": "#3"},
				"west": {"uv": [0.75, 2.75, 1.25, 3], "texture": "#3"},
				"up": {"uv": [0.75, 2.75, 0.5, 2.25], "texture": "#3"},
				"down": {"uv": [1, 2.25, 0.75, 2.75], "texture": "#3"}
			}
		},
		{
			"from": [5.9, -9.52734, 7.02734],
			"to": [7.55, -8.52734, 8.97266],
			"rotation": {"angle": 0, "axis": "y", "origin": [9.1, -9.52734, 7.52734]},
			"faces": {
				"north": {"uv": [4.75, 1.5, 5, 1.75], "texture": "#3"},
				"east": {"uv": [4.5, 1.5, 4.75, 1.75], "texture": "#3"},
				"south": {"uv": [5.25, 1.5, 5.5, 1.75], "texture": "#3"},
				"west": {"uv": [5, 1.5, 5.25, 1.75], "texture": "#3"},
				"up": {"uv": [5, 1.5, 4.75, 1.25], "texture": "#3"},
				"down": {"uv": [5.25, 1.25, 5, 1.5], "texture": "#3"}
			}
		},
		{
			"from": [5.9, -9.18272, 8.7052],
			"to": [7.55, -8.18272, 10.7052],
			"rotation": {"angle": -22.5, "axis": "x", "origin": [6.6, -8.68272, 9.7052]},
			"faces": {
				"north": {"uv": [0.5, 1.75, 0.75, 2], "texture": "#3"},
				"east": {"uv": [0, 1.75, 0.5, 2], "texture": "#3"},
				"south": {"uv": [1.25, 1.75, 1.5, 2], "texture": "#3"},
				"west": {"uv": [0.75, 1.75, 1.25, 2], "texture": "#3"},
				"up": {"uv": [0.75, 1.75, 0.5, 1.25], "texture": "#3"},
				"down": {"uv": [1, 1.25, 0.75, 1.75], "texture": "#3"}
			}
		},
		{
			"from": [6, -8.5, 5],
			"to": [7.45, -7.5, 11.1],
			"rotation": {"angle": 0, "axis": "y", "origin": [9.1, -7.5, 7.5]},
			"faces": {
				"north": {"uv": [9.75, 7.75, 10, 8], "texture": "#3"},
				"east": {"uv": [8.25, 7.75, 9.75, 8], "texture": "#3"},
				"south": {"uv": [11.5, 7.75, 11.75, 8], "texture": "#3"},
				"west": {"uv": [10, 7.75, 11.5, 8], "texture": "#3"},
				"up": {"uv": [10, 7.75, 9.75, 6.25], "texture": "#3"},
				"down": {"uv": [10.25, 6.25, 10, 7.75], "texture": "#3"}
			}
		},
		{
			"from": [6, -7.5, 4],
			"to": [7.45, -4.5, 12.1],
			"rotation": {"angle": 0, "axis": "y", "origin": [9.1, -5.5, 7.5]},
			"faces": {
				"north": {"uv": [2, 3.25, 2.25, 4], "texture": "#3"},
				"east": {"uv": [0, 3.25, 2, 4], "texture": "#3"},
				"south": {"uv": [4.25, 3.25, 4.5, 4], "texture": "#3"},
				"west": {"uv": [2.25, 3.25, 4.25, 4], "texture": "#3"},
				"up": {"uv": [2.25, 3.25, 2, 1.25], "texture": "#3"},
				"down": {"uv": [2.5, 1.25, 2.25, 3.25], "texture": "#3"}
			}
		},
		{
			"from": [5.9, -8.70131, 10.67397],
			"to": [7.55, -6.70131, 11.67397],
			"rotation": {"angle": 45, "axis": "x", "origin": [6.6, -7.70131, 11.17397]},
			"faces": {
				"north": {"uv": [8.5, 3.75, 8.75, 4.25], "texture": "#3"},
				"east": {"uv": [8.25, 3.75, 8.5, 4.25], "texture": "#3"},
				"south": {"uv": [9, 3.75, 9.25, 4.25], "texture": "#3"},
				"west": {"uv": [8.75, 3.75, 9, 4.25], "texture": "#3"},
				"up": {"uv": [8.75, 3.75, 8.5, 3.5], "texture": "#3"},
				"down": {"uv": [9, 3.5, 8.75, 3.75], "texture": "#3"}
			}
		},
		{
			"from": [5.9, -5, 4],
			"to": [7.55, -4, 12],
			"rotation": {"angle": 0, "axis": "y", "origin": [9.1, -5, 7.5]},
			"faces": {
				"north": {"uv": [7.5, 8.25, 7.75, 8.5], "texture": "#3"},
				"east": {"uv": [5.5, 8.25, 7.5, 8.5], "texture": "#3"},
				"south": {"uv": [9.75, 8.25, 10, 8.5], "texture": "#3"},
				"west": {"uv": [7.75, 8.25, 9.75, 8.5], "texture": "#3"},
				"up": {"uv": [7.75, 8.25, 7.5, 6.25], "texture": "#3"},
				"down": {"uv": [8, 6.25, 7.75, 8.25], "texture": "#3"}
			}
		},
		{
			"from": [5.9, -7.23254, 11.65538],
			"to": [7.55, -5.23254, 12.65538],
			"rotation": {"angle": 22.5, "axis": "x", "origin": [6.6, -6.23254, 12.15538]},
			"faces": {
				"north": {"uv": [3, 8.5, 3.25, 9], "texture": "#3"},
				"east": {"uv": [2.75, 8.5, 3, 9], "texture": "#3"},
				"south": {"uv": [3.5, 8.5, 3.75, 9], "texture": "#3"},
				"west": {"uv": [3.25, 8.5, 3.5, 9], "texture": "#3"},
				"up": {"uv": [3.25, 8.5, 3, 8.25], "texture": "#3"},
				"down": {"uv": [3.5, 8.25, 3.25, 8.5], "texture": "#3"}
			}
		},
		{
			"from": [5.9, -5.5, 12],
			"to": [7.55, -3.5, 13],
			"rotation": {"angle": 0, "axis": "x", "origin": [6.6, -4.5, 12.5]},
			"faces": {
				"north": {"uv": [8.5, 1.25, 8.75, 1.75], "texture": "#3"},
				"east": {"uv": [8.25, 1.25, 8.5, 1.75], "texture": "#3"},
				"south": {"uv": [9, 1.25, 9.25, 1.75], "texture": "#3"},
				"west": {"uv": [8.75, 1.25, 9, 1.75], "texture": "#3"},
				"up": {"uv": [8.75, 1.25, 8.5, 1], "texture": "#3"},
				"down": {"uv": [9, 1, 8.75, 1.25], "texture": "#3"}
			}
		}
	],
	"display": {
		"gui": {
			"rotation": [50, -49, 5],
			"translation": [-1.5, 3.25, 0],
			"scale": [0.5, 0.5, 0.5]
		},
		"head": {
			"translation": [0, 24, 0],
			"scale": [2.5, 2.5, 2.5]
		},
		"fixed": {
			"rotation": [0, 88, 0],
			"translation": [-1, 0, 1.25],
			"scale": [0.5, 0.5, 0.5]
		}
	},
	"groups": [
		{
			"name": "cannon body",
			"origin": [8.5, 2.75, -11],
			"color": 0,
			"children": [0, 1, 2, 3, 4, 5, 6, 7, 8, 9, 10, 11, 12, 13, 14, 15, 16, 17, 18, 19, 20, 21, 22, 23, 24, 25, 26, 27, 28, 29, 30, 31]
		},
		{
			"name": "cannonmount",
			"origin": [10.52753, -2.49776, 8],
			"color": 0,
			"children": [32, 33, 34, 35, 36, 37, 38, 39, 40, 41, 42, 43, 44, 45, 46]
		},
		{
			"name": "wheels",
			"origin": [6.6, -4.5, 12.5],
			"color": 0,
			"children": [
				47,
				48,
				49,
				50,
				51,
				52,
				53,
				54,
				55,
				56,
				57,
				58,
				59,
				60,
				61,
				62,
				63,
				64,
				65,
				66,
				67,
				68,
				69,
				70,
				71,
				72,
				73,
				74,
				75,
				76,
				77,
				78,
				79,
				80,
				81,
				82,
				83,
				84,
				85,
				86,
				87,
				88,
				89,
				90,
				91,
				92,
				93,
				94,
				95,
				96,
				97,
				98,
				99,
				100,
				101,
				102,
				103,
				104,
				105,
				106,
				107,
				108,
				109,
				110,
				111,
				112,
				113,
				114,
				115
			]
		}
	]
}