{"textures":{"0":"modelengine:entity/pb_aof_hen_brown"},"elements":[{"from":[5.0,4.5,3.5],"to":[11.0,11.0,11.5],"faces":{"east":{"uv":[0.0,0.0,2.0,1.75],"tintindex":-2,"rotation":0,"texture":"#0"},"south":{"uv":[3.5,3.75,5.0,5.5],"tintindex":-2,"rotation":0,"texture":"#0"},"north":{"uv":[3.5,2.0,5.0,3.75],"tintindex":-2,"rotation":0,"texture":"#0"},"west":{"uv":[0.0,1.75,2.0,3.5],"tintindex":-2,"rotation":0,"texture":"#0"},"up":{"uv":[1.5,5.5,0.0,3.5],"tintindex":-2,"rotation":0,"texture":"#0"},"down":{"uv":[5.0,0.0,3.5,2.0],"tintindex":-2,"rotation":0,"texture":"#0"}}},{"from":[5.25,3.5,11.25],"to":[10.75,8.5,16.25],"faces":{"east":{"uv":[3.0,7.0,4.25,8.25],"tintindex":-2,"rotation":0,"texture":"#0"},"south":{"uv":[4.25,6.5,5.75,7.75],"tintindex":-2,"rotation":0,"texture":"#0"},"west":{"uv":[7.5,1.25,8.75,2.5],"tintindex":-2,"rotation":0,"texture":"#0"},"up":{"uv":[8.0,6.5,6.5,5.25],"tintindex":-2,"rotation":0,"texture":"#0"},"down":{"uv":[7.25,6.5,5.75,7.75],"tintindex":-2,"rotation":0,"texture":"#0"}},"rotation":{"origin":[8.0,3.5,6.5],"angle":-22.5,"axis":"x"}},{"from":[5.245,4.0,4.5],"to":[10.755,8.5,12.5],"faces":{"east":{"uv":[1.5,4.0,3.5,5.25],"tintindex":-2,"rotation":0,"texture":"#0"},"south":{"uv":[0.0,5.5,1.5,6.75],"tintindex":-2,"rotation":0,"texture":"#0"},"north":{"uv":[5.0,5.25,6.5,6.5],"tintindex":-2,"rotation":0,"texture":"#0"},"west":{"uv":[5.0,0.0,7.0,1.25],"tintindex":-2,"rotation":0,"texture":"#0"},"up":{"uv":[3.5,2.0,2.0,0.0],"tintindex":-2,"rotation":0,"texture":"#0"},"down":{"uv":[3.5,2.0,2.0,4.0],"tintindex":-2,"rotation":0,"texture":"#0"}}},{"from":[6.5,7.5,17.75],"to":[9.5,11.5,21.75],"faces":{"east":{"uv":[8.25,7.75,9.25,8.75],"tintindex":-2,"rotation":0,"texture":"#0"},"south":{"uv":[8.75,1.0,9.5,2.0],"tintindex":-2,"rotation":0,"texture":"#0"},"north":{"uv":[4.25,5.5,5.0,6.5],"tintindex":-2,"rotation":0,"texture":"#0"},"west":{"uv":[8.5,0.0,9.5,1.0],"tintindex":-2,"rotation":0,"texture":"#0"},"up":{"uv":[9.5,3.0,8.75,2.0],"tintindex":-2,"rotation":0,"texture":"#0"},"down":{"uv":[9.5,3.0,8.75,4.0],"tintindex":-2,"rotation":0,"texture":"#0"}},"rotation":{"origin":[8.0,2.5,16.5],"angle":-45.0,"axis":"x"}},{"from":[8.0,9.75,12.75],"to":[8.0,15.75,16.75],"faces":{"east":{"uv":[7.75,2.5,8.75,4.0],"tintindex":-2,"rotation":0,"texture":"#0"},"west":{"uv":[4.25,7.75,5.25,9.25],"tintindex":-2,"rotation":0,"texture":"#0"}}}],"display":{"gui":{"rotation":[30,225,0]}}}