{"textures":{"0":"modelengine:entity/pb_aof_hen_brown"},"elements":[{"from":[6.5,6.0,6.0],"to":[9.5,12.0,9.0],"faces":{"east":{"uv":[6.0,7.75,6.75,9.25],"tintindex":-2,"rotation":0,"texture":"#0"},"south":{"uv":[6.75,7.75,7.5,9.25],"tintindex":-2,"rotation":0,"texture":"#0"},"north":{"uv":[5.25,7.75,6.0,9.25],"tintindex":-2,"rotation":0,"texture":"#0"},"west":{"uv":[7.5,7.75,8.25,9.25],"tintindex":-2,"rotation":0,"texture":"#0"},"up":{"uv":[9.5,7.5,8.75,6.75],"tintindex":-2,"rotation":0,"texture":"#0"}}},{"from":[7.5,9.5,4.75],"to":[8.5,11.5,8.5],"faces":{"east":{"uv":[0.75,9.0,1.75,9.5],"tintindex":-2,"rotation":0,"texture":"#0"},"north":{"uv":[1.5,3.5,1.75,4.0],"tintindex":-2,"rotation":0,"texture":"#0"},"west":{"uv":[1.75,9.0,2.75,9.5],"tintindex":-2,"rotation":0,"texture":"#0"},"up":{"uv":[5.25,10.25,5.0,9.25],"tintindex":-2,"rotation":0,"texture":"#0"},"down":{"uv":[5.5,9.25,5.25,10.25],"tintindex":-2,"rotation":0,"texture":"#0"}}},{"from":[8.0,6.0,4.75],"to":[8.0,14.0,9.75],"faces":{"east":{"uv":[5.0,1.25,6.25,3.25],"tintindex":-2,"rotation":0,"texture":"#0"},"west":{"uv":[5.0,3.25,6.25,5.25],"tintindex":-2,"rotation":0,"texture":"#0"}}}],"display":{"gui":{"rotation":[30,225,0]}}}