{"textures":{"0":"modelengine:entity/pb_aof_hen_brown"},"elements":[{"from":[7.0,3.0,5.0],"to":[8.0,8.0,11.0],"faces":{"east":{"uv":[0.0,6.75,1.5,8.0],"tintindex":-2,"rotation":0,"texture":"#0"},"south":{"uv":[4.5,9.25,4.75,10.5],"tintindex":-2,"rotation":0,"texture":"#0"},"north":{"uv":[4.25,9.25,4.5,10.5],"tintindex":-2,"rotation":0,"texture":"#0"},"west":{"uv":[1.5,6.75,3.0,8.0],"tintindex":-2,"rotation":0,"texture":"#0"},"up":{"uv":[4.25,9.75,4.0,8.25],"tintindex":-2,"rotation":0,"texture":"#0"},"down":{"uv":[3.0,9.0,2.75,10.5],"tintindex":-2,"rotation":0,"texture":"#0"}}}],"display":{"gui":{"rotation":[30,225,0]}}}