{"textures":{"0":"modelengine:entity/pb_aof_hen_brown"},"elements":[{"from":[5.25,2.0,2.0],"to":[10.75,7.5,7.0],"faces":{"east":{"uv":[3.0,5.5,4.25,7.0],"tintindex":-2,"rotation":0,"texture":"#0"},"north":{"uv":[1.5,5.25,3.0,6.75],"tintindex":-2,"rotation":0,"texture":"#0"},"west":{"uv":[6.25,1.25,7.5,2.75],"tintindex":-2,"rotation":0,"texture":"#0"},"up":{"uv":[7.75,4.0,6.25,2.75],"tintindex":-2,"rotation":0,"texture":"#0"},"down":{"uv":[7.75,4.0,6.25,5.25],"tintindex":-2,"rotation":0,"texture":"#0"}},"rotation":{"origin":[8.0,1.0,10.0],"angle":45.0,"axis":"x"}}],"display":{"gui":{"rotation":[30,225,0]}}}