{"textures":{"0":"modelengine:entity/pb_aof_hen_brown"},"elements":[{"from":[8.0,3.0,5.0],"to":[9.0,8.0,11.0],"faces":{"east":{"uv":[7.0,0.0,8.5,1.25],"tintindex":-2,"rotation":0,"texture":"#0"},"south":{"uv":[9.25,4.75,9.5,6.0],"tintindex":-2,"rotation":0,"texture":"#0"},"north":{"uv":[4.75,9.25,5.0,10.5],"tintindex":-2,"rotation":0,"texture":"#0"},"west":{"uv":[7.25,6.5,8.75,7.75],"tintindex":-2,"rotation":0,"texture":"#0"},"up":{"uv":[9.25,10.25,9.0,8.75],"tintindex":-2,"rotation":0,"texture":"#0"},"down":{"uv":[3.25,9.25,3.0,10.75],"tintindex":-2,"rotation":0,"texture":"#0"}}}],"display":{"gui":{"rotation":[30,225,0]}}}