{"textures":{"0":"modelengine:entity/pb_aof_hen_brown"},"elements":[{"from":[10.5,4.55,8.0],"to":[11.5,9.55,8.0],"faces":{"south":{"uv":[3.25,9.25,3.5,10.5],"tintindex":-2,"rotation":0,"texture":"#0"},"north":{"uv":[9.0,4.75,9.25,6.0],"tintindex":-2,"rotation":0,"texture":"#0"}}},{"from":[9.5,4.55,5.0],"to":[12.5,4.55,8.0],"faces":{"up":{"uv":[9.0,9.5,8.25,8.75],"tintindex":-2,"rotation":0,"texture":"#0"},"down":{"uv":[0.75,9.0,0.0,9.75],"tintindex":-2,"rotation":0,"texture":"#0"}}}],"display":{"gui":{"rotation":[30,225,0]}}}