{"textures":{"0":"modelengine:entity/flamingo"},"elements":[{"from":[7.0,7.0,2.0],"to":[9.0,9.0,4.0],"faces":{"east":{"uv":[4.75,11.0,5.25,11.5],"tintindex":0,"rotation":0,"texture":"#0"},"south":{"uv":[6.25,11.0,6.75,11.5],"tintindex":0,"rotation":0,"texture":"#0"},"north":{"uv":[5.25,11.0,5.75,11.5],"tintindex":0,"rotation":0,"texture":"#0"},"west":{"uv":[5.75,11.0,6.25,11.5],"tintindex":0,"rotation":0,"texture":"#0"},"up":{"uv":[5.75,11.0,5.25,10.5],"tintindex":0,"rotation":0,"texture":"#0"},"down":{"uv":[6.25,10.5,5.75,11.0],"tintindex":0,"rotation":0,"texture":"#0"}}},{"from":[6.0,7.0,4.0],"to":[7.0,10.0,5.0],"faces":{"east":{"uv":[2.25,2.25,2.5,3.0],"tintindex":0,"rotation":0,"texture":"#0"},"south":{"uv":[3.0,2.25,3.25,3.0],"tintindex":0,"rotation":0,"texture":"#0"},"north":{"uv":[2.5,2.25,2.75,3.0],"tintindex":0,"rotation":0,"texture":"#0"},"west":{"uv":[2.75,2.25,3.0,3.0],"tintindex":0,"rotation":0,"texture":"#0"},"up":{"uv":[2.75,2.25,2.5,2.0],"tintindex":0,"rotation":0,"texture":"#0"},"down":{"uv":[3.0,2.0,2.75,2.25],"tintindex":0,"rotation":0,"texture":"#0"}}},{"from":[7.0,7.0,10.0],"to":[9.0,10.0,11.0],"faces":{"east":{"uv":[1.5,0.25,1.75,1.0],"tintindex":0,"rotation":0,"texture":"#0"},"south":{"uv":[2.5,0.25,3.0,1.0],"tintindex":0,"rotation":0,"texture":"#0"},"north":{"uv":[1.75,0.25,2.25,1.0],"tintindex":0,"rotation":0,"texture":"#0"},"west":{"uv":[2.25,0.25,2.5,1.0],"tintindex":0,"rotation":0,"texture":"#0"},"up":{"uv":[2.25,0.25,1.75,0.0],"tintindex":0,"rotation":0,"texture":"#0"},"down":{"uv":[2.75,0.0,2.25,0.25],"tintindex":0,"rotation":0,"texture":"#0"}}},{"from":[6.0,6.0,5.0],"to":[7.0,11.0,9.0],"faces":{"east":{"uv":[0.0,1.0,1.0,2.25],"tintindex":0,"rotation":0,"texture":"#0"},"south":{"uv":[2.25,1.0,2.5,2.25],"tintindex":0,"rotation":0,"texture":"#0"},"north":{"uv":[1.0,1.0,1.25,2.25],"tintindex":0,"rotation":0,"texture":"#0"},"west":{"uv":[1.25,1.0,2.25,2.25],"tintindex":0,"rotation":0,"texture":"#0"},"up":{"uv":[1.25,1.0,1.0,0.0],"tintindex":0,"rotation":0,"texture":"#0"},"down":{"uv":[1.5,0.0,1.25,1.0],"tintindex":0,"rotation":0,"texture":"#0"}}},{"from":[9.0,7.0,9.0],"to":[10.0,10.0,10.0],"faces":{"east":{"uv":[0.0,7.5,0.25,8.25],"tintindex":0,"rotation":0,"texture":"#0"},"south":{"uv":[0.75,7.5,1.0,8.25],"tintindex":0,"rotation":0,"texture":"#0"},"north":{"uv":[0.25,7.5,0.5,8.25],"tintindex":0,"rotation":0,"texture":"#0"},"west":{"uv":[0.5,7.5,0.75,8.25],"tintindex":0,"rotation":0,"texture":"#0"},"up":{"uv":[0.5,7.5,0.25,7.25],"tintindex":0,"rotation":0,"texture":"#0"},"down":{"uv":[0.75,7.25,0.5,7.5],"tintindex":0,"rotation":0,"texture":"#0"}}},{"from":[9.0,7.0,4.0],"to":[10.0,10.0,5.0],"faces":{"east":{"uv":[0.0,4.25,0.25,5.0],"tintindex":0,"rotation":0,"texture":"#0"},"south":{"uv":[0.75,4.25,1.0,5.0],"tintindex":0,"rotation":0,"texture":"#0"},"north":{"uv":[0.25,4.25,0.5,5.0],"tintindex":0,"rotation":0,"texture":"#0"},"west":{"uv":[0.5,4.25,0.75,5.0],"tintindex":0,"rotation":0,"texture":"#0"},"up":{"uv":[0.5,4.25,0.25,4.0],"tintindex":0,"rotation":0,"texture":"#0"},"down":{"uv":[0.75,4.0,0.5,4.25],"tintindex":0,"rotation":0,"texture":"#0"}}},{"from":[6.0,7.0,9.0],"to":[7.0,10.0,10.0],"faces":{"east":{"uv":[0.0,0.25,0.25,1.0],"tintindex":0,"rotation":0,"texture":"#0"},"south":{"uv":[0.75,0.25,1.0,1.0],"tintindex":0,"rotation":0,"texture":"#0"},"north":{"uv":[0.25,0.25,0.5,1.0],"tintindex":0,"rotation":0,"texture":"#0"},"west":{"uv":[0.5,0.25,0.75,1.0],"tintindex":0,"rotation":0,"texture":"#0"},"up":{"uv":[0.5,0.25,0.25,0.0],"tintindex":0,"rotation":0,"texture":"#0"},"down":{"uv":[0.75,0.0,0.5,0.25],"tintindex":0,"rotation":0,"texture":"#0"}}},{"from":[7.0,6.0,4.0],"to":[9.0,11.0,10.0],"faces":{"east":{"uv":[9.5,12.25,11.0,13.5],"tintindex":0,"rotation":0,"texture":"#0"},"south":{"uv":[13.0,12.25,13.5,13.5],"tintindex":0,"rotation":0,"texture":"#0"},"north":{"uv":[11.0,12.25,11.5,13.5],"tintindex":0,"rotation":0,"texture":"#0"},"west":{"uv":[11.5,12.25,13.0,13.5],"tintindex":0,"rotation":0,"texture":"#0"},"up":{"uv":[11.5,12.25,11.0,10.75],"tintindex":0,"rotation":0,"texture":"#0"},"down":{"uv":[12.0,10.75,11.5,12.25],"tintindex":0,"rotation":0,"texture":"#0"}}},{"from":[7.0,6.0,1.0],"to":[9.0,8.0,2.0],"faces":{"east":{"uv":[1.5,4.25,1.75,4.75],"tintindex":0,"rotation":0,"texture":"#0"},"south":{"uv":[2.5,4.25,3.0,4.75],"tintindex":0,"rotation":0,"texture":"#0"},"north":{"uv":[1.75,4.25,2.25,4.75],"tintindex":0,"rotation":0,"texture":"#0"},"west":{"uv":[2.25,4.25,2.5,4.75],"tintindex":0,"rotation":0,"texture":"#0"},"up":{"uv":[2.25,4.25,1.75,4.0],"tintindex":0,"rotation":0,"texture":"#0"},"down":{"uv":[2.75,4.0,2.25,4.25],"tintindex":0,"rotation":0,"texture":"#0"}}},{"from":[9.0,6.0,5.0],"to":[10.0,11.0,9.0],"faces":{"east":{"uv":[0.0,5.0,1.0,6.25],"tintindex":0,"rotation":0,"texture":"#0"},"south":{"uv":[2.25,5.0,2.5,6.25],"tintindex":0,"rotation":0,"texture":"#0"},"north":{"uv":[1.0,5.0,1.25,6.25],"tintindex":0,"rotation":0,"texture":"#0"},"west":{"uv":[1.25,5.0,2.25,6.25],"tintindex":0,"rotation":0,"texture":"#0"},"up":{"uv":[1.25,5.0,1.0,4.0],"tintindex":0,"rotation":0,"texture":"#0"},"down":{"uv":[1.5,4.0,1.25,5.0],"tintindex":0,"rotation":0,"texture":"#0"}}}],"display":{"gui":{"rotation":[30,225,0]}}}