{"textures":{"0":"modelengine:entity/flamingo"},"elements":[{"from":[7.8,0.8,7.8],"to":[9.2,3.2,9.2],"faces":{"east":{"uv":[10.5,0.25,10.75,0.75],"tintindex":0,"rotation":0,"texture":"#0"},"south":{"uv":[11.25,0.25,11.5,0.75],"tintindex":0,"rotation":0,"texture":"#0"},"north":{"uv":[10.75,0.25,11.0,0.75],"tintindex":0,"rotation":0,"texture":"#0"},"west":{"uv":[11.0,0.25,11.25,0.75],"tintindex":0,"rotation":0,"texture":"#0"},"up":{"uv":[11.0,0.25,10.75,0.0],"tintindex":0,"rotation":0,"texture":"#0"},"down":{"uv":[11.25,0.0,11.0,0.25],"tintindex":0,"rotation":0,"texture":"#0"}}},{"from":[7.0,-5.0,8.0],"to":[10.0,-4.0,9.0],"faces":{"east":{"uv":[7.25,2.5,7.5,2.75],"tintindex":0,"rotation":0,"texture":"#0"},"south":{"uv":[8.5,2.5,9.25,2.75],"tintindex":0,"rotation":0,"texture":"#0"},"north":{"uv":[7.5,2.5,8.25,2.75],"tintindex":0,"rotation":0,"texture":"#0"},"west":{"uv":[8.25,2.5,8.5,2.75],"tintindex":0,"rotation":0,"texture":"#0"},"up":{"uv":[8.25,2.5,7.5,2.25],"tintindex":0,"rotation":0,"texture":"#0"},"down":{"uv":[9.0,2.25,8.25,2.5],"tintindex":0,"rotation":0,"texture":"#0"}}},{"from":[8.0,2.0,8.0],"to":[9.0,9.0,9.0],"faces":{"east":{"uv":[9.75,7.75,10.0,9.5],"tintindex":0,"rotation":0,"texture":"#0"},"south":{"uv":[10.5,7.75,10.75,9.5],"tintindex":0,"rotation":0,"texture":"#0"},"north":{"uv":[10.0,7.75,10.25,9.5],"tintindex":0,"rotation":0,"texture":"#0"},"west":{"uv":[10.25,7.75,10.5,9.5],"tintindex":0,"rotation":0,"texture":"#0"},"up":{"uv":[10.25,7.75,10.0,7.5],"tintindex":0,"rotation":0,"texture":"#0"},"down":{"uv":[10.5,7.5,10.25,7.75],"tintindex":0,"rotation":0,"texture":"#0"}}},{"from":[8.0,-4.0,8.0],"to":[9.0,2.0,9.0],"faces":{"east":{"uv":[10.5,0.25,10.75,1.75],"tintindex":0,"rotation":0,"texture":"#0"},"south":{"uv":[11.25,0.25,11.5,1.75],"tintindex":0,"rotation":0,"texture":"#0"},"north":{"uv":[10.75,0.25,11.0,1.75],"tintindex":0,"rotation":0,"texture":"#0"},"west":{"uv":[11.0,0.25,11.25,1.75],"tintindex":0,"rotation":0,"texture":"#0"},"up":{"uv":[11.0,0.25,10.75,0.0],"tintindex":0,"rotation":0,"texture":"#0"},"down":{"uv":[11.25,0.0,11.0,0.25],"tintindex":0,"rotation":0,"texture":"#0"}}},{"from":[7.0,-6.0,6.0],"to":[10.0,-5.0,8.0],"faces":{"east":{"uv":[0.0,6.75,0.5,7.0],"tintindex":0,"rotation":0,"texture":"#0"},"south":{"uv":[1.75,6.75,2.5,7.0],"tintindex":0,"rotation":0,"texture":"#0"},"north":{"uv":[0.5,6.75,1.25,7.0],"tintindex":0,"rotation":0,"texture":"#0"},"west":{"uv":[1.25,6.75,1.75,7.0],"tintindex":0,"rotation":0,"texture":"#0"},"up":{"uv":[1.25,6.75,0.5,6.25],"tintindex":0,"rotation":0,"texture":"#0"},"down":{"uv":[2.0,6.25,1.25,6.75],"tintindex":0,"rotation":0,"texture":"#0"}}}],"display":{"gui":{"rotation":[30,225,0]}}}