{"textures":{"0":"modelengine:entity/flamingo"},"elements":[{"from":[7.0,7.0,8.0],"to":[8.0,11.0,15.0],"faces":{"east":{"uv":[10.5,1.75,12.25,2.75],"tintindex":0,"rotation":0,"texture":"#0"},"south":{"uv":[14.25,1.75,14.5,2.75],"tintindex":0,"rotation":0,"texture":"#0"},"north":{"uv":[12.25,1.75,12.5,2.75],"tintindex":0,"rotation":0,"texture":"#0"},"west":{"uv":[12.5,1.75,14.25,2.75],"tintindex":0,"rotation":0,"texture":"#0"},"up":{"uv":[12.5,1.75,12.25,0.0],"tintindex":0,"rotation":0,"texture":"#0"},"down":{"uv":[12.75,0.0,12.5,1.75],"tintindex":0,"rotation":0,"texture":"#0"}}},{"from":[7.0,7.0,7.0],"to":[8.0,11.0,8.0],"faces":{"east":{"uv":[3.0,10.75,3.25,11.75],"tintindex":0,"rotation":0,"texture":"#0"},"south":{"uv":[3.75,10.75,4.0,11.75],"tintindex":0,"rotation":0,"texture":"#0"},"north":{"uv":[3.25,10.75,3.5,11.75],"tintindex":0,"rotation":0,"texture":"#0"},"west":{"uv":[3.5,10.75,3.75,11.75],"tintindex":0,"rotation":0,"texture":"#0"},"up":{"uv":[3.5,10.75,3.25,10.5],"tintindex":0,"rotation":0,"texture":"#0"},"down":{"uv":[3.75,10.5,3.5,10.75],"tintindex":0,"rotation":0,"texture":"#0"}}},{"from":[7.0,9.0,15.0],"to":[8.0,10.0,18.0],"faces":{"east":{"uv":[6.5,8.25,7.25,8.5],"tintindex":0,"rotation":0,"texture":"#0"},"south":{"uv":[8.25,8.25,8.5,8.5],"tintindex":0,"rotation":0,"texture":"#0"},"north":{"uv":[7.25,8.25,7.5,8.5],"tintindex":0,"rotation":0,"texture":"#0"},"west":{"uv":[7.5,8.25,8.25,8.5],"tintindex":0,"rotation":0,"texture":"#0"},"up":{"uv":[7.5,8.25,7.25,7.5],"tintindex":0,"rotation":0,"texture":"#0"},"down":{"uv":[7.75,7.5,7.5,8.25],"tintindex":0,"rotation":0,"texture":"#0"}}},{"from":[7.0,7.0,15.0],"to":[8.0,9.0,19.0],"faces":{"east":{"uv":[0.0,8.25,1.0,8.75],"tintindex":0,"rotation":0,"texture":"#0"},"south":{"uv":[2.25,8.25,2.5,8.75],"tintindex":0,"rotation":0,"texture":"#0"},"north":{"uv":[1.0,8.25,1.25,8.75],"tintindex":0,"rotation":0,"texture":"#0"},"west":{"uv":[1.25,8.25,2.25,8.75],"tintindex":0,"rotation":0,"texture":"#0"},"up":{"uv":[1.25,8.25,1.0,7.25],"tintindex":0,"rotation":0,"texture":"#0"},"down":{"uv":[1.5,7.25,1.25,8.25],"tintindex":0,"rotation":0,"texture":"#0"}}},{"from":[7.0,6.0,8.0],"to":[8.0,7.0,18.0],"faces":{"east":{"uv":[9.75,10.0,12.25,10.25],"tintindex":0,"rotation":0,"texture":"#0"},"south":{"uv":[15.0,10.0,15.25,10.25],"tintindex":0,"rotation":0,"texture":"#0"},"north":{"uv":[12.25,10.0,12.5,10.25],"tintindex":0,"rotation":0,"texture":"#0"},"west":{"uv":[12.5,10.0,15.0,10.25],"tintindex":0,"rotation":0,"texture":"#0"},"up":{"uv":[12.5,10.0,12.25,7.5],"tintindex":0,"rotation":0,"texture":"#0"},"down":{"uv":[12.75,7.5,12.5,10.0],"tintindex":0,"rotation":0,"texture":"#0"}}},{"from":[7.0,11.0,8.0],"to":[8.0,12.0,13.0],"faces":{"east":{"uv":[3.0,11.75,4.25,12.0],"tintindex":0,"rotation":0,"texture":"#0"},"south":{"uv":[5.75,11.75,6.0,12.0],"tintindex":0,"rotation":0,"texture":"#0"},"north":{"uv":[4.25,11.75,4.5,12.0],"tintindex":0,"rotation":0,"texture":"#0"},"west":{"uv":[4.5,11.75,5.75,12.0],"tintindex":0,"rotation":0,"texture":"#0"},"up":{"uv":[4.5,11.75,4.25,10.5],"tintindex":0,"rotation":0,"texture":"#0"},"down":{"uv":[4.75,10.5,4.5,11.75],"tintindex":0,"rotation":0,"texture":"#0"}}}],"display":{"gui":{"rotation":[30,225,0]}}}