{"textures":{"0":"modelengine:entity/flamingo"},"elements":[{"from":[8.0,7.0,7.0],"to":[9.0,11.0,8.0],"faces":{"east":{"uv":[10.75,7.75,11.0,8.75],"tintindex":0,"rotation":0,"texture":"#0"},"south":{"uv":[11.5,7.75,11.75,8.75],"tintindex":0,"rotation":0,"texture":"#0"},"north":{"uv":[11.0,7.75,11.25,8.75],"tintindex":0,"rotation":0,"texture":"#0"},"west":{"uv":[11.25,7.75,11.5,8.75],"tintindex":0,"rotation":0,"texture":"#0"},"up":{"uv":[11.25,7.75,11.0,7.5],"tintindex":0,"rotation":0,"texture":"#0"},"down":{"uv":[11.5,7.5,11.25,7.75],"tintindex":0,"rotation":0,"texture":"#0"}}},{"from":[8.0,6.0,8.0],"to":[9.0,7.0,18.0],"faces":{"east":{"uv":[0.0,12.75,2.5,13.0],"tintindex":0,"rotation":0,"texture":"#0"},"south":{"uv":[5.25,12.75,5.5,13.0],"tintindex":0,"rotation":0,"texture":"#0"},"north":{"uv":[2.5,12.75,2.75,13.0],"tintindex":0,"rotation":0,"texture":"#0"},"west":{"uv":[2.75,12.75,5.25,13.0],"tintindex":0,"rotation":0,"texture":"#0"},"up":{"uv":[2.75,12.75,2.5,10.25],"tintindex":0,"rotation":0,"texture":"#0"},"down":{"uv":[3.0,10.25,2.75,12.75],"tintindex":0,"rotation":0,"texture":"#0"}}},{"from":[8.0,11.0,8.0],"to":[9.0,12.0,13.0],"faces":{"east":{"uv":[7.75,12.0,9.0,12.25],"tintindex":0,"rotation":0,"texture":"#0"},"south":{"uv":[10.5,12.0,10.75,12.25],"tintindex":0,"rotation":0,"texture":"#0"},"north":{"uv":[9.0,12.0,9.25,12.25],"tintindex":0,"rotation":0,"texture":"#0"},"west":{"uv":[9.25,12.0,10.5,12.25],"tintindex":0,"rotation":0,"texture":"#0"},"up":{"uv":[9.25,12.0,9.0,10.75],"tintindex":0,"rotation":0,"texture":"#0"},"down":{"uv":[9.5,10.75,9.25,12.0],"tintindex":0,"rotation":0,"texture":"#0"}}},{"from":[8.0,7.0,8.0],"to":[9.0,11.0,15.0],"faces":{"east":{"uv":[5.5,12.5,7.25,13.5],"tintindex":0,"rotation":0,"texture":"#0"},"south":{"uv":[9.25,12.5,9.5,13.5],"tintindex":0,"rotation":0,"texture":"#0"},"north":{"uv":[7.25,12.5,7.5,13.5],"tintindex":0,"rotation":0,"texture":"#0"},"west":{"uv":[7.5,12.5,9.25,13.5],"tintindex":0,"rotation":0,"texture":"#0"},"up":{"uv":[7.5,12.5,7.25,10.75],"tintindex":0,"rotation":0,"texture":"#0"},"down":{"uv":[7.75,10.75,7.5,12.5],"tintindex":0,"rotation":0,"texture":"#0"}}},{"from":[8.0,9.0,15.0],"to":[9.0,10.0,18.0],"faces":{"east":{"uv":[6.5,9.25,7.25,9.5],"tintindex":0,"rotation":0,"texture":"#0"},"south":{"uv":[8.25,9.25,8.5,9.5],"tintindex":0,"rotation":0,"texture":"#0"},"north":{"uv":[7.25,9.25,7.5,9.5],"tintindex":0,"rotation":0,"texture":"#0"},"west":{"uv":[7.5,9.25,8.25,9.5],"tintindex":0,"rotation":0,"texture":"#0"},"up":{"uv":[7.5,9.25,7.25,8.5],"tintindex":0,"rotation":0,"texture":"#0"},"down":{"uv":[7.75,8.5,7.5,9.25],"tintindex":0,"rotation":0,"texture":"#0"}}},{"from":[8.0,7.0,15.0],"to":[9.0,9.0,19.0],"faces":{"east":{"uv":[7.25,1.0,8.25,1.5],"tintindex":0,"rotation":0,"texture":"#0"},"south":{"uv":[9.5,1.0,9.75,1.5],"tintindex":0,"rotation":0,"texture":"#0"},"north":{"uv":[8.25,1.0,8.5,1.5],"tintindex":0,"rotation":0,"texture":"#0"},"west":{"uv":[8.5,1.0,9.5,1.5],"tintindex":0,"rotation":0,"texture":"#0"},"up":{"uv":[8.5,1.0,8.25,0.0],"tintindex":0,"rotation":0,"texture":"#0"},"down":{"uv":[8.75,0.0,8.5,1.0],"tintindex":0,"rotation":0,"texture":"#0"}}}],"display":{"gui":{"rotation":[30,225,0]}}}