{
  "parent": "block/carved_pumpkin",
    "overrides":[
        {"predicate":{"custom_model_data":122}, "model": "siegeengines:trebuchet"},
        {"predicate":{"custom_model_data":123}, "model": "siegeengines:trebuchet1"},
        {"predicate":{"custom_model_data":124}, "model": "siegeengines:trebuchet2"},
        {"predicate":{"custom_model_data":125}, "model": "siegeengines:trebuchet3"},
        {"predicate":{"custom_model_data":126}, "model": "siegeengines:trebuchet4"},
        {"predicate":{"custom_model_data":127}, "model": "siegeengines:trebuchet5"},
        {"predicate":{"custom_model_data":128}, "model": "siegeengines:trebuchet6"},
        {"predicate":{"custom_model_data":129}, "model": "siegeengines:trebuchet7"},
        {"predicate":{"custom_model_data":130}, "model": "siegeengines:trebuchet8"},
        {"predicate":{"custom_model_data":131}, "model": "siegeengines:trebuchet9"},
        {"predicate":{"custom_model_data":132}, "model": "siegeengines:trebuchet10"},
        {"predicate":{"custom_model_data":133}, "model": "siegeengines:trebuchet11"},
        {"predicate":{"custom_model_data":134}, "model": "siegeengines:trebuchet12"},
        {"predicate":{"custom_model_data":135}, "model": "siegeengines:trebuchet13"},
        {"predicate":{"custom_model_data":136}, "model": "siegeengines:trebuchet14"},
        {"predicate":{"custom_model_data":137}, "model": "siegeengines:trebuchet15"},
        {"predicate":{"custom_model_data":138}, "model": "siegeengines:trebuchet16"},
        {"predicate":{"custom_model_data":139}, "model": "siegeengines:trebuchet17"},
        {"predicate":{"custom_model_data":140}, "model": "siegeengines:trebuchet18"},
	    {"predicate":{"custom_model_data":141}, "model": "siegeengines:cannon"},
		{"predicate":{"custom_model_data":142}, "model": "siegeengines:navalcannon"},
		{"predicate":{"custom_model_data":143}, "model": "siegeengines:ballista_3"},
		{"predicate":{"custom_model_data":144}, "model": "siegeengines:ballista_2"},
		{"predicate":{"custom_model_data":145}, "model": "siegeengines:ballista_1"},
		{"predicate":{"custom_model_data":146}, "model": "siegeengines:ballista"},
		{"predicate":{"custom_model_data":150}, "model": "siegeengines:mortar-barrel_1"},
		{"predicate":{"custom_model_data":151}, "model": "siegeengines:mortar-base_1"},
		{"predicate":{"custom_model_data":152}, "model": "siegeengines:cannon-barrel_1"},
		{"predicate":{"custom_model_data":153}, "model": "siegeengines:cannon-base_1"}
    ]

}