{"textures":{"0":"modelengine:entity/nm_butterfly_fine_texture"},"elements":[{"from":[6.7928934,7.7321067,6.0],"to":[6.7928934,8.732107,7.0],"faces":{"east":{"uv":[9.0,5.0,8.0,7.0],"tintindex":-2,"rotation":0,"texture":"#0"},"west":{"uv":[6.0,8.0,5.0,10.0],"tintindex":-2,"rotation":0,"texture":"#0"}},"rotation":{"origin":[6.7928934,8.732107,6.5],"angle":45.0,"axis":"z"}},{"from":[9.207107,7.7321067,6.0],"to":[9.207107,8.732107,7.0],"faces":{"east":{"uv":[5.0,8.0,6.0,10.0],"tintindex":-2,"rotation":0,"texture":"#0"},"west":{"uv":[8.0,5.0,9.0,7.0],"tintindex":-2,"rotation":0,"texture":"#0"}},"rotation":{"origin":[9.207107,8.732107,6.5],"angle":-45.0,"axis":"z"}},{"from":[7.5,7.025,6.0],"to":[8.5,8.025,10.0],"faces":{"east":{"uv":[0.0,8.0,4.0,9.0],"tintindex":-2,"rotation":0,"texture":"#0"},"south":{"uv":[7.0,8.0,8.0,9.0],"tintindex":-2,"rotation":0,"texture":"#0"},"north":{"uv":[6.0,8.0,7.0,9.0],"tintindex":-2,"rotation":0,"texture":"#0"},"west":{"uv":[8.0,0.0,12.0,1.0],"tintindex":-2,"rotation":0,"texture":"#0"},"up":{"uv":[9.0,5.0,8.0,1.0],"tintindex":-2,"rotation":0,"texture":"#0"},"down":{"uv":[5.0,8.0,4.0,12.0],"tintindex":-2,"rotation":0,"texture":"#0"}}}],"display":{"gui":{"rotation":[30,225,0]}}}