{"textures":{"0":"modelengine:entity/nm_sea_slug_orange_texture"},"elements":[{"from":[7.0,6.9838,7.316269],"to":[9.0,8.9838,10.316269],"faces":{"east":{"uv":[0.0,4.0,3.0,6.0],"tintindex":-2,"rotation":0,"texture":"#0"},"south":{"uv":[7.0,4.0,9.0,6.0],"tintindex":-2,"rotation":0,"texture":"#0"},"north":{"uv":[7.0,2.0,9.0,4.0],"tintindex":-2,"rotation":0,"texture":"#0"},"west":{"uv":[5.0,0.0,8.0,2.0],"tintindex":-2,"rotation":0,"texture":"#0"},"up":{"uv":[7.0,5.0,5.0,2.0],"tintindex":-2,"rotation":0,"texture":"#0"},"down":{"uv":[7.0,5.0,5.0,8.0],"tintindex":-2,"rotation":0,"texture":"#0"}}},{"from":[6.5,8.190907,9.230482],"to":[9.5,9.190907,9.230482],"faces":{"south":{"uv":[9.0,3.0,12.0,4.0],"tintindex":-2,"rotation":0,"texture":"#0"},"north":{"uv":[9.0,2.0,12.0,3.0],"tintindex":-2,"rotation":0,"texture":"#0"}},"rotation":{"origin":[9.0,9.690907,9.730482],"angle":45.0,"axis":"x"}},{"from":[6.5,8.190907,8.230482],"to":[9.5,9.190907,8.230482],"faces":{"south":{"uv":[5.0,9.0,8.0,10.0],"tintindex":-2,"rotation":0,"texture":"#0"},"north":{"uv":[9.0,4.0,12.0,5.0],"tintindex":-2,"rotation":0,"texture":"#0"}},"rotation":{"origin":[9.0,9.690907,8.730482],"angle":45.0,"axis":"x"}},{"from":[6.5,8.190907,10.230482],"to":[9.5,9.190907,10.230482],"faces":{"south":{"uv":[2.0,9.0,5.0,10.0],"tintindex":-2,"rotation":0,"texture":"#0"},"north":{"uv":[8.0,8.0,11.0,9.0],"tintindex":-2,"rotation":0,"texture":"#0"}},"rotation":{"origin":[9.0,9.690907,10.730482],"angle":45.0,"axis":"x"}},{"from":[6.5,8.190907,11.230482],"to":[9.5,9.190907,11.230482],"faces":{"south":{"uv":[5.0,8.0,8.0,9.0],"tintindex":-2,"rotation":0,"texture":"#0"},"north":{"uv":[2.0,8.0,5.0,9.0],"tintindex":-2,"rotation":0,"texture":"#0"}},"rotation":{"origin":[9.0,9.690907,11.730482],"angle":45.0,"axis":"x"}}],"display":{"gui":{"rotation":[30,225,0]}}}