{"textures":{"0":"modelengine:entity/iron_swords"},"elements":[{"from":[7.05,4.05,6.0],"to":[8.95,5.0,9.0],"faces":{"east":{"uv":[12.5,9.5,11.0,11.0],"tintindex":-2,"rotation":0,"texture":"#0"},"south":{"uv":[11.5,9.5,12.5,11.0],"tintindex":-2,"rotation":0,"texture":"#0"},"north":{"uv":[11.5,9.5,12.5,11.0],"tintindex":-2,"rotation":0,"texture":"#0"},"west":{"uv":[11.0,9.5,12.5,11.0],"tintindex":-2,"rotation":0,"texture":"#0"},"up":{"uv":[12.5,11.5,13.5,10.0],"tintindex":-2,"rotation":0,"texture":"#0"},"down":{"uv":[14.5,8.5,13.5,10.0],"tintindex":-2,"rotation":0,"texture":"#0"}}},{"from":[7.49,4.99,6.99],"to":[8.51,9.26,8.81],"faces":{"east":{"uv":[1.0,8.5,0.0,15.5],"tintindex":-2,"rotation":0,"texture":"#0"},"south":{"uv":[0.5,8.5,1.0,15.5],"tintindex":-2,"rotation":0,"texture":"#0"},"north":{"uv":[0.0,8.5,0.5,15.5],"tintindex":-2,"rotation":0,"texture":"#0"},"west":{"uv":[0.0,8.0,1.0,15.5],"tintindex":-2,"rotation":0,"texture":"#0"},"up":{"uv":[0.0,8.5,0.5,9.5],"tintindex":-2,"rotation":0,"texture":"#0"},"down":{"uv":[0.0,8.5,0.5,9.5],"tintindex":-2,"rotation":0,"texture":"#0"}}},{"from":[7.51,10.416602,13.752388],"to":[8.49,11.296601,15.2723875],"faces":{"east":{"uv":[1.5,0.0,2.05,1.57],"tintindex":-2,"rotation":270,"texture":"#0"},"south":{"uv":[1.5,2.93,2.0,3.48],"tintindex":-2,"rotation":0,"texture":"#0"},"north":{"uv":[2.5,14.43,3.0,14.98],"tintindex":-2,"rotation":180,"texture":"#0"},"west":{"uv":[2.0,0.0,2.55,1.57],"tintindex":-2,"rotation":90,"texture":"#0"},"up":{"uv":[1.5,0.93,2.0,2.5],"tintindex":-2,"rotation":180,"texture":"#0"}},"rotation":{"origin":[8.0,0.3499999,4.9],"angle":-22.5,"axis":"x"}},{"from":[7.05,1.8000002,7.0],"to":[8.95,4.05,9.0],"faces":{"east":{"uv":[12.5,11.0,11.5,14.5],"tintindex":-2,"rotation":0,"texture":"#0"},"south":{"uv":[11.5,11.0,12.5,14.5],"tintindex":-2,"rotation":0,"texture":"#0"},"north":{"uv":[11.5,11.0,12.5,14.5],"tintindex":-2,"rotation":0,"texture":"#0"},"west":{"uv":[11.5,11.0,12.5,14.5],"tintindex":-2,"rotation":0,"texture":"#0"}}},{"from":[7.05,0.8499999,6.0],"to":[8.95,1.8000002,9.0],"faces":{"east":{"uv":[16.0,8.5,14.5,10.0],"tintindex":-2,"rotation":0,"texture":"#0"},"south":{"uv":[14.0,7.0,15.0,8.5],"tintindex":-2,"rotation":0,"texture":"#0"},"north":{"uv":[13.0,4.5,14.0,6.0],"tintindex":-2,"rotation":0,"texture":"#0"},"west":{"uv":[14.5,8.5,16.0,10.0],"tintindex":-2,"rotation":0,"texture":"#0"},"up":{"uv":[12.5,11.5,13.5,10.0],"tintindex":-2,"rotation":0,"texture":"#0"},"down":{"uv":[15.5,8.5,14.5,7.0],"tintindex":-2,"rotation":0,"texture":"#0"}}},{"from":[7.51,14.360001,4.61],"to":[8.49,14.79,5.0899997],"faces":{"east":{"uv":[1.5,0.0,2.25,0.725],"tintindex":-2,"rotation":0,"texture":"#0"},"south":{"uv":[1.5,0.0,2.0,0.725],"tintindex":-2,"rotation":0,"texture":"#0"},"north":{"uv":[1.5,0.0,2.0,0.725],"tintindex":-2,"rotation":0,"texture":"#0"},"west":{"uv":[2.0,0.0,2.75,0.725],"tintindex":-2,"rotation":0,"texture":"#0"},"up":{"uv":[1.5,0.0,2.0,0.75],"tintindex":-2,"rotation":0,"texture":"#0"},"down":{"uv":[1.5,0.0,2.0,0.75],"tintindex":-2,"rotation":0,"texture":"#0"}},"rotation":{"origin":[8.0,0.3499999,4.9],"angle":22.5,"axis":"x"}},{"from":[7.5,9.35,3.4],"to":[8.5,14.35,5.1],"faces":{"east":{"uv":[1.0,0.0,0.0,8.0],"tintindex":-2,"rotation":0,"texture":"#0"},"south":{"uv":[0.5,0.0,1.0,8.0],"tintindex":-2,"rotation":0,"texture":"#0"},"north":{"uv":[0.0,0.0,0.5,8.0],"tintindex":-2,"rotation":0,"texture":"#0"},"west":{"uv":[0.0,0.0,1.0,8.0],"tintindex":-2,"rotation":0,"texture":"#0"},"up":{"uv":[0.0,0.0,0.5,1.5],"tintindex":-2,"rotation":0,"texture":"#0"},"down":{"uv":[0.0,0.0,0.5,1.5],"tintindex":-2,"rotation":0,"texture":"#0"}},"rotation":{"origin":[8.0,0.3499999,4.9],"angle":22.5,"axis":"x"}}],"display":{"gui":{"rotation":[30,225,0]}}}