{"textures":{"0":"modelengine:entity/ca-goose"},"elements":[{"from":[6.0,8.0,12.0],"to":[10.0,9.0,13.0],"faces":{"east":{"uv":[1.75,11.0,2.0,11.25],"tintindex":0,"rotation":0,"texture":"#0"},"south":{"uv":[6.75,9.5,7.75,9.75],"tintindex":0,"rotation":0,"texture":"#0"},"north":{"uv":[5.75,9.5,6.75,9.75],"tintindex":0,"rotation":0,"texture":"#0"},"west":{"uv":[2.0,11.0,2.25,11.25],"tintindex":0,"rotation":0,"texture":"#0"},"up":{"uv":[8.75,9.75,7.75,9.5],"tintindex":0,"rotation":0,"texture":"#0"},"down":{"uv":[9.75,9.5,8.75,9.75],"tintindex":0,"rotation":0,"texture":"#0"}}},{"from":[4.8999996,5.8999996,2.8999999],"to":[11.1,7.1000004,8.1],"faces":{"east":{"uv":[9.0,1.5,10.25,1.75],"tintindex":0,"rotation":0,"texture":"#0"},"south":{"uv":[8.25,5.75,9.75,6.0],"tintindex":0,"rotation":0,"texture":"#0"},"north":{"uv":[8.25,5.5,9.75,5.75],"tintindex":0,"rotation":0,"texture":"#0"},"west":{"uv":[9.0,3.75,10.25,4.0],"tintindex":0,"rotation":0,"texture":"#0"},"up":{"uv":[1.5,7.75,0.0,6.5],"tintindex":0,"rotation":0,"texture":"#0"},"down":{"uv":[8.0,6.0,6.5,7.25],"tintindex":0,"rotation":0,"texture":"#0"}}},{"from":[7.0,11.0,13.0],"to":[9.0,12.0,14.0],"faces":{"east":{"uv":[2.75,11.0,3.0,11.25],"tintindex":0,"rotation":0,"texture":"#0"},"south":{"uv":[10.5,1.25,11.0,1.5],"tintindex":0,"rotation":0,"texture":"#0"},"north":{"uv":[1.25,10.5,1.75,10.75],"tintindex":0,"rotation":0,"texture":"#0"},"west":{"uv":[11.0,2.75,11.25,3.0],"tintindex":0,"rotation":0,"texture":"#0"},"up":{"uv":[2.25,10.75,1.75,10.5],"tintindex":0,"rotation":0,"texture":"#0"},"down":{"uv":[2.75,10.5,2.25,10.75],"tintindex":0,"rotation":0,"texture":"#0"}}},{"from":[5.0,11.0,2.0],"to":[6.0,12.0,12.0],"faces":{"east":{"uv":[8.0,6.75,10.5,7.0],"tintindex":0,"rotation":0,"texture":"#0"},"south":{"uv":[11.0,3.0,11.25,3.25],"tintindex":0,"rotation":0,"texture":"#0"},"north":{"uv":[3.0,11.0,3.25,11.25],"tintindex":0,"rotation":0,"texture":"#0"},"west":{"uv":[8.0,7.0,10.5,7.25],"tintindex":0,"rotation":0,"texture":"#0"},"up":{"uv":[3.75,9.75,3.5,7.25],"tintindex":0,"rotation":0,"texture":"#0"},"down":{"uv":[4.0,7.25,3.75,9.75],"tintindex":0,"rotation":0,"texture":"#0"}}},{"from":[5.0,9.0,1.0],"to":[11.0,10.0,14.0],"faces":{"east":{"uv":[7.75,2.25,11.0,2.5],"tintindex":0,"rotation":0,"texture":"#0"},"south":{"uv":[9.0,0.75,10.5,1.0],"tintindex":0,"rotation":0,"texture":"#0"},"north":{"uv":[9.0,0.5,10.5,0.75],"tintindex":0,"rotation":0,"texture":"#0"},"west":{"uv":[7.75,2.5,11.0,2.75],"tintindex":0,"rotation":0,"texture":"#0"},"up":{"uv":[1.5,3.25,0.0,0.0],"tintindex":0,"rotation":0,"texture":"#0"},"down":{"uv":[3.0,0.0,1.5,3.25],"tintindex":0,"rotation":0,"texture":"#0"}}},{"from":[6.0,6.0,2.0],"to":[10.0,7.0,3.0],"faces":{"east":{"uv":[1.25,11.0,1.5,11.25],"tintindex":0,"rotation":0,"texture":"#0"},"south":{"uv":[9.0,7.75,10.0,8.0],"tintindex":0,"rotation":0,"texture":"#0"},"north":{"uv":[9.0,7.5,10.0,7.75],"tintindex":0,"rotation":0,"texture":"#0"},"west":{"uv":[11.0,1.25,11.25,1.5],"tintindex":0,"rotation":0,"texture":"#0"},"up":{"uv":[9.75,9.25,8.75,9.0],"tintindex":0,"rotation":0,"texture":"#0"},"down":{"uv":[7.25,9.25,6.25,9.5],"tintindex":0,"rotation":0,"texture":"#0"}}},{"from":[6.0,12.0,2.0],"to":[10.0,13.0,11.0],"faces":{"east":{"uv":[8.25,4.5,10.5,4.75],"tintindex":0,"rotation":0,"texture":"#0"},"south":{"uv":[9.75,5.75,10.75,6.0],"tintindex":0,"rotation":0,"texture":"#0"},"north":{"uv":[5.75,9.75,6.75,10.0],"tintindex":0,"rotation":0,"texture":"#0"},"west":{"uv":[8.25,4.75,10.5,5.0],"tintindex":0,"rotation":0,"texture":"#0"},"up":{"uv":[7.0,2.25,6.0,0.0],"tintindex":0,"rotation":0,"texture":"#0"},"down":{"uv":[2.5,6.0,1.5,8.25],"tintindex":0,"rotation":0,"texture":"#0"}}},{"from":[6.0,6.0,8.0],"to":[10.0,7.0,9.0],"faces":{"east":{"uv":[2.25,11.0,2.5,11.25],"tintindex":0,"rotation":0,"texture":"#0"},"south":{"uv":[1.5,9.75,2.5,10.0],"tintindex":0,"rotation":0,"texture":"#0"},"north":{"uv":[0.0,9.75,1.0,10.0],"tintindex":0,"rotation":0,"texture":"#0"},"west":{"uv":[11.0,2.25,11.25,2.5],"tintindex":0,"rotation":0,"texture":"#0"},"up":{"uv":[4.0,10.0,3.0,9.75],"tintindex":0,"rotation":0,"texture":"#0"},"down":{"uv":[10.75,5.5,9.75,5.75],"tintindex":0,"rotation":0,"texture":"#0"}}},{"from":[6.0,7.0,10.0],"to":[10.0,8.0,11.0],"faces":{"east":{"uv":[1.5,11.0,1.75,11.25],"tintindex":0,"rotation":0,"texture":"#0"},"south":{"uv":[8.25,9.25,9.25,9.5],"tintindex":0,"rotation":0,"texture":"#0"},"north":{"uv":[7.25,9.25,8.25,9.5],"tintindex":0,"rotation":0,"texture":"#0"},"west":{"uv":[11.0,1.5,11.25,1.75],"tintindex":0,"rotation":0,"texture":"#0"},"up":{"uv":[10.25,9.5,9.25,9.25],"tintindex":0,"rotation":0,"texture":"#0"},"down":{"uv":[1.0,9.5,0.0,9.75],"tintindex":0,"rotation":0,"texture":"#0"}}},{"from":[5.0,7.0,2.0],"to":[11.0,8.0,10.0],"faces":{"east":{"uv":[8.25,5.0,10.25,5.25],"tintindex":0,"rotation":0,"texture":"#0"},"south":{"uv":[8.75,8.5,10.25,8.75],"tintindex":0,"rotation":0,"texture":"#0"},"north":{"uv":[8.75,8.25,10.25,8.5],"tintindex":0,"rotation":0,"texture":"#0"},"west":{"uv":[8.25,5.25,10.25,5.5],"tintindex":0,"rotation":0,"texture":"#0"},"up":{"uv":[6.0,2.0,4.5,0.0],"tintindex":0,"rotation":0,"texture":"#0"},"down":{"uv":[6.0,2.0,4.5,4.0],"tintindex":0,"rotation":0,"texture":"#0"}}},{"from":[7.0,12.0,11.0],"to":[9.0,13.0,12.0],"faces":{"east":{"uv":[2.5,11.0,2.75,11.25],"tintindex":0,"rotation":0,"texture":"#0"},"south":{"uv":[0.75,10.5,1.25,10.75],"tintindex":0,"rotation":0,"texture":"#0"},"north":{"uv":[10.5,0.5,11.0,0.75],"tintindex":0,"rotation":0,"texture":"#0"},"west":{"uv":[11.0,2.5,11.25,2.75],"tintindex":0,"rotation":0,"texture":"#0"},"up":{"uv":[11.0,1.0,10.5,0.75],"tintindex":0,"rotation":0,"texture":"#0"},"down":{"uv":[11.0,1.0,10.5,1.25],"tintindex":0,"rotation":0,"texture":"#0"}}},{"from":[6.0,7.0,1.0],"to":[10.0,8.0,2.0],"faces":{"east":{"uv":[1.0,11.0,1.25,11.25],"tintindex":0,"rotation":0,"texture":"#0"},"south":{"uv":[9.0,6.25,10.0,6.5],"tintindex":0,"rotation":0,"texture":"#0"},"north":{"uv":[9.0,6.0,10.0,6.25],"tintindex":0,"rotation":0,"texture":"#0"},"west":{"uv":[11.0,1.0,11.25,1.25],"tintindex":0,"rotation":0,"texture":"#0"},"up":{"uv":[10.0,6.75,9.0,6.5],"tintindex":0,"rotation":0,"texture":"#0"},"down":{"uv":[10.0,7.25,9.0,7.5],"tintindex":0,"rotation":0,"texture":"#0"}}},{"from":[5.0,8.0,1.0],"to":[11.0,9.0,12.0],"faces":{"east":{"uv":[8.0,1.75,10.75,2.0],"tintindex":0,"rotation":0,"texture":"#0"},"south":{"uv":[9.0,0.25,10.5,0.5],"tintindex":0,"rotation":0,"texture":"#0"},"north":{"uv":[8.75,8.75,10.25,9.0],"tintindex":0,"rotation":0,"texture":"#0"},"west":{"uv":[8.0,2.0,10.75,2.25],"tintindex":0,"rotation":0,"texture":"#0"},"up":{"uv":[3.0,6.0,1.5,3.25],"tintindex":0,"rotation":0,"texture":"#0"},"down":{"uv":[4.5,3.25,3.0,6.0],"tintindex":0,"rotation":0,"texture":"#0"}}},{"from":[6.0,11.0,1.0],"to":[10.0,12.0,13.0],"faces":{"east":{"uv":[7.75,3.25,10.75,3.5],"tintindex":0,"rotation":0,"texture":"#0"},"south":{"uv":[9.0,4.25,10.0,4.5],"tintindex":0,"rotation":0,"texture":"#0"},"north":{"uv":[9.0,4.0,10.0,4.25],"tintindex":0,"rotation":0,"texture":"#0"},"west":{"uv":[8.0,0.0,11.0,0.25],"tintindex":0,"rotation":0,"texture":"#0"},"up":{"uv":[5.5,7.0,4.5,4.0],"tintindex":0,"rotation":0,"texture":"#0"},"down":{"uv":[6.5,4.0,5.5,7.0],"tintindex":0,"rotation":0,"texture":"#0"}}},{"from":[5.0,10.0,1.0],"to":[11.0,11.0,14.0],"faces":{"east":{"uv":[7.75,2.75,11.0,3.0],"tintindex":0,"rotation":0,"texture":"#0"},"south":{"uv":[9.0,1.25,10.5,1.5],"tintindex":0,"rotation":0,"texture":"#0"},"north":{"uv":[9.0,1.0,10.5,1.25],"tintindex":0,"rotation":0,"texture":"#0"},"west":{"uv":[7.75,3.0,11.0,3.25],"tintindex":0,"rotation":0,"texture":"#0"},"up":{"uv":[4.5,3.25,3.0,0.0],"tintindex":0,"rotation":0,"texture":"#0"},"down":{"uv":[1.5,3.25,0.0,6.5],"tintindex":0,"rotation":0,"texture":"#0"}}},{"from":[10.0,11.0,2.0],"to":[11.0,12.0,12.0],"faces":{"east":{"uv":[7.25,8.0,9.75,8.25],"tintindex":0,"rotation":0,"texture":"#0"},"south":{"uv":[3.5,11.0,3.75,11.25],"tintindex":0,"rotation":0,"texture":"#0"},"north":{"uv":[3.25,11.0,3.5,11.25],"tintindex":0,"rotation":0,"texture":"#0"},"west":{"uv":[8.25,3.5,10.75,3.75],"tintindex":0,"rotation":0,"texture":"#0"},"up":{"uv":[4.25,9.75,4.0,7.25],"tintindex":0,"rotation":0,"texture":"#0"},"down":{"uv":[1.5,7.75,1.25,10.25],"tintindex":0,"rotation":0,"texture":"#0"}}}],"display":{"gui":{"rotation":[30,225,0]}}}