{"textures":{"0":"modelengine:entity/ca-goose"},"elements":[{"from":[7.0039997,7.0911555,5.0078053],"to":[8.996,8.083156,9.999805],"faces":{"east":{"uv":[10.25,5.25,11.0,5.5],"tintindex":0,"rotation":0,"texture":"#0"},"south":{"uv":[10.75,1.75,11.25,2.0],"tintindex":0,"rotation":0,"texture":"#0"},"north":{"uv":[1.75,10.75,2.25,11.0],"tintindex":0,"rotation":0,"texture":"#0"},"west":{"uv":[7.75,10.25,8.5,10.5],"tintindex":0,"rotation":0,"texture":"#0"},"up":{"uv":[2.0,9.75,1.5,9.0],"tintindex":0,"rotation":0,"texture":"#0"},"down":{"uv":[2.5,9.0,2.0,9.75],"tintindex":0,"rotation":0,"texture":"#0"}}},{"from":[9.004,7.0911555,5.0078053],"to":[9.996,8.083156,8.999805],"faces":{"east":{"uv":[4.75,10.75,5.25,11.0],"tintindex":0,"rotation":0,"texture":"#0"},"south":{"uv":[5.25,11.0,5.5,11.25],"tintindex":0,"rotation":0,"texture":"#0"},"north":{"uv":[11.0,5.0,11.25,5.25],"tintindex":0,"rotation":0,"texture":"#0"},"west":{"uv":[5.25,10.75,5.75,11.0],"tintindex":0,"rotation":0,"texture":"#0"},"up":{"uv":[4.25,11.25,4.0,10.75],"tintindex":0,"rotation":0,"texture":"#0"},"down":{"uv":[11.0,5.5,10.75,6.0],"tintindex":0,"rotation":0,"texture":"#0"}}},{"from":[7.0039997,8.091156,5.0078053],"to":[8.996,9.083156,7.9998055],"faces":{"east":{"uv":[11.0,4.5,11.25,4.75],"tintindex":0,"rotation":0,"texture":"#0"},"south":{"uv":[2.25,10.75,2.75,11.0],"tintindex":0,"rotation":0,"texture":"#0"},"north":{"uv":[10.75,2.0,11.25,2.25],"tintindex":0,"rotation":0,"texture":"#0"},"west":{"uv":[4.75,11.0,5.0,11.25],"tintindex":0,"rotation":0,"texture":"#0"},"up":{"uv":[3.25,11.0,2.75,10.75],"tintindex":0,"rotation":0,"texture":"#0"},"down":{"uv":[3.75,10.75,3.25,11.0],"tintindex":0,"rotation":0,"texture":"#0"}}},{"from":[6.0039997,7.0911555,5.0078053],"to":[6.9960003,8.083156,8.999805],"faces":{"east":{"uv":[10.75,3.25,11.25,3.5],"tintindex":0,"rotation":0,"texture":"#0"},"south":{"uv":[5.0,11.0,5.25,11.25],"tintindex":0,"rotation":0,"texture":"#0"},"north":{"uv":[11.0,4.75,11.25,5.0],"tintindex":0,"rotation":0,"texture":"#0"},"west":{"uv":[10.75,3.5,11.25,3.75],"tintindex":0,"rotation":0,"texture":"#0"},"up":{"uv":[4.0,11.0,3.75,10.5],"tintindex":0,"rotation":0,"texture":"#0"},"down":{"uv":[8.5,10.5,8.25,11.0],"tintindex":0,"rotation":0,"texture":"#0"}}}],"display":{"gui":{"rotation":[30,225,0]}}}