{"textures":{"0":"modelengine:entity/nm_lionness_texture"},"elements":[{"from":[10.0,6.107521,4.574744],"to":[13.0,10.107521,5.574744],"faces":{"east":{"uv":[11.0,3.5,11.25,4.5],"tintindex":-2,"rotation":0,"texture":"#0"},"south":{"uv":[4.0,14.0,4.75,15.0],"tintindex":-2,"rotation":0,"texture":"#0"},"north":{"uv":[14.0,3.0,14.75,4.0],"tintindex":-2,"rotation":0,"texture":"#0"},"west":{"uv":[11.0,4.5,11.25,5.5],"tintindex":-2,"rotation":0,"texture":"#0"},"up":{"uv":[14.75,6.0,14.0,5.75],"tintindex":-2,"rotation":0,"texture":"#0"},"down":{"uv":[14.75,6.0,14.0,6.25],"tintindex":-2,"rotation":0,"texture":"#0"}}},{"from":[3.0,6.107521,4.574744],"to":[6.0,10.107521,5.574744],"faces":{"east":{"uv":[9.0,6.5,9.25,7.5],"tintindex":-2,"rotation":0,"texture":"#0"},"south":{"uv":[14.0,2.0,14.75,3.0],"tintindex":-2,"rotation":0,"texture":"#0"},"north":{"uv":[14.0,1.0,14.75,2.0],"tintindex":-2,"rotation":0,"texture":"#0"},"west":{"uv":[9.25,6.5,9.5,7.5],"tintindex":-2,"rotation":0,"texture":"#0"},"up":{"uv":[5.75,8.0,5.0,7.75],"tintindex":-2,"rotation":0,"texture":"#0"},"down":{"uv":[14.75,5.5,14.0,5.75],"tintindex":-2,"rotation":0,"texture":"#0"}}},{"from":[4.0,0.10752106,0.5747442],"to":[12.0,8.107521,8.574744],"faces":{"east":{"uv":[9.0,2.5,11.0,4.5],"tintindex":-2,"rotation":0,"texture":"#0"},"south":{"uv":[9.0,4.5,11.0,6.5],"tintindex":-2,"rotation":0,"texture":"#0"},"north":{"uv":[0.0,9.0,2.0,11.0],"tintindex":-2,"rotation":0,"texture":"#0"},"west":{"uv":[2.0,9.5,4.0,11.5],"tintindex":-2,"rotation":0,"texture":"#0"},"up":{"uv":[11.5,8.5,9.5,6.5],"tintindex":-2,"rotation":0,"texture":"#0"},"down":{"uv":[11.5,8.5,9.5,10.5],"tintindex":-2,"rotation":0,"texture":"#0"}}},{"from":[6.0,0.1250763,-2.3363123],"to":[10.0,4.7250757,1.6636877],"faces":{"east":{"uv":[13.0,0.0,14.0,1.25],"tintindex":-2,"rotation":0,"texture":"#0"},"south":{"uv":[13.0,1.25,14.0,2.5],"tintindex":-2,"rotation":0,"texture":"#0"},"north":{"uv":[5.0,6.5,6.0,7.75],"tintindex":-2,"rotation":0,"texture":"#0"},"west":{"uv":[13.0,2.5,14.0,3.75],"tintindex":-2,"rotation":0,"texture":"#0"},"up":{"uv":[14.0,7.75,13.0,6.75],"tintindex":-2,"rotation":0,"texture":"#0"},"down":{"uv":[14.0,7.75,13.0,8.75],"tintindex":-2,"rotation":0,"texture":"#0"}},"rotation":{"origin":[8.0,2.580225,0.10596943],"angle":-22.5,"axis":"x"}}],"display":{"gui":{"rotation":[30,225,0]}}}