{"textures":{"0":"modelengine:entity/nm_lionness_texture"},"elements":[{"from":[7.0,-5.0,6.0],"to":[11.0,9.0,10.0],"faces":{"east":{"uv":[6.0,11.0,7.0,14.5],"tintindex":-2,"rotation":0,"texture":"#0"},"south":{"uv":[11.25,10.5,12.25,14.0],"tintindex":-2,"rotation":0,"texture":"#0"},"north":{"uv":[5.0,11.0,6.0,14.5],"tintindex":-2,"rotation":0,"texture":"#0"},"west":{"uv":[2.0,11.5,3.0,15.0],"tintindex":-2,"rotation":0,"texture":"#0"},"up":{"uv":[14.0,9.75,13.0,8.75],"tintindex":-2,"rotation":0,"texture":"#0"},"down":{"uv":[14.25,9.75,13.25,10.75],"tintindex":-2,"rotation":0,"texture":"#0"}}}],"display":{"gui":{"rotation":[30,225,0]}}}