{"textures":{"0":"modelengine:entity/nm_lionness_texture"},"elements":[{"from":[7.0,-3.9468002,6.490098],"to":[9.0,9.0532,8.490098],"faces":{"east":{"uv":[12.5,3.5,13.0,6.75],"tintindex":-2,"rotation":0,"texture":"#0"},"south":{"uv":[12.5,6.75,13.0,10.0],"tintindex":-2,"rotation":0,"texture":"#0"},"north":{"uv":[12.25,10.5,12.75,13.75],"tintindex":-2,"rotation":0,"texture":"#0"},"west":{"uv":[12.75,10.0,13.25,13.25],"tintindex":-2,"rotation":0,"texture":"#0"},"up":{"uv":[3.25,6.5,2.75,6.0],"tintindex":-2,"rotation":0,"texture":"#0"},"down":{"uv":[2.5,9.0,2.0,9.5],"tintindex":-2,"rotation":0,"texture":"#0"}}}],"display":{"gui":{"rotation":[30,225,0]}}}