{"textures":{"2":"modelengine:entity/bear_fish"},"elements":[{"from":[7.971667,8.037001,5.116667],"to":[14.141666,8.037001,7.116667],"faces":{"up":{"uv":[3.0,7.5,0.0,6.5],"tintindex":-2,"rotation":0,"texture":"#2"},"down":{"uv":[6.5,6.5,3.5,7.5],"tintindex":-2,"rotation":0,"texture":"#2"}}},{"from":[4.971667,6.7870007,7.116667],"to":[15.141666,9.047,10.766666],"faces":{"east":{"uv":[7.0,6.5,9.0,7.5],"tintindex":-2,"rotation":0,"texture":"#2"},"south":{"uv":[5.5,0.0,10.5,1.0],"tintindex":-2,"rotation":0,"texture":"#2"},"north":{"uv":[0.0,5.0,5.0,6.0],"tintindex":-2,"rotation":0,"texture":"#2"},"west":{"uv":[0.0,8.0,2.0,9.0],"tintindex":-2,"rotation":0,"texture":"#2"},"up":{"uv":[5.0,2.0,0.0,0.0],"tintindex":-2,"rotation":0,"texture":"#2"},"down":{"uv":[5.0,2.5,0.0,4.5],"tintindex":-2,"rotation":0,"texture":"#2"}}},{"from":[0.80166674,8.0460005,7.116667],"to":[4.971667,8.0460005,10.766666],"faces":{"up":{"uv":[7.5,3.5,5.5,1.5],"tintindex":-2,"rotation":0,"texture":"#2"},"down":{"uv":[7.5,4.0,5.5,6.0],"tintindex":-2,"rotation":0,"texture":"#2"}}}],"display":{"gui":{"rotation":[30,225,0]}}}