{"textures":{"0":"modelengine:entity/bear_panda"},"elements":[{"from":[2.915,6.0225,2.6324997],"to":[13.085,8.282499,8.282499],"faces":{"east":{"uv":[9.25,1.125,9.875,1.375],"tintindex":-2,"rotation":0,"texture":"#0"},"south":{"uv":[11.0,3.375,12.125,3.625],"tintindex":-2,"rotation":0,"texture":"#0"},"north":{"uv":[6.75,10.875,7.875,11.125],"tintindex":-2,"rotation":0,"texture":"#0"},"west":{"uv":[9.375,8.875,10.0,9.125],"tintindex":-2,"rotation":0,"texture":"#0"},"up":{"uv":[5.625,10.125,4.5,9.5],"tintindex":-2,"rotation":0,"texture":"#0"},"down":{"uv":[11.125,2.625,10.0,3.25],"tintindex":-2,"rotation":0,"texture":"#0"}}}],"display":{"gui":{"rotation":[30,225,0]}}}