{"textures":{"0":"modelengine:entity/em_bandit_a2"},"elements":[{"from":[5.0,2.214285,5.5],"to":[9.0,9.214285,10.5],"faces":{"east":{"uv":[3.625,3.25,4.25,4.125],"tintindex":0,"rotation":0,"texture":"#0"},"south":{"uv":[0.0,5.75,0.5,6.625],"tintindex":0,"rotation":0,"texture":"#0"},"north":{"uv":[5.625,0.625,6.125,1.5],"tintindex":0,"rotation":0,"texture":"#0"},"west":{"uv":[2.125,4.0,2.75,4.875],"tintindex":0,"rotation":0,"texture":"#0"},"up":{"uv":[6.375,6.125,5.875,5.5],"tintindex":0,"rotation":0,"texture":"#0"},"down":{"uv":[1.125,6.0,0.625,6.625],"tintindex":0,"rotation":0,"texture":"#0"}}},{"from":[5.47,-0.8157151,5.97],"to":[8.53,0.2442849,10.03],"faces":{"east":{"uv":[6.5,9.25,7.0,9.375],"tintindex":0,"rotation":0,"texture":"#0"},"south":{"uv":[4.0,9.5,4.375,9.625],"tintindex":0,"rotation":0,"texture":"#0"},"north":{"uv":[3.5,9.5,3.875,9.625],"tintindex":0,"rotation":0,"texture":"#0"},"west":{"uv":[9.25,6.875,9.75,7.0],"tintindex":0,"rotation":0,"texture":"#0"},"up":{"uv":[3.875,8.375,3.5,7.875],"tintindex":0,"rotation":0,"texture":"#0"},"down":{"uv":[7.625,7.875,7.25,8.375],"tintindex":0,"rotation":0,"texture":"#0"}}},{"from":[5.35,-2.9357152,5.85],"to":[8.65,-1.6357151,10.15],"faces":{"east":{"uv":[4.375,9.25,4.875,9.375],"tintindex":0,"rotation":0,"texture":"#0"},"south":{"uv":[0.5,9.5,0.875,9.625],"tintindex":0,"rotation":0,"texture":"#0"},"north":{"uv":[0.0,9.5,0.375,9.625],"tintindex":0,"rotation":0,"texture":"#0"},"west":{"uv":[9.25,4.5,9.75,4.625],"tintindex":0,"rotation":0,"texture":"#0"},"up":{"uv":[8.25,1.625,7.875,1.125],"tintindex":0,"rotation":0,"texture":"#0"},"down":{"uv":[8.25,1.75,7.875,2.25],"tintindex":0,"rotation":0,"texture":"#0"}}},{"from":[5.4,-5.885715,5.9],"to":[8.6,-2.6857152,10.1],"faces":{"east":{"uv":[7.5,6.125,8.0,6.5],"tintindex":0,"rotation":0,"texture":"#0"},"south":{"uv":[8.625,8.125,8.25,8.5],"tintindex":0,"rotation":0,"texture":"#0"},"north":{"uv":[8.25,8.125,8.625,8.5],"tintindex":0,"rotation":0,"texture":"#0"},"west":{"uv":[7.5,6.625,8.0,7.0],"tintindex":0,"rotation":0,"texture":"#0"},"up":{"uv":[6.125,8.0,5.75,7.5],"tintindex":0,"rotation":0,"texture":"#0"},"down":{"uv":[8.0,3.5,7.625,4.0],"tintindex":0,"rotation":0,"texture":"#0"}}},{"from":[5.5,-2.785715,6.0],"to":[8.5,2.214285,10.0],"faces":{"east":{"uv":[6.375,4.0,5.875,4.625],"tintindex":0,"rotation":0,"texture":"#0"},"south":{"uv":[6.75,7.25,7.125,7.875],"tintindex":0,"rotation":0,"texture":"#0"},"north":{"uv":[6.25,7.25,6.625,7.875],"tintindex":0,"rotation":0,"texture":"#0"},"west":{"uv":[4.375,5.75,3.875,6.375],"tintindex":0,"rotation":0,"texture":"#0"},"up":{"uv":[8.0,4.625,7.625,4.125],"tintindex":0,"rotation":0,"texture":"#0"},"down":{"uv":[8.125,0.0,7.75,0.5],"tintindex":0,"rotation":0,"texture":"#0"}}}],"display":{"gui":{"rotation":[30,225,0]}}}