{"textures":{"0":"modelengine:entity/em_bandit_a2"},"elements":[{"from":[6.505,-0.89059746,8.033281],"to":[9.495,2.0994015,10.023281],"faces":{"east":{"uv":[8.125,8.625,8.375,9.0],"tintindex":0,"rotation":0,"texture":"#0"},"south":{"uv":[5.75,8.125,6.125,8.5],"tintindex":0,"rotation":0,"texture":"#0"},"north":{"uv":[5.25,8.125,5.625,8.5],"tintindex":0,"rotation":0,"texture":"#0"},"west":{"uv":[8.5,8.625,8.75,9.0],"tintindex":0,"rotation":0,"texture":"#0"},"up":{"uv":[9.125,0.25,8.75,0.0],"tintindex":0,"rotation":0,"texture":"#0"},"down":{"uv":[9.125,0.375,8.75,0.625],"tintindex":0,"rotation":0,"texture":"#0"}},"rotation":{"origin":[8.0,1.1044021,8.778281],"angle":22.5,"axis":"x"}},{"from":[6.5,-2.625,6.375],"to":[9.5,-0.625,10.375],"faces":{"east":{"uv":[8.375,1.0,8.875,1.25],"tintindex":0,"rotation":0,"texture":"#0"},"south":{"uv":[4.625,8.625,5.0,8.875],"tintindex":0,"rotation":0,"texture":"#0"},"north":{"uv":[8.625,3.75,9.0,4.0],"tintindex":0,"rotation":0,"texture":"#0"},"west":{"uv":[8.375,1.375,8.875,1.625],"tintindex":0,"rotation":0,"texture":"#0"},"up":{"uv":[7.625,7.75,7.25,7.25],"tintindex":0,"rotation":0,"texture":"#0"},"down":{"uv":[0.375,7.375,0.0,7.875],"tintindex":0,"rotation":0,"texture":"#0"}}},{"from":[6.0,2.375,6.375],"to":[10.0,9.375,10.375],"faces":{"east":{"uv":[0.75,5.0,1.25,5.875],"tintindex":0,"rotation":0,"texture":"#0"},"south":{"uv":[1.375,5.0,1.875,5.875],"tintindex":0,"rotation":0,"texture":"#0"},"north":{"uv":[4.625,4.875,5.125,5.75],"tintindex":0,"rotation":0,"texture":"#0"},"west":{"uv":[2.0,5.0,2.5,5.875],"tintindex":0,"rotation":0,"texture":"#0"},"up":{"uv":[6.25,6.75,5.75,6.25],"tintindex":0,"rotation":0,"texture":"#0"},"down":{"uv":[6.875,6.25,6.375,6.75],"tintindex":0,"rotation":0,"texture":"#0"}}},{"from":[6.5,-0.625,6.375],"to":[9.5,1.375,9.375],"faces":{"east":{"uv":[5.625,8.625,6.0,8.875],"tintindex":0,"rotation":0,"texture":"#0"},"south":{"uv":[8.625,6.125,9.0,6.375],"tintindex":0,"rotation":0,"texture":"#0"},"north":{"uv":[5.125,8.625,5.5,8.875],"tintindex":0,"rotation":0,"texture":"#0"},"west":{"uv":[8.625,6.5,9.0,6.75],"tintindex":0,"rotation":0,"texture":"#0"},"up":{"uv":[8.5,4.25,8.125,3.875],"tintindex":0,"rotation":0,"texture":"#0"},"down":{"uv":[5.125,8.125,4.75,8.5],"tintindex":0,"rotation":0,"texture":"#0"}}},{"from":[6.5,-6.625,4.875],"to":[9.5,-4.625,9.875],"faces":{"east":{"uv":[8.0,0.625,8.625,0.875],"tintindex":0,"rotation":0,"texture":"#0"},"south":{"uv":[2.0,8.75,2.375,9.0],"tintindex":0,"rotation":0,"texture":"#0"},"north":{"uv":[1.5,8.75,1.875,9.0],"tintindex":0,"rotation":0,"texture":"#0"},"west":{"uv":[1.0,8.0,1.625,8.25],"tintindex":0,"rotation":0,"texture":"#0"},"up":{"uv":[7.375,6.75,7.0,6.125],"tintindex":0,"rotation":0,"texture":"#0"},"down":{"uv":[4.125,7.125,3.75,7.75],"tintindex":0,"rotation":0,"texture":"#0"}}},{"from":[6.5,-4.625,6.375],"to":[9.5,-2.625,9.375],"faces":{"east":{"uv":[6.25,1.25,6.625,1.5],"tintindex":0,"rotation":0,"texture":"#0"},"south":{"uv":[7.25,8.5,7.625,8.75],"tintindex":0,"rotation":0,"texture":"#0"},"north":{"uv":[5.625,1.625,6.0,1.875],"tintindex":0,"rotation":0,"texture":"#0"},"west":{"uv":[8.625,3.375,9.0,3.625],"tintindex":0,"rotation":0,"texture":"#0"},"up":{"uv":[2.875,8.375,2.5,8.0],"tintindex":0,"rotation":0,"texture":"#0"},"down":{"uv":[8.5,3.375,8.125,3.75],"tintindex":0,"rotation":0,"texture":"#0"}}},{"from":[6.5,1.375,6.375],"to":[9.5,2.375,10.375],"faces":{"east":{"uv":[5.25,9.0,5.75,9.125],"tintindex":0,"rotation":0,"texture":"#0"},"south":{"uv":[8.125,9.375,8.5,9.5],"tintindex":0,"rotation":0,"texture":"#0"},"north":{"uv":[9.375,5.875,9.75,6.0],"tintindex":0,"rotation":0,"texture":"#0"},"west":{"uv":[6.625,9.0,7.125,9.125],"tintindex":0,"rotation":0,"texture":"#0"},"up":{"uv":[0.875,7.875,0.5,7.375],"tintindex":0,"rotation":0,"texture":"#0"},"down":{"uv":[1.375,7.375,1.0,7.875],"tintindex":0,"rotation":0,"texture":"#0"}}},{"from":[5.9,-2.725,6.275],"to":[10.1,-1.525,10.475],"faces":{"east":{"uv":[9.25,2.75,9.75,2.875],"tintindex":0,"rotation":0,"texture":"#0"},"south":{"uv":[9.25,3.0,9.75,3.125],"tintindex":0,"rotation":0,"texture":"#0"},"north":{"uv":[0.625,9.25,1.125,9.375],"tintindex":0,"rotation":0,"texture":"#0"},"west":{"uv":[3.75,9.25,4.25,9.375],"tintindex":0,"rotation":0,"texture":"#0"},"up":{"uv":[3.0,7.25,2.5,6.75],"tintindex":0,"rotation":0,"texture":"#0"},"down":{"uv":[7.25,2.5,6.75,3.0],"tintindex":0,"rotation":0,"texture":"#0"}},"rotation":{"origin":[8.0,-2.125,8.375],"angle":-22.5,"axis":"z"}},{"from":[5.85,-2.775,6.225],"to":[10.15,-1.475,10.525],"faces":{"east":{"uv":[9.25,0.0,9.75,0.125],"tintindex":0,"rotation":0,"texture":"#0"},"south":{"uv":[9.25,0.25,9.75,0.375],"tintindex":0,"rotation":0,"texture":"#0"},"north":{"uv":[0.0,9.25,0.5,9.375],"tintindex":0,"rotation":0,"texture":"#0"},"west":{"uv":[9.25,0.5,9.75,0.625],"tintindex":0,"rotation":0,"texture":"#0"},"up":{"uv":[2.375,7.25,1.875,6.75],"tintindex":0,"rotation":0,"texture":"#0"},"down":{"uv":[7.25,1.875,6.75,2.375],"tintindex":0,"rotation":0,"texture":"#0"}},"rotation":{"origin":[8.0,-2.125,8.375],"angle":22.5,"axis":"z"}},{"from":[5.9,-0.725,6.25],"to":[10.1,0.475,10.450001],"faces":{"east":{"uv":[9.0,2.25,9.5,2.375],"tintindex":0,"rotation":0,"texture":"#0"},"south":{"uv":[9.0,2.5,9.5,2.625],"tintindex":0,"rotation":0,"texture":"#0"},"north":{"uv":[9.0,2.0,9.5,2.125],"tintindex":0,"rotation":0,"texture":"#0"},"west":{"uv":[4.625,9.0,5.125,9.125],"tintindex":0,"rotation":0,"texture":"#0"},"up":{"uv":[4.25,7.0,3.75,6.5],"tintindex":0,"rotation":0,"texture":"#0"},"down":{"uv":[7.0,3.875,6.5,4.375],"tintindex":0,"rotation":0,"texture":"#0"}}}],"display":{"gui":{"rotation":[30,225,0]}}}