{"textures":{"0":"modelengine:entity/em_bandit_a2"},"elements":[{"from":[7.47,-1.0863965,5.6857314],"to":[10.53,-0.026396485,9.745731],"faces":{"east":{"uv":[9.25,5.0,9.75,5.125],"tintindex":0,"rotation":0,"texture":"#0"},"south":{"uv":[3.0,9.5,3.375,9.625],"tintindex":0,"rotation":0,"texture":"#0"},"north":{"uv":[9.5,0.75,9.875,0.875],"tintindex":0,"rotation":0,"texture":"#0"},"west":{"uv":[9.25,5.25,9.75,5.375],"tintindex":0,"rotation":0,"texture":"#0"},"up":{"uv":[8.25,2.875,7.875,2.375],"tintindex":0,"rotation":0,"texture":"#0"},"down":{"uv":[3.375,7.875,3.0,8.375],"tintindex":0,"rotation":0,"texture":"#0"}}},{"from":[8.839016,-5.0633965,-5.0412683],"to":[9.353016,-4.0493965,-3.0272684],"faces":{"east":{"uv":[9.625,9.375,9.875,9.5],"tintindex":0,"rotation":0,"texture":"#0"},"south":{"uv":[1.25,9.875,1.375,10.0],"tintindex":0,"rotation":0,"texture":"#0"},"north":{"uv":[9.875,0.5,10.0,0.625],"tintindex":0,"rotation":0,"texture":"#0"},"west":{"uv":[0.5,9.75,0.75,9.875],"tintindex":0,"rotation":0,"texture":"#0"},"up":{"uv":[9.875,1.25,9.75,1.0],"tintindex":0,"rotation":0,"texture":"#0"},"down":{"uv":[9.875,1.375,9.75,1.625],"tintindex":0,"rotation":0,"texture":"#0"}}},{"from":[8.596016,-4.5563965,4.9657316],"to":[9.596016,-3.5563965,9.965732],"faces":{"east":{"uv":[8.75,5.625,9.375,5.75],"tintindex":0,"rotation":0,"texture":"#0"},"south":{"uv":[7.375,3.5,7.5,3.625],"tintindex":0,"rotation":0,"texture":"#0"},"north":{"uv":[4.75,7.25,4.875,7.375],"tintindex":0,"rotation":0,"texture":"#0"},"west":{"uv":[8.875,8.875,9.5,9.0],"tintindex":0,"rotation":0,"texture":"#0"},"up":{"uv":[5.125,4.75,5.0,4.125],"tintindex":0,"rotation":0,"texture":"#0"},"down":{"uv":[3.125,8.75,3.0,9.375],"tintindex":0,"rotation":0,"texture":"#0"}}},{"from":[8.850016,-4.1920085,-5.9667764],"to":[9.342016,-3.492901,-5.26767],"faces":{"east":{"uv":[9.875,8.25,10.0,8.375],"tintindex":0,"rotation":0,"texture":"#0"},"south":{"uv":[9.875,8.5,10.0,8.625],"tintindex":0,"rotation":0,"texture":"#0"},"north":{"uv":[9.875,8.0,10.0,8.125],"tintindex":0,"rotation":0,"texture":"#0"},"west":{"uv":[9.875,8.75,10.0,8.875],"tintindex":0,"rotation":0,"texture":"#0"},"up":{"uv":[10.0,9.125,9.875,9.0],"tintindex":0,"rotation":0,"texture":"#0"},"down":{"uv":[9.5,9.875,9.375,10.0],"tintindex":0,"rotation":0,"texture":"#0"}},"rotation":{"origin":[9.096016,-3.6960087,-5.4707766],"angle":-22.5,"axis":"x"}},{"from":[8.853016,-4.5716915,-5.581093],"to":[9.339016,-3.5856915,-3.7950935],"faces":{"east":{"uv":[9.75,1.75,10.0,1.875],"tintindex":0,"rotation":0,"texture":"#0"},"south":{"uv":[9.875,4.375,10.0,4.5],"tintindex":0,"rotation":0,"texture":"#0"},"north":{"uv":[9.875,4.125,10.0,4.25],"tintindex":0,"rotation":0,"texture":"#0"},"west":{"uv":[2.0,9.75,2.25,9.875],"tintindex":0,"rotation":0,"texture":"#0"},"up":{"uv":[2.875,10.0,2.75,9.75],"tintindex":0,"rotation":0,"texture":"#0"},"down":{"uv":[3.125,9.75,3.0,10.0],"tintindex":0,"rotation":0,"texture":"#0"}},"rotation":{"origin":[9.096016,-4.0786915,-5.088093],"angle":22.5,"axis":"x"}},{"from":[8.846016,-4.2629595,-4.5754642],"to":[9.346016,-3.3629599,-2.5754642],"faces":{"east":{"uv":[1.0,4.125,1.25,4.25],"tintindex":0,"rotation":0,"texture":"#0"},"south":{"uv":[6.625,8.75,6.75,8.875],"tintindex":0,"rotation":0,"texture":"#0"},"north":{"uv":[3.75,8.5,3.875,8.625],"tintindex":0,"rotation":0,"texture":"#0"},"west":{"uv":[9.375,9.625,9.625,9.75],"tintindex":0,"rotation":0,"texture":"#0"},"up":{"uv":[0.125,10.0,0.0,9.75],"tintindex":0,"rotation":0,"texture":"#0"},"down":{"uv":[0.375,9.75,0.25,10.0],"tintindex":0,"rotation":0,"texture":"#0"}},"rotation":{"origin":[9.096016,-4.36296,-3.5754642],"angle":-22.5,"axis":"x"}},{"from":[8.843016,-4.145183,-5.2443748],"to":[9.349016,-3.1391833,-4.238375],"faces":{"east":{"uv":[9.875,2.25,10.0,2.375],"tintindex":0,"rotation":0,"texture":"#0"},"south":{"uv":[2.375,9.875,2.5,10.0],"tintindex":0,"rotation":0,"texture":"#0"},"north":{"uv":[9.875,2.0,10.0,2.125],"tintindex":0,"rotation":0,"texture":"#0"},"west":{"uv":[9.875,2.75,10.0,2.875],"tintindex":0,"rotation":0,"texture":"#0"},"up":{"uv":[10.0,3.125,9.875,3.0],"tintindex":0,"rotation":0,"texture":"#0"},"down":{"uv":[10.0,3.875,9.875,4.0],"tintindex":0,"rotation":0,"texture":"#0"}},"rotation":{"origin":[9.096016,-3.6421833,-5.741375],"angle":45.0,"axis":"x"}},{"from":[8.596016,-4.5563965,10.965732],"to":[9.596016,-3.5563965,11.965732],"faces":{"east":{"uv":[6.125,9.875,6.25,10.0],"tintindex":0,"rotation":0,"texture":"#0"},"south":{"uv":[9.875,6.75,10.0,6.875],"tintindex":0,"rotation":0,"texture":"#0"},"north":{"uv":[9.875,5.75,10.0,5.875],"tintindex":0,"rotation":0,"texture":"#0"},"west":{"uv":[7.0,9.875,7.125,10.0],"tintindex":0,"rotation":0,"texture":"#0"},"up":{"uv":[10.0,7.125,9.875,7.0],"tintindex":0,"rotation":0,"texture":"#0"},"down":{"uv":[10.0,7.25,9.875,7.375],"tintindex":0,"rotation":0,"texture":"#0"}}},{"from":[7.35,-3.2063966,5.5657315],"to":[10.65,-1.9063965,9.865731],"faces":{"east":{"uv":[9.25,4.0,9.75,4.125],"tintindex":0,"rotation":0,"texture":"#0"},"south":{"uv":[9.125,9.375,9.5,9.5],"tintindex":0,"rotation":0,"texture":"#0"},"north":{"uv":[9.375,8.625,9.75,8.75],"tintindex":0,"rotation":0,"texture":"#0"},"west":{"uv":[9.25,4.25,9.75,4.375],"tintindex":0,"rotation":0,"texture":"#0"},"up":{"uv":[8.125,7.625,7.75,7.125],"tintindex":0,"rotation":0,"texture":"#0"},"down":{"uv":[8.125,7.75,7.75,8.25],"tintindex":0,"rotation":0,"texture":"#0"}}},{"from":[8.596016,-5.0563965,3.965732],"to":[9.596016,-3.0563965,4.9657316],"faces":{"east":{"uv":[5.375,9.75,5.5,10.0],"tintindex":0,"rotation":0,"texture":"#0"},"south":{"uv":[5.875,9.75,6.0,10.0],"tintindex":0,"rotation":0,"texture":"#0"},"north":{"uv":[5.125,9.75,5.25,10.0],"tintindex":0,"rotation":0,"texture":"#0"},"west":{"uv":[9.75,6.125,9.875,6.375],"tintindex":0,"rotation":0,"texture":"#0"},"up":{"uv":[0.625,10.125,0.5,10.0],"tintindex":0,"rotation":0,"texture":"#0"},"down":{"uv":[0.875,10.0,0.75,10.125],"tintindex":0,"rotation":0,"texture":"#0"}}},{"from":[8.596016,-3.5563965,9.965732],"to":[9.596016,-2.5563965,11.965732],"faces":{"east":{"uv":[3.25,9.75,3.5,9.875],"tintindex":0,"rotation":0,"texture":"#0"},"south":{"uv":[9.875,4.875,10.0,5.0],"tintindex":0,"rotation":0,"texture":"#0"},"north":{"uv":[9.875,4.625,10.0,4.75],"tintindex":0,"rotation":0,"texture":"#0"},"west":{"uv":[9.75,3.25,10.0,3.375],"tintindex":0,"rotation":0,"texture":"#0"},"up":{"uv":[9.875,3.75,9.75,3.5],"tintindex":0,"rotation":0,"texture":"#0"},"down":{"uv":[3.75,9.75,3.625,10.0],"tintindex":0,"rotation":0,"texture":"#0"}}},{"from":[8.842016,-5.0603967,-3.0382683],"to":[9.350016,-3.0523965,3.969732],"faces":{"east":{"uv":[7.0,0.75,7.875,1.0],"tintindex":0,"rotation":0,"texture":"#0"},"south":{"uv":[9.125,9.625,9.25,9.875],"tintindex":0,"rotation":0,"texture":"#0"},"north":{"uv":[7.0,8.0,7.125,8.25],"tintindex":0,"rotation":0,"texture":"#0"},"west":{"uv":[7.125,5.25,8.0,5.5],"tintindex":0,"rotation":0,"texture":"#0"},"up":{"uv":[3.375,9.375,3.25,8.5],"tintindex":0,"rotation":0,"texture":"#0"},"down":{"uv":[3.625,8.5,3.5,9.375],"tintindex":0,"rotation":0,"texture":"#0"}}},{"from":[7.4,-6.1563964,5.6157317],"to":[10.6,-2.9563966,9.815732],"faces":{"east":{"uv":[8.0,6.625,7.5,7.0],"tintindex":0,"rotation":0,"texture":"#0"},"south":{"uv":[8.25,8.125,8.625,8.5],"tintindex":0,"rotation":0,"texture":"#0"},"north":{"uv":[8.25,7.125,8.625,7.5],"tintindex":0,"rotation":0,"texture":"#0"},"west":{"uv":[7.375,3.0,7.875,3.375],"tintindex":0,"rotation":0,"texture":"#0"},"up":{"uv":[5.125,8.0,4.75,7.5],"tintindex":0,"rotation":0,"texture":"#0"},"down":{"uv":[7.625,3.5,8.0,4.0],"tintindex":0,"rotation":0,"texture":"#0"}}},{"from":[7.5,-3.0563965,5.7157316],"to":[10.5,1.9436035,9.715732],"faces":{"east":{"uv":[3.875,5.75,4.375,6.375],"tintindex":0,"rotation":0,"texture":"#0"},"south":{"uv":[4.25,7.25,4.625,7.875],"tintindex":0,"rotation":0,"texture":"#0"},"north":{"uv":[7.25,0.0,7.625,0.625],"tintindex":0,"rotation":0,"texture":"#0"},"west":{"uv":[5.875,4.0,6.375,4.625],"tintindex":0,"rotation":0,"texture":"#0"},"up":{"uv":[7.75,2.875,7.375,2.375],"tintindex":0,"rotation":0,"texture":"#0"},"down":{"uv":[2.875,7.375,2.5,7.875],"tintindex":0,"rotation":0,"texture":"#0"}}},{"from":[8.596016,-5.5563965,9.965732],"to":[9.596016,-4.5563965,11.965732],"faces":{"east":{"uv":[3.875,9.75,4.125,9.875],"tintindex":0,"rotation":0,"texture":"#0"},"south":{"uv":[5.625,9.875,5.75,10.0],"tintindex":0,"rotation":0,"texture":"#0"},"north":{"uv":[9.875,5.125,10.0,5.25],"tintindex":0,"rotation":0,"texture":"#0"},"west":{"uv":[4.25,9.75,4.5,9.875],"tintindex":0,"rotation":0,"texture":"#0"},"up":{"uv":[4.75,10.0,4.625,9.75],"tintindex":0,"rotation":0,"texture":"#0"},"down":{"uv":[5.0,9.75,4.875,10.0],"tintindex":0,"rotation":0,"texture":"#0"}}},{"from":[7.0,1.9436035,5.2157316],"to":[11.0,8.9436035,10.215732],"faces":{"east":{"uv":[1.375,3.375,2.0,4.25],"tintindex":0,"rotation":0,"texture":"#0"},"south":{"uv":[5.5,3.0,6.0,3.875],"tintindex":0,"rotation":0,"texture":"#0"},"north":{"uv":[5.5,2.0,6.0,2.875],"tintindex":0,"rotation":0,"texture":"#0"},"west":{"uv":[3.625,2.25,4.25,3.125],"tintindex":0,"rotation":0,"texture":"#0"},"up":{"uv":[5.0,6.5,4.5,5.875],"tintindex":0,"rotation":0,"texture":"#0"},"down":{"uv":[6.375,4.75,5.875,5.375],"tintindex":0,"rotation":0,"texture":"#0"}}}],"display":{"gui":{"rotation":[30,225,0]}}}