{"textures":{"0":"modelengine:entity/em_bandit_a2"},"elements":[{"from":[6.505,-0.89059746,8.033281],"to":[9.495,2.0994015,10.023281],"faces":{"east":{"uv":[4.25,8.75,4.5,9.125],"tintindex":0,"rotation":0,"texture":"#0"},"south":{"uv":[8.25,5.375,8.625,5.75],"tintindex":0,"rotation":0,"texture":"#0"},"north":{"uv":[8.25,4.875,8.625,5.25],"tintindex":0,"rotation":0,"texture":"#0"},"west":{"uv":[8.75,7.625,9.0,8.0],"tintindex":0,"rotation":0,"texture":"#0"},"up":{"uv":[9.125,8.375,8.75,8.125],"tintindex":0,"rotation":0,"texture":"#0"},"down":{"uv":[0.375,8.875,0.0,9.125],"tintindex":0,"rotation":0,"texture":"#0"}},"rotation":{"origin":[8.0,1.1044021,8.778281],"angle":22.5,"axis":"x"}},{"from":[6.5,-2.625,6.375],"to":[9.5,-0.625,10.375],"faces":{"east":{"uv":[1.5,8.375,2.0,8.625],"tintindex":0,"rotation":0,"texture":"#0"},"south":{"uv":[8.75,4.875,9.125,5.125],"tintindex":0,"rotation":0,"texture":"#0"},"north":{"uv":[8.75,4.5,9.125,4.75],"tintindex":0,"rotation":0,"texture":"#0"},"west":{"uv":[8.375,1.75,8.875,2.0],"tintindex":0,"rotation":0,"texture":"#0"},"up":{"uv":[7.75,1.625,7.375,1.125],"tintindex":0,"rotation":0,"texture":"#0"},"down":{"uv":[1.875,7.375,1.5,7.875],"tintindex":0,"rotation":0,"texture":"#0"}}},{"from":[5.85,-2.775,6.225],"to":[10.15,-1.475,10.525],"faces":{"east":{"uv":[9.125,7.875,9.625,8.0],"tintindex":0,"rotation":0,"texture":"#0"},"south":{"uv":[8.375,9.125,8.875,9.25],"tintindex":0,"rotation":0,"texture":"#0"},"north":{"uv":[7.75,9.125,8.25,9.25],"tintindex":0,"rotation":0,"texture":"#0"},"west":{"uv":[9.0,9.125,9.5,9.25],"tintindex":0,"rotation":0,"texture":"#0"},"up":{"uv":[1.75,7.25,1.25,6.75],"tintindex":0,"rotation":0,"texture":"#0"},"down":{"uv":[7.25,1.25,6.75,1.75],"tintindex":0,"rotation":0,"texture":"#0"}},"rotation":{"origin":[8.0,-2.125,8.375],"angle":-22.5,"axis":"z"}},{"from":[6.5,1.375,6.375],"to":[9.5,2.375,10.375],"faces":{"east":{"uv":[9.125,3.75,9.625,3.875],"tintindex":0,"rotation":0,"texture":"#0"},"south":{"uv":[8.625,9.375,9.0,9.5],"tintindex":0,"rotation":0,"texture":"#0"},"north":{"uv":[9.375,8.375,9.75,8.5],"tintindex":0,"rotation":0,"texture":"#0"},"west":{"uv":[5.875,9.125,6.375,9.25],"tintindex":0,"rotation":0,"texture":"#0"},"up":{"uv":[7.75,2.25,7.375,1.75],"tintindex":0,"rotation":0,"texture":"#0"},"down":{"uv":[2.375,7.375,2.0,7.875],"tintindex":0,"rotation":0,"texture":"#0"}}},{"from":[6.5,-6.625,4.875],"to":[9.5,-4.625,9.875],"faces":{"east":{"uv":[1.75,8.0,2.375,8.25],"tintindex":0,"rotation":0,"texture":"#0"},"south":{"uv":[1.0,8.875,1.375,9.125],"tintindex":0,"rotation":0,"texture":"#0"},"north":{"uv":[0.5,8.875,0.875,9.125],"tintindex":0,"rotation":0,"texture":"#0"},"west":{"uv":[8.0,3.0,8.625,3.25],"tintindex":0,"rotation":0,"texture":"#0"},"up":{"uv":[7.5,4.375,7.125,3.75],"tintindex":0,"rotation":0,"texture":"#0"},"down":{"uv":[7.5,4.5,7.125,5.125],"tintindex":0,"rotation":0,"texture":"#0"}}},{"from":[6.5,-0.625,6.375],"to":[9.5,1.375,9.375],"faces":{"east":{"uv":[6.125,8.75,6.5,9.0],"tintindex":0,"rotation":0,"texture":"#0"},"south":{"uv":[8.75,6.875,9.125,7.125],"tintindex":0,"rotation":0,"texture":"#0"},"north":{"uv":[8.75,5.25,9.125,5.5],"tintindex":0,"rotation":0,"texture":"#0"},"west":{"uv":[8.75,7.25,9.125,7.5],"tintindex":0,"rotation":0,"texture":"#0"},"up":{"uv":[8.625,0.375,8.25,0.0],"tintindex":0,"rotation":0,"texture":"#0"},"down":{"uv":[8.625,4.375,8.25,4.75],"tintindex":0,"rotation":0,"texture":"#0"}}},{"from":[5.9,-2.725,6.275],"to":[10.1,-1.525,10.475],"faces":{"east":{"uv":[9.125,6.375,9.625,6.5],"tintindex":0,"rotation":0,"texture":"#0"},"south":{"uv":[9.125,6.625,9.625,6.75],"tintindex":0,"rotation":0,"texture":"#0"},"north":{"uv":[9.125,6.125,9.625,6.25],"tintindex":0,"rotation":0,"texture":"#0"},"west":{"uv":[9.125,7.625,9.625,7.75],"tintindex":0,"rotation":0,"texture":"#0"},"up":{"uv":[0.5,7.25,0.0,6.75],"tintindex":0,"rotation":0,"texture":"#0"},"down":{"uv":[1.125,6.75,0.625,7.25],"tintindex":0,"rotation":0,"texture":"#0"}},"rotation":{"origin":[8.0,-2.125,8.375],"angle":22.5,"axis":"z"}},{"from":[6.5,-4.625,6.375],"to":[9.5,-2.625,9.375],"faces":{"east":{"uv":[8.75,2.875,9.125,3.125],"tintindex":0,"rotation":0,"texture":"#0"},"south":{"uv":[3.75,8.75,4.125,9.0],"tintindex":0,"rotation":0,"texture":"#0"},"north":{"uv":[2.5,8.75,2.875,9.0],"tintindex":0,"rotation":0,"texture":"#0"},"west":{"uv":[8.75,4.125,9.125,4.375],"tintindex":0,"rotation":0,"texture":"#0"},"up":{"uv":[8.5,6.5,8.125,6.125],"tintindex":0,"rotation":0,"texture":"#0"},"down":{"uv":[8.5,6.625,8.125,7.0],"tintindex":0,"rotation":0,"texture":"#0"}}},{"from":[6.0,2.375,6.375],"to":[10.0,9.375,10.375],"faces":{"east":{"uv":[3.25,5.0,3.75,5.875],"tintindex":0,"rotation":0,"texture":"#0"},"south":{"uv":[5.25,4.125,5.75,5.0],"tintindex":0,"rotation":0,"texture":"#0"},"north":{"uv":[2.625,5.0,3.125,5.875],"tintindex":0,"rotation":0,"texture":"#0"},"west":{"uv":[5.25,5.125,5.75,6.0],"tintindex":0,"rotation":0,"texture":"#0"},"up":{"uv":[7.0,5.0,6.5,4.5],"tintindex":0,"rotation":0,"texture":"#0"},"down":{"uv":[7.0,5.125,6.5,5.625],"tintindex":0,"rotation":0,"texture":"#0"}}},{"from":[5.9,-0.725,6.25],"to":[10.1,0.475,10.450001],"faces":{"east":{"uv":[2.125,9.125,2.625,9.25],"tintindex":0,"rotation":0,"texture":"#0"},"south":{"uv":[9.125,3.25,9.625,3.375],"tintindex":0,"rotation":0,"texture":"#0"},"north":{"uv":[1.5,9.125,2.0,9.25],"tintindex":0,"rotation":0,"texture":"#0"},"west":{"uv":[9.125,3.5,9.625,3.625],"tintindex":0,"rotation":0,"texture":"#0"},"up":{"uv":[7.125,0.5,6.625,0.0],"tintindex":0,"rotation":0,"texture":"#0"},"down":{"uv":[4.875,6.625,4.375,7.125],"tintindex":0,"rotation":0,"texture":"#0"}}}],"display":{"gui":{"rotation":[30,225,0]}}}