{"textures":{"0":"modelengine:entity/crab_mudflat"},"elements":[{"from":[3.5,5.3333335,3.666667],"to":[12.5,10.333334,11.666667],"faces":{"east":{"uv":[2.5,3.0,4.5,4.25],"tintindex":-2,"rotation":0,"texture":"#0"},"south":{"uv":[2.5,1.5,4.75,2.75],"tintindex":-2,"rotation":0,"texture":"#0"},"north":{"uv":[2.5,0.0,4.75,1.25],"tintindex":-2,"rotation":0,"texture":"#0"},"west":{"uv":[0.0,4.5,2.0,5.75],"tintindex":-2,"rotation":0,"texture":"#0"},"up":{"uv":[2.25,2.0,0.0,0.0],"tintindex":-2,"rotation":0,"texture":"#0"},"down":{"uv":[2.25,2.25,0.0,4.25],"tintindex":-2,"rotation":0,"texture":"#0"}}},{"from":[4.5,10.333334,3.666667],"to":[6.5,13.333334,3.666667],"faces":{"south":{"uv":[0.5,6.0,0.0,6.75],"tintindex":-2,"rotation":0,"texture":"#0"},"north":{"uv":[0.0,6.0,0.5,6.75],"tintindex":-2,"rotation":0,"texture":"#0"}}},{"from":[9.5,10.333334,3.666667],"to":[11.5,13.333334,3.666667],"faces":{"south":{"uv":[0.0,6.0,0.5,6.75],"tintindex":-2,"rotation":0,"texture":"#0"},"north":{"uv":[0.5,6.0,0.0,6.75],"tintindex":-2,"rotation":0,"texture":"#0"}}}],"display":{"gui":{"rotation":[30,225,0]}}}