{"textures":{"0":"modelengine:entity/crab_mudflat"},"elements":[{"from":[6.5,7.55,3.25],"to":[6.5,9.55,8.25],"faces":{"east":{"uv":[6.25,2.25,5.0,2.75],"tintindex":-2,"rotation":0,"texture":"#0"},"west":{"uv":[5.0,2.25,6.25,2.75],"tintindex":-2,"rotation":0,"texture":"#0"}}},{"from":[6.5,7.55,3.25],"to":[9.5,9.55,3.25],"faces":{"south":{"uv":[6.5,7.0,5.75,7.5],"tintindex":-2,"rotation":0,"texture":"#0"},"north":{"uv":[5.75,7.0,6.5,7.5],"tintindex":-2,"rotation":0,"texture":"#0"}}},{"from":[9.5,7.55,3.25],"to":[9.5,9.55,8.25],"faces":{"east":{"uv":[5.0,0.0,6.25,0.5],"tintindex":-2,"rotation":0,"texture":"#0"},"west":{"uv":[6.25,0.0,5.0,0.5],"tintindex":-2,"rotation":0,"texture":"#0"}}},{"from":[6.5,9.55,3.25],"to":[9.5,9.55,8.25],"faces":{"up":{"uv":[3.0,5.75,2.25,4.5],"tintindex":-2,"rotation":0,"texture":"#0"},"down":{"uv":[3.0,4.5,2.25,5.75],"tintindex":-2,"rotation":0,"texture":"#0"}}},{"from":[6.5,7.55,8.25],"to":[9.5,9.55,8.25],"faces":{"south":{"uv":[4.75,7.0,5.5,7.5],"tintindex":-2,"rotation":0,"texture":"#0"},"north":{"uv":[5.5,7.0,4.75,7.5],"tintindex":-2,"rotation":0,"texture":"#0"}}}],"display":{"gui":{"rotation":[30,225,0]}}}