{"textures":{"0":"modelengine:entity/crab_mudflat"},"elements":[{"from":[6.5,6.903291,7.7958145],"to":[9.5,8.903292,7.7958145],"faces":{"south":{"uv":[8.0,3.0,7.25,3.5],"tintindex":-2,"rotation":0,"texture":"#0"},"north":{"uv":[7.25,3.0,8.0,3.5],"tintindex":-2,"rotation":0,"texture":"#0"}},"rotation":{"origin":[3.1729174,9.500154,8.797584],"angle":-22.5,"axis":"x"}},{"from":[6.5,6.903291,2.795814],"to":[6.5,8.903292,7.7958145],"faces":{"east":{"uv":[5.75,3.0,7.0,3.5],"tintindex":-2,"rotation":0,"texture":"#0"},"west":{"uv":[7.0,3.0,5.75,3.5],"tintindex":-2,"rotation":0,"texture":"#0"}},"rotation":{"origin":[3.1729174,9.500154,8.797584],"angle":-22.5,"axis":"x"}},{"from":[6.5,6.903291,2.795814],"to":[9.5,6.903291,7.7958145],"faces":{"up":{"uv":[4.75,4.25,5.5,3.0],"tintindex":-2,"rotation":0,"texture":"#0"},"down":{"uv":[4.75,3.0,5.5,4.25],"tintindex":-2,"rotation":0,"texture":"#0"}},"rotation":{"origin":[3.1729174,9.500154,8.797584],"angle":-22.5,"axis":"x"}},{"from":[6.5,6.903291,2.795814],"to":[9.5,8.903292,2.795814],"faces":{"south":{"uv":[7.25,0.75,8.0,1.25],"tintindex":-2,"rotation":0,"texture":"#0"},"north":{"uv":[8.0,0.75,7.25,1.25],"tintindex":-2,"rotation":0,"texture":"#0"}},"rotation":{"origin":[3.1729174,9.500154,8.797584],"angle":-22.5,"axis":"x"}},{"from":[9.5,6.903291,2.795814],"to":[9.5,8.903292,7.7958145],"faces":{"east":{"uv":[6.5,5.25,5.25,5.75],"tintindex":-2,"rotation":0,"texture":"#0"},"west":{"uv":[5.25,5.25,6.5,5.75],"tintindex":-2,"rotation":0,"texture":"#0"}},"rotation":{"origin":[3.1729174,9.500154,8.797584],"angle":-22.5,"axis":"x"}}],"display":{"gui":{"rotation":[30,225,0]}}}