{"textures":{"0":"modelengine:entity/crab_mudflat"},"elements":[{"from":[3.495905,2.3561788,9.0],"to":[5.495905,5.3561788,9.0],"faces":{"south":{"uv":[5.75,6.0,5.25,6.75],"tintindex":-2,"rotation":0,"texture":"#0"},"north":{"uv":[5.25,6.0,5.75,6.75],"tintindex":-2,"rotation":0,"texture":"#0"}},"rotation":{"origin":[3.5357442,9.759979,7.933754],"angle":45.0,"axis":"z"}},{"from":[3.495905,2.3561788,7.0],"to":[5.495905,5.3561788,7.0],"faces":{"south":{"uv":[3.0,6.0,3.5,6.75],"tintindex":-2,"rotation":0,"texture":"#0"},"north":{"uv":[3.5,6.0,3.0,6.75],"tintindex":-2,"rotation":0,"texture":"#0"}},"rotation":{"origin":[3.5357442,9.759979,7.933754],"angle":45.0,"axis":"z"}},{"from":[5.495905,2.3561788,7.0],"to":[5.495905,5.3561788,9.0],"faces":{"east":{"uv":[2.75,6.0,2.25,6.75],"tintindex":-2,"rotation":0,"texture":"#0"},"west":{"uv":[2.25,6.0,2.75,6.75],"tintindex":-2,"rotation":0,"texture":"#0"}},"rotation":{"origin":[3.5357442,9.759979,7.933754],"angle":45.0,"axis":"z"}}],"display":{"gui":{"rotation":[30,225,0]}}}