{"textures":{"0":"modelengine:entity/nm_bison_baby_texture"},"elements":[{"from":[1.0,7.01888,-4.2142544],"to":[15.0,11.018879,8.785746],"faces":{"east":{"uv":[5.5,1.0,7.125,1.5],"tintindex":-2,"rotation":0,"texture":"#0"},"south":{"uv":[5.5,0.5,7.25,1.0],"tintindex":-2,"rotation":0,"texture":"#0"},"north":{"uv":[5.5,0.0,7.25,0.5],"tintindex":-2,"rotation":0,"texture":"#0"},"west":{"uv":[3.0,6.125,4.625,6.625],"tintindex":-2,"rotation":0,"texture":"#0"},"up":{"uv":[1.75,4.625,0.0,3.0],"tintindex":-2,"rotation":0,"texture":"#0"},"down":{"uv":[5.5,0.0,3.75,1.625],"tintindex":-2,"rotation":0,"texture":"#0"}}},{"from":[-2.0,2.01888,4.7857456],"to":[2.0,5.01888,6.7857456],"faces":{"east":{"uv":[2.25,3.0,2.5,3.375],"tintindex":-2,"rotation":0,"texture":"#0"},"south":{"uv":[7.0,3.375,7.5,3.75],"tintindex":-2,"rotation":0,"texture":"#0"},"north":{"uv":[7.0,3.0,7.5,3.375],"tintindex":-2,"rotation":0,"texture":"#0"},"west":{"uv":[2.25,3.375,2.5,3.75],"tintindex":-2,"rotation":0,"texture":"#0"},"up":{"uv":[7.5,4.75,7.0,4.5],"tintindex":-2,"rotation":0,"texture":"#0"},"down":{"uv":[7.5,4.75,7.0,5.0],"tintindex":-2,"rotation":0,"texture":"#0"}}},{"from":[2.0,-4.981121,-3.2142544],"to":[14.0,7.01888,8.785746],"faces":{"east":{"uv":[3.75,3.125,5.25,4.625],"tintindex":-2,"rotation":0,"texture":"#0"},"south":{"uv":[0.0,4.625,1.5,6.125],"tintindex":-2,"rotation":0,"texture":"#0"},"north":{"uv":[3.75,1.625,5.25,3.125],"tintindex":-2,"rotation":0,"texture":"#0"},"west":{"uv":[3.75,4.625,5.25,6.125],"tintindex":-2,"rotation":0,"texture":"#0"},"up":{"uv":[3.0,6.5,1.5,5.0],"tintindex":-2,"rotation":0,"texture":"#0"},"down":{"uv":[6.75,1.625,5.25,3.125],"tintindex":-2,"rotation":0,"texture":"#0"}}},{"from":[8.0,11.018879,-3.2142544],"to":[8.0,14.018879,7.7857456],"faces":{"east":{"uv":[6.75,7.875,5.375,8.25],"tintindex":-2,"rotation":0,"texture":"#0"},"south":{"uv":[5.5,0.5,7.25,1.0],"tintindex":-2,"rotation":0,"texture":"#0"},"north":{"uv":[5.5,0.0,7.25,0.5],"tintindex":-2,"rotation":0,"texture":"#0"},"west":{"uv":[5.375,7.875,6.75,8.25],"tintindex":-2,"rotation":0,"texture":"#0"},"up":{"uv":[1.75,4.625,0.0,3.0],"tintindex":-2,"rotation":0,"texture":"#0"},"down":{"uv":[5.5,0.0,3.75,1.625],"tintindex":-2,"rotation":0,"texture":"#0"}}},{"from":[14.0,2.01888,4.7857456],"to":[18.0,5.01888,6.7857456],"faces":{"east":{"uv":[2.25,3.75,2.5,4.125],"tintindex":-2,"rotation":0,"texture":"#0"},"south":{"uv":[7.0,4.125,7.5,4.5],"tintindex":-2,"rotation":0,"texture":"#0"},"north":{"uv":[7.0,3.75,7.5,4.125],"tintindex":-2,"rotation":0,"texture":"#0"},"west":{"uv":[2.25,4.125,2.5,4.5],"tintindex":-2,"rotation":0,"texture":"#0"},"up":{"uv":[7.5,5.25,7.0,5.0],"tintindex":-2,"rotation":0,"texture":"#0"},"down":{"uv":[7.5,5.25,7.0,5.5],"tintindex":-2,"rotation":0,"texture":"#0"}}}],"display":{"gui":{"rotation":[30,225,0]}}}