{"textures":{"0":"modelengine:entity/nm_bison_baby_texture"},"elements":[{"from":[3.0,1.9314151,0.21170998],"to":[13.0,13.931415,20.21171],"faces":{"east":{"uv":[0.0,0.0,2.5,1.5],"tintindex":-2,"rotation":0,"texture":"#0"},"south":{"uv":[5.25,4.625,6.5,6.125],"tintindex":-2,"rotation":0,"texture":"#0"},"north":{"uv":[5.25,3.125,6.5,4.625],"tintindex":-2,"rotation":0,"texture":"#0"},"west":{"uv":[0.0,1.5,2.5,3.0],"tintindex":-2,"rotation":0,"texture":"#0"},"up":{"uv":[3.75,2.5,2.5,0.0],"tintindex":-2,"rotation":0,"texture":"#0"},"down":{"uv":[3.75,2.5,2.5,5.0],"tintindex":-2,"rotation":0,"texture":"#0"}}}],"display":{"gui":{"rotation":[30,225,0]}}}