{"textures":{"0":"modelengine:entity/nm_bison_baby_texture"},"elements":[{"from":[6.0,-3.0,6.0],"to":[10.0,9.0,10.0],"faces":{"east":{"uv":[5.125,6.125,5.625,7.625],"tintindex":-2,"rotation":0,"texture":"#0"},"south":{"uv":[5.625,6.125,6.125,7.625],"tintindex":-2,"rotation":0,"texture":"#0"},"north":{"uv":[4.625,6.125,5.125,7.625],"tintindex":-2,"rotation":0,"texture":"#0"},"west":{"uv":[6.125,6.125,6.625,7.625],"tintindex":-2,"rotation":0,"texture":"#0"},"up":{"uv":[3.5,6.0,3.0,5.5],"tintindex":-2,"rotation":0,"texture":"#0"},"down":{"uv":[7.125,6.125,6.625,6.625],"tintindex":-2,"rotation":0,"texture":"#0"}}}],"display":{"gui":{"rotation":[30,225,0]}}}