{"textures":{"0":"modelengine:entity/nm_bison_baby_texture"},"elements":[{"from":[6.0,-3.0,6.0],"to":[10.0,9.0,10.0],"faces":{"east":{"uv":[3.0,6.625,3.5,8.125],"tintindex":-2,"rotation":0,"texture":"#0"},"south":{"uv":[3.5,6.625,4.0,8.125],"tintindex":-2,"rotation":0,"texture":"#0"},"north":{"uv":[6.5,4.625,7.0,6.125],"tintindex":-2,"rotation":0,"texture":"#0"},"west":{"uv":[4.0,6.625,4.5,8.125],"tintindex":-2,"rotation":0,"texture":"#0"},"up":{"uv":[7.25,2.5,6.75,2.0],"tintindex":-2,"rotation":0,"texture":"#0"},"down":{"uv":[7.25,2.5,6.75,3.0],"tintindex":-2,"rotation":0,"texture":"#0"}}}],"display":{"gui":{"rotation":[30,225,0]}}}