{"textures":{"0":"modelengine:entity/nm_bison_baby_texture"},"elements":[{"from":[7.5,2.3076181,7.4671717],"to":[8.5,8.307618,8.467172],"faces":{"east":{"uv":[3.625,5.0,3.75,5.75],"tintindex":-2,"rotation":0,"texture":"#0"},"south":{"uv":[4.5,6.625,4.625,7.375],"tintindex":-2,"rotation":0,"texture":"#0"},"north":{"uv":[3.5,5.0,3.625,5.75],"tintindex":-2,"rotation":0,"texture":"#0"},"west":{"uv":[7.125,5.5,7.25,6.25],"tintindex":-2,"rotation":0,"texture":"#0"},"up":{"uv":[2.375,4.625,2.25,4.5],"tintindex":-2,"rotation":0,"texture":"#0"},"down":{"uv":[2.5,4.5,2.375,4.625],"tintindex":-2,"rotation":0,"texture":"#0"}}}],"display":{"gui":{"rotation":[30,225,0]}}}