{"textures":{"0":"modelengine:entity/nm_moth_texture"},"elements":[{"from":[6.6173162,7.9488797,6.0],"to":[6.6173162,9.948879,7.0],"faces":{"east":{"uv":[2.0,9.0,3.0,11.0],"tintindex":-2,"rotation":0,"texture":"#0"},"west":{"uv":[3.0,9.0,4.0,11.0],"tintindex":-2,"rotation":0,"texture":"#0"}},"rotation":{"origin":[6.6173162,8.948879,6.5],"angle":22.5,"axis":"z"}},{"from":[9.382684,7.9488797,6.0],"to":[9.382684,9.948879,7.0],"faces":{"east":{"uv":[4.0,9.0,3.0,11.0],"tintindex":-2,"rotation":0,"texture":"#0"},"west":{"uv":[3.0,9.0,2.0,11.0],"tintindex":-2,"rotation":0,"texture":"#0"}},"rotation":{"origin":[9.382684,8.948879,6.5],"angle":-22.5,"axis":"z"}},{"from":[7.5,7.025,8.0],"to":[8.5,8.025,10.0],"faces":{"east":{"uv":[2.0,8.0,4.0,9.0],"tintindex":-2,"rotation":0,"texture":"#0"},"south":{"uv":[6.0,9.0,7.0,10.0],"tintindex":-2,"rotation":0,"texture":"#0"},"north":{"uv":[8.0,7.0,9.0,8.0],"tintindex":-2,"rotation":0,"texture":"#0"},"west":{"uv":[8.0,2.0,10.0,3.0],"tintindex":-2,"rotation":0,"texture":"#0"},"up":{"uv":[9.0,5.0,8.0,3.0],"tintindex":-2,"rotation":0,"texture":"#0"},"down":{"uv":[5.0,8.0,4.0,10.0],"tintindex":-2,"rotation":0,"texture":"#0"}}},{"from":[7.0,7.025,6.0],"to":[9.0,8.025,8.0],"faces":{"east":{"uv":[8.0,5.0,10.0,6.0],"tintindex":-2,"rotation":0,"texture":"#0"},"south":{"uv":[8.0,6.0,10.0,7.0],"tintindex":-2,"rotation":0,"texture":"#0"},"north":{"uv":[5.0,8.0,7.0,9.0],"tintindex":-2,"rotation":0,"texture":"#0"},"west":{"uv":[7.0,8.0,9.0,9.0],"tintindex":-2,"rotation":0,"texture":"#0"},"up":{"uv":[2.0,10.0,0.0,8.0],"tintindex":-2,"rotation":0,"texture":"#0"},"down":{"uv":[10.0,0.0,8.0,2.0],"tintindex":-2,"rotation":0,"texture":"#0"}}}],"display":{"gui":{"rotation":[30,225,0]}}}