{"textures":{"1":"modelengine:entity/duck_crumb"},"elements":[{"from":[6.5,7.5,6.5],"to":[9.5,8.5,9.5],"faces":{"east":{"uv":[1.0,0.5,1.75,0.75],"tintindex":-2,"rotation":0,"texture":"#1"},"south":{"uv":[1.0,1.0,1.75,1.25],"tintindex":-2,"rotation":0,"texture":"#1"},"north":{"uv":[1.0,0.0,1.75,0.25],"tintindex":-2,"rotation":0,"texture":"#1"},"west":{"uv":[1.0,1.5,1.75,1.75],"tintindex":-2,"rotation":0,"texture":"#1"},"up":{"uv":[0.75,0.75,0.0,0.0],"tintindex":-2,"rotation":0,"texture":"#1"},"down":{"uv":[0.75,1.0,0.0,1.75],"tintindex":-2,"rotation":0,"texture":"#1"}}}],"display":{"gui":{"rotation":[30,225,0]}}}