{"textures":{"0":"modelengine:entity/owl"},"elements":[{"from":[7.574025,2.0,11.385819],"to":[7.574025,9.0,14.385819],"faces":{"east":{"uv":[0.75,9.0,0.0,10.75],"tintindex":-2,"rotation":0,"texture":"#0"},"north":{"uv":[6.0,8.25,6.25,10.0],"tintindex":-2,"rotation":0,"texture":"#0"},"west":{"uv":[0.0,9.0,0.75,10.75],"tintindex":-2,"rotation":0,"texture":"#0"},"up":{"uv":[2.5,9.75,2.25,8.5],"tintindex":-2,"rotation":0,"texture":"#0"},"down":{"uv":[8.75,6.5,8.5,7.75],"tintindex":-2,"rotation":0,"texture":"#0"}},"rotation":{"origin":[7.574025,5.5,12.885819],"angle":22.5,"axis":"y"}},{"from":[8.913417,-7.619398,6.5],"to":[8.913417,2.380602,16.5],"faces":{"east":{"uv":[2.5,2.5,0.0,5.0],"tintindex":-2,"rotation":0,"texture":"#0"},"west":{"uv":[0.0,2.5,2.5,5.0],"tintindex":-2,"rotation":0,"texture":"#0"}},"rotation":{"origin":[8.913417,-2.619398,11.5],"angle":22.5,"axis":"z"}},{"from":[7.0,2.0,11.5],"to":[7.0,8.0,16.5],"faces":{"east":{"uv":[8.25,3.0,7.0,4.5],"tintindex":-2,"rotation":0,"texture":"#0"},"west":{"uv":[7.0,3.0,8.25,4.5],"tintindex":-2,"rotation":0,"texture":"#0"}}},{"from":[7.0,2.0,6.5],"to":[8.0,8.0,11.5],"faces":{"east":{"uv":[3.75,6.75,5.0,8.25],"tintindex":-2,"rotation":0,"texture":"#0"},"south":{"uv":[2.0,8.5,2.25,10.0],"tintindex":-2,"rotation":0,"texture":"#0"},"north":{"uv":[7.25,8.25,7.5,9.75],"tintindex":-2,"rotation":0,"texture":"#0"},"west":{"uv":[5.0,6.75,6.25,8.25],"tintindex":-2,"rotation":0,"texture":"#0"},"up":{"uv":[7.75,9.75,7.5,8.5],"tintindex":-2,"rotation":0,"texture":"#0"},"down":{"uv":[8.0,8.5,7.75,9.75],"tintindex":-2,"rotation":0,"texture":"#0"}}}],"display":{"gui":{"rotation":[30,225,0]}}}