{"textures":{"0":"modelengine:entity/owl"},"elements":[{"from":[5.5,4.0,7.5],"to":[7.5,6.0,9.5],"faces":{"east":{"uv":[8.0,8.5,8.5,9.0],"tintindex":-2,"rotation":0,"texture":"#0"},"south":{"uv":[8.5,8.25,9.0,8.75],"tintindex":-2,"rotation":0,"texture":"#0"},"north":{"uv":[8.5,7.75,9.0,8.25],"tintindex":-2,"rotation":0,"texture":"#0"},"west":{"uv":[8.75,0.75,9.25,1.25],"tintindex":-2,"rotation":0,"texture":"#0"},"up":{"uv":[9.25,6.0,8.75,5.5],"tintindex":-2,"rotation":0,"texture":"#0"},"down":{"uv":[9.25,6.0,8.75,6.5],"tintindex":-2,"rotation":0,"texture":"#0"}},"rotation":{"origin":[7.0,5.0,9.0],"angle":22.5,"axis":"x"}},{"from":[5.0,1.0,7.0],"to":[8.0,3.0,10.0],"faces":{"east":{"uv":[6.5,8.25,7.25,8.75],"tintindex":-2,"rotation":0,"texture":"#0"},"south":{"uv":[1.25,8.5,2.0,9.0],"tintindex":-2,"rotation":0,"texture":"#0"},"north":{"uv":[4.25,3.0,5.0,3.5],"tintindex":-2,"rotation":0,"texture":"#0"},"west":{"uv":[8.5,1.5,9.25,2.0],"tintindex":-2,"rotation":0,"texture":"#0"},"up":{"uv":[9.0,5.5,8.25,4.75],"tintindex":-2,"rotation":0,"texture":"#0"},"down":{"uv":[6.0,8.25,5.25,9.0],"tintindex":-2,"rotation":0,"texture":"#0"}},"rotation":{"origin":[7.0,5.0,9.0],"angle":22.5,"axis":"x"}},{"from":[6.0,3.0,8.0],"to":[7.0,4.0,9.0],"faces":{"east":{"uv":[8.0,2.75,8.25,3.0],"tintindex":-2,"rotation":0,"texture":"#0"},"south":{"uv":[8.25,5.5,8.5,5.75],"tintindex":-2,"rotation":0,"texture":"#0"},"north":{"uv":[7.75,2.75,8.0,3.0],"tintindex":-2,"rotation":0,"texture":"#0"},"west":{"uv":[8.5,2.5,8.75,2.75],"tintindex":-2,"rotation":0,"texture":"#0"},"up":{"uv":[8.75,5.75,8.5,5.5],"tintindex":-2,"rotation":0,"texture":"#0"},"down":{"uv":[9.0,1.25,8.75,1.5],"tintindex":-2,"rotation":0,"texture":"#0"}},"rotation":{"origin":[7.0,5.0,9.0],"angle":22.5,"axis":"x"}},{"from":[5.0,5.7325377,5.844623],"to":[8.0,9.732538,9.844624],"faces":{"east":{"uv":[7.5,6.5,8.5,7.5],"tintindex":-2,"rotation":0,"texture":"#0"},"south":{"uv":[3.75,8.25,4.5,9.25],"tintindex":-2,"rotation":0,"texture":"#0"},"north":{"uv":[8.25,2.75,9.0,3.75],"tintindex":-2,"rotation":0,"texture":"#0"},"west":{"uv":[7.5,7.5,8.5,8.5],"tintindex":-2,"rotation":0,"texture":"#0"},"up":{"uv":[9.0,4.75,8.25,3.75],"tintindex":-2,"rotation":0,"texture":"#0"},"down":{"uv":[5.25,8.25,4.5,9.25],"tintindex":-2,"rotation":0,"texture":"#0"}}}],"display":{"gui":{"rotation":[30,225,0]}}}