{"textures":{"0":"modelengine:entity/pb_aof_rooster_white"},"elements":[{"from":[6.5,7.5,6.5],"to":[9.5,13.5,9.5],"faces":{"east":{"uv":[0.75,9.0,1.5,10.5],"tintindex":-2,"rotation":0,"texture":"#0"},"south":{"uv":[1.5,9.0,2.25,10.5],"tintindex":-2,"rotation":0,"texture":"#0"},"north":{"uv":[0.0,9.0,0.75,10.5],"tintindex":-2,"rotation":0,"texture":"#0"},"west":{"uv":[2.25,9.0,3.0,10.5],"tintindex":-2,"rotation":0,"texture":"#0"},"up":{"uv":[9.5,10.0,8.75,9.25],"tintindex":-2,"rotation":0,"texture":"#0"}}},{"from":[7.5,10.0,5.25],"to":[8.5,12.0,9.0],"faces":{"east":{"uv":[9.0,5.0,10.0,5.5],"tintindex":-2,"rotation":0,"texture":"#0"},"north":{"uv":[5.5,3.5,5.75,4.0],"tintindex":-2,"rotation":0,"texture":"#0"},"west":{"uv":[9.5,1.5,10.5,2.0],"tintindex":-2,"rotation":0,"texture":"#0"},"up":{"uv":[9.75,3.0,9.5,2.0],"tintindex":-2,"rotation":0,"texture":"#0"},"down":{"uv":[10.0,2.0,9.75,3.0],"tintindex":-2,"rotation":0,"texture":"#0"}}},{"from":[8.0,8.5,5.25],"to":[8.0,15.5,10.25],"faces":{"east":{"uv":[1.5,7.25,2.75,9.0],"tintindex":-2,"rotation":0,"texture":"#0"},"west":{"uv":[2.75,7.25,4.0,9.0],"tintindex":-2,"rotation":0,"texture":"#0"}}}],"display":{"gui":{"rotation":[30,225,0]}}}