{"textures":{"0":"modelengine:entity/pb_aof_rooster_white"},"elements":[{"from":[7.0,2.0,5.0],"to":[8.0,8.0,11.0],"faces":{"east":{"uv":[5.5,6.5,7.0,8.0],"tintindex":-2,"rotation":0,"texture":"#0"},"south":{"uv":[9.5,7.0,9.75,8.5],"tintindex":-2,"rotation":0,"texture":"#0"},"north":{"uv":[9.5,5.5,9.75,7.0],"tintindex":-2,"rotation":0,"texture":"#0"},"west":{"uv":[7.0,0.0,8.5,1.5],"tintindex":-2,"rotation":0,"texture":"#0"},"up":{"uv":[9.75,10.0,9.5,8.5],"tintindex":-2,"rotation":0,"texture":"#0"},"down":{"uv":[10.0,5.5,9.75,7.0],"tintindex":-2,"rotation":0,"texture":"#0"}}}],"display":{"gui":{"rotation":[30,225,0]}}}