{"textures":{"0":"modelengine:entity/pb_aof_rooster_white"},"elements":[{"from":[5.25,2.0,1.0],"to":[10.75,8.5,7.0],"faces":{"east":{"uv":[5.5,1.75,7.0,3.5],"tintindex":-2,"rotation":0,"texture":"#0"},"north":{"uv":[5.5,0.0,7.0,1.75],"tintindex":-2,"rotation":0,"texture":"#0"},"west":{"uv":[0.0,6.0,1.5,7.75],"tintindex":-2,"rotation":0,"texture":"#0"},"up":{"uv":[7.5,5.0,6.0,3.5],"tintindex":-2,"rotation":0,"texture":"#0"},"down":{"uv":[7.5,5.0,6.0,6.5],"tintindex":-2,"rotation":0,"texture":"#0"}},"rotation":{"origin":[8.0,1.0,10.0],"angle":45.0,"axis":"x"}}],"display":{"gui":{"rotation":[30,225,0]}}}