{"textures":{"0":"modelengine:entity/pb_aof_rooster_white"},"elements":[{"from":[8.0,2.0,5.0],"to":[9.0,8.0,11.0],"faces":{"east":{"uv":[7.0,1.5,8.5,3.0],"tintindex":-2,"rotation":0,"texture":"#0"},"south":{"uv":[9.75,8.5,10.0,10.0],"tintindex":-2,"rotation":0,"texture":"#0"},"north":{"uv":[9.75,7.0,10.0,8.5],"tintindex":-2,"rotation":0,"texture":"#0"},"west":{"uv":[7.0,6.5,8.5,8.0],"tintindex":-2,"rotation":0,"texture":"#0"},"up":{"uv":[10.25,3.5,10.0,2.0],"tintindex":-2,"rotation":0,"texture":"#0"},"down":{"uv":[3.25,10.0,3.0,11.5],"tintindex":-2,"rotation":0,"texture":"#0"}}}],"display":{"gui":{"rotation":[30,225,0]}}}