{"textures":{"1":"modelengine:entity/em_bandit_c3"},"elements":[{"from":[3.996016,8.139999,3.7843146],"to":[12.196016,12.34,11.984315],"faces":{"east":{"uv":[3.125,6.375,4.125,6.875],"tintindex":0,"rotation":0,"texture":"#1"},"south":{"uv":[4.25,6.375,5.25,6.875],"tintindex":0,"rotation":0,"texture":"#1"},"north":{"uv":[6.125,3.25,7.125,3.75],"tintindex":0,"rotation":0,"texture":"#1"},"west":{"uv":[5.375,6.5,6.375,7.0],"tintindex":0,"rotation":0,"texture":"#1"},"up":{"uv":[3.25,5.25,2.25,4.25],"tintindex":0,"rotation":0,"texture":"#1"},"down":{"uv":[5.5,0.0,4.5,1.0],"tintindex":0,"rotation":0,"texture":"#1"}}},{"from":[4.096016,8.24,3.8843145],"to":[12.096016,16.24,11.884315],"faces":{"east":{"uv":[3.375,1.125,4.375,2.125],"tintindex":0,"rotation":0,"texture":"#1"},"south":{"uv":[0.0,3.75,1.0,4.75],"tintindex":0,"rotation":0,"texture":"#1"},"north":{"uv":[3.375,0.0,4.375,1.0],"tintindex":0,"rotation":0,"texture":"#1"},"west":{"uv":[1.125,3.75,2.125,4.75],"tintindex":0,"rotation":0,"texture":"#1"},"up":{"uv":[4.75,3.25,3.75,2.25],"tintindex":0,"rotation":0,"texture":"#1"},"down":{"uv":[4.75,3.375,3.75,4.375],"tintindex":0,"rotation":0,"texture":"#1"}}},{"from":[3.896016,7.04,3.6843145],"to":[12.296016,16.44,12.084314],"faces":{"east":{"uv":[1.125,0.0,2.125,1.125],"tintindex":0,"rotation":0,"texture":"#1"},"south":{"uv":[0.0,1.25,1.0,2.375],"tintindex":0,"rotation":0,"texture":"#1"},"north":{"uv":[0.0,0.0,1.0,1.125],"tintindex":0,"rotation":0,"texture":"#1"},"west":{"uv":[1.125,1.25,2.125,2.375],"tintindex":0,"rotation":0,"texture":"#1"},"up":{"uv":[5.5,2.125,4.5,1.125],"tintindex":0,"rotation":0,"texture":"#1"},"down":{"uv":[4.375,4.5,3.375,5.5],"tintindex":0,"rotation":0,"texture":"#1"}}},{"from":[12.296016,16.44,12.084314],"to":[3.896016,7.04,3.6843145],"faces":{"east":{"uv":[2.25,1.25,3.25,2.375],"tintindex":0,"rotation":0,"texture":"#1"},"south":{"uv":[0.0,2.5,1.0,3.625],"tintindex":0,"rotation":0,"texture":"#1"},"north":{"uv":[2.25,0.0,3.25,1.125],"tintindex":0,"rotation":0,"texture":"#1"},"west":{"uv":[1.125,2.5,2.125,3.625],"tintindex":0,"rotation":0,"texture":"#1"},"up":{"uv":[5.5,5.5,4.5,4.5],"tintindex":0,"rotation":0,"texture":"#1"},"down":{"uv":[1.0,4.875,0.0,5.875],"tintindex":0,"rotation":0,"texture":"#1"}}}],"display":{"gui":{"rotation":[30,225,0]}}}