{"textures":{"1":"modelengine:entity/em_bandit_c3"},"elements":[{"from":[6.505,-0.89059746,8.033281],"to":[9.495,2.0994015,10.023281],"faces":{"east":{"uv":[6.875,3.875,7.125,4.25],"tintindex":0,"rotation":0,"texture":"#1"},"south":{"uv":[1.625,9.5,2.0,9.875],"tintindex":0,"rotation":0,"texture":"#1"},"north":{"uv":[7.625,9.375,8.0,9.75],"tintindex":0,"rotation":0,"texture":"#1"},"west":{"uv":[2.5,8.75,2.75,9.125],"tintindex":0,"rotation":0,"texture":"#1"},"up":{"uv":[10.125,8.875,9.75,8.625],"tintindex":0,"rotation":0,"texture":"#1"},"down":{"uv":[9.625,9.75,9.25,10.0],"tintindex":0,"rotation":0,"texture":"#1"}},"rotation":{"origin":[8.0,1.1044021,8.778281],"angle":22.5,"axis":"x"}},{"from":[7.0,-6.2250004,3.7125],"to":[9.0,-4.2250004,5.7125],"faces":{"east":{"uv":[0.0,10.25,0.25,10.5],"tintindex":0,"rotation":0,"texture":"#1"},"south":{"uv":[10.25,0.75,10.5,1.0],"tintindex":0,"rotation":0,"texture":"#1"},"north":{"uv":[10.0,10.125,10.25,10.375],"tintindex":0,"rotation":0,"texture":"#1"},"west":{"uv":[1.125,10.25,1.375,10.5],"tintindex":0,"rotation":0,"texture":"#1"},"up":{"uv":[1.75,10.5,1.5,10.25],"tintindex":0,"rotation":0,"texture":"#1"},"down":{"uv":[2.125,10.25,1.875,10.5],"tintindex":0,"rotation":0,"texture":"#1"}},"rotation":{"origin":[7.5,-5.2250004,4.7125],"angle":22.5,"axis":"x"}},{"from":[6.0,2.375,6.375],"to":[10.0,9.375,10.375],"faces":{"east":{"uv":[0.0,7.0,0.5,7.875],"tintindex":0,"rotation":0,"texture":"#1"},"south":{"uv":[3.125,7.0,3.625,7.875],"tintindex":0,"rotation":0,"texture":"#1"},"north":{"uv":[6.875,1.5,7.375,2.375],"tintindex":0,"rotation":0,"texture":"#1"},"west":{"uv":[3.75,7.0,4.25,7.875],"tintindex":0,"rotation":0,"texture":"#1"},"up":{"uv":[8.75,6.5,8.25,6.0],"tintindex":0,"rotation":0,"texture":"#1"},"down":{"uv":[8.75,6.625,8.25,7.125],"tintindex":0,"rotation":0,"texture":"#1"}}},{"from":[6.5,-6.625,4.875],"to":[9.5,-4.625,9.875],"faces":{"east":{"uv":[9.125,5.5,9.75,5.75],"tintindex":0,"rotation":0,"texture":"#1"},"south":{"uv":[0.0,9.875,0.375,10.125],"tintindex":0,"rotation":0,"texture":"#1"},"north":{"uv":[9.75,9.75,10.125,10.0],"tintindex":0,"rotation":0,"texture":"#1"},"west":{"uv":[9.375,5.875,10.0,6.125],"tintindex":0,"rotation":0,"texture":"#1"},"up":{"uv":[5.5,9.375,5.125,8.75],"tintindex":0,"rotation":0,"texture":"#1"},"down":{"uv":[9.125,8.5,8.75,9.125],"tintindex":0,"rotation":0,"texture":"#1"}}},{"from":[6.5,-4.625,6.375],"to":[9.5,0.375,9.375],"faces":{"east":{"uv":[2.0,8.75,2.375,9.375],"tintindex":0,"rotation":0,"texture":"#1"},"south":{"uv":[4.125,8.75,4.5,9.375],"tintindex":0,"rotation":0,"texture":"#1"},"north":{"uv":[7.625,8.625,8.0,9.25],"tintindex":0,"rotation":0,"texture":"#1"},"west":{"uv":[4.625,8.75,5.0,9.375],"tintindex":0,"rotation":0,"texture":"#1"},"up":{"uv":[2.125,5.25,1.75,4.875],"tintindex":0,"rotation":0,"texture":"#1"},"down":{"uv":[7.375,8.125,7.0,8.5],"tintindex":0,"rotation":0,"texture":"#1"}}},{"from":[6.5,1.375,6.375],"to":[9.5,2.375,10.375],"faces":{"east":{"uv":[9.875,9.5,10.375,9.625],"tintindex":0,"rotation":0,"texture":"#1"},"south":{"uv":[5.875,10.25,6.25,10.375],"tintindex":0,"rotation":0,"texture":"#1"},"north":{"uv":[4.5,10.25,4.875,10.375],"tintindex":0,"rotation":0,"texture":"#1"},"west":{"uv":[1.125,10.0,1.625,10.125],"tintindex":0,"rotation":0,"texture":"#1"},"up":{"uv":[9.5,4.125,9.125,3.625],"tintindex":0,"rotation":0,"texture":"#1"},"down":{"uv":[9.5,4.25,9.125,4.75],"tintindex":0,"rotation":0,"texture":"#1"}}},{"from":[6.47,-1.655,6.345],"to":[9.53,-0.595,9.405],"faces":{"east":{"uv":[10.25,8.75,10.625,8.875],"tintindex":0,"rotation":0,"texture":"#1"},"south":{"uv":[10.25,9.75,10.625,9.875],"tintindex":0,"rotation":0,"texture":"#1"},"north":{"uv":[10.25,8.5,10.625,8.625],"tintindex":0,"rotation":0,"texture":"#1"},"west":{"uv":[10.375,0.0,10.75,0.125],"tintindex":0,"rotation":0,"texture":"#1"},"up":{"uv":[4.375,9.875,4.0,9.5],"tintindex":0,"rotation":0,"texture":"#1"},"down":{"uv":[4.875,9.5,4.5,9.875],"tintindex":0,"rotation":0,"texture":"#1"}}},{"from":[5.9,0.275,6.25],"to":[10.1,1.475,10.450001],"faces":{"east":{"uv":[9.875,8.0,10.375,8.125],"tintindex":0,"rotation":0,"texture":"#1"},"south":{"uv":[9.875,8.25,10.375,8.375],"tintindex":0,"rotation":0,"texture":"#1"},"north":{"uv":[7.125,9.875,7.625,10.0],"tintindex":0,"rotation":0,"texture":"#1"},"west":{"uv":[9.875,9.25,10.375,9.375],"tintindex":0,"rotation":0,"texture":"#1"},"up":{"uv":[8.75,7.75,8.25,7.25],"tintindex":0,"rotation":0,"texture":"#1"},"down":{"uv":[9.0,2.125,8.5,2.625],"tintindex":0,"rotation":0,"texture":"#1"}}}],"display":{"gui":{"rotation":[30,225,0]}}}