{"textures":{"1":"modelengine:entity/em_bandit_c3"},"elements":[{"from":[5.0,2.214285,5.5],"to":[9.0,9.214285,10.5],"faces":{"east":{"uv":[6.125,2.25,6.75,3.125],"tintindex":0,"rotation":0,"texture":"#1"},"south":{"uv":[7.25,3.5,7.75,4.375],"tintindex":0,"rotation":0,"texture":"#1"},"north":{"uv":[7.25,2.5,7.75,3.375],"tintindex":0,"rotation":0,"texture":"#1"},"west":{"uv":[2.375,6.375,3.0,7.25],"tintindex":0,"rotation":0,"texture":"#1"},"up":{"uv":[8.375,2.875,7.875,2.25],"tintindex":0,"rotation":0,"texture":"#1"},"down":{"uv":[8.375,3.0,7.875,3.625],"tintindex":0,"rotation":0,"texture":"#1"}}},{"from":[4.892031,5.114285,5.4],"to":[9.0920315,9.314285,10.6],"faces":{"east":{"uv":[2.125,8.125,2.75,8.625],"tintindex":0,"rotation":0,"texture":"#1"},"south":{"uv":[3.5,8.625,4.0,9.125],"tintindex":0,"rotation":0,"texture":"#1"},"north":{"uv":[2.875,8.625,3.375,9.125],"tintindex":0,"rotation":0,"texture":"#1"},"west":{"uv":[5.0,8.125,5.625,8.625],"tintindex":0,"rotation":0,"texture":"#1"},"up":{"uv":[6.25,8.75,5.75,8.125],"tintindex":0,"rotation":0,"texture":"#1"},"down":{"uv":[6.875,8.125,6.375,8.75],"tintindex":0,"rotation":0,"texture":"#1"}}},{"from":[5.15,-2.8982148,5.85],"to":[6.45,1.4017853,10.15],"faces":{"east":{"uv":[7.0,8.625,7.5,9.125],"tintindex":0,"rotation":0,"texture":"#1"},"south":{"uv":[10.125,6.5,10.25,7.0],"tintindex":0,"rotation":0,"texture":"#1"},"north":{"uv":[10.125,5.875,10.25,6.375],"tintindex":0,"rotation":0,"texture":"#1"},"west":{"uv":[0.0,8.75,0.5,9.25],"tintindex":0,"rotation":0,"texture":"#1"},"up":{"uv":[7.25,10.625,7.125,10.125],"tintindex":0,"rotation":0,"texture":"#1"},"down":{"uv":[10.25,7.125,10.125,7.625],"tintindex":0,"rotation":0,"texture":"#1"}}},{"from":[5.4,-5.885715,5.9],"to":[8.6,-2.6857152,10.1],"faces":{"east":{"uv":[4.875,4.0,5.375,4.375],"tintindex":0,"rotation":0,"texture":"#1"},"south":{"uv":[0.625,9.625,1.0,10.0],"tintindex":0,"rotation":0,"texture":"#1"},"north":{"uv":[5.0,9.5,5.375,9.875],"tintindex":0,"rotation":0,"texture":"#1"},"west":{"uv":[6.75,6.0,7.25,6.375],"tintindex":0,"rotation":0,"texture":"#1"},"up":{"uv":[2.875,9.75,2.5,9.25],"tintindex":0,"rotation":0,"texture":"#1"},"down":{"uv":[3.375,9.25,3.0,9.75],"tintindex":0,"rotation":0,"texture":"#1"}}},{"from":[5.5,-2.785715,6.0],"to":[8.5,2.214285,10.0],"faces":{"east":{"uv":[7.875,3.75,8.375,4.375],"tintindex":0,"rotation":0,"texture":"#1"},"south":{"uv":[8.875,0.625,9.25,1.25],"tintindex":0,"rotation":0,"texture":"#1"},"north":{"uv":[0.625,8.875,1.0,9.5],"tintindex":0,"rotation":0,"texture":"#1"},"west":{"uv":[7.875,4.5,8.375,5.125],"tintindex":0,"rotation":0,"texture":"#1"},"up":{"uv":[3.875,9.75,3.5,9.25],"tintindex":0,"rotation":0,"texture":"#1"},"down":{"uv":[7.0,9.25,6.625,9.75],"tintindex":0,"rotation":0,"texture":"#1"}}}],"display":{"gui":{"rotation":[30,225,0]}}}