{"textures":{"0":"modelengine:entity/pb_aof_rooster_white"},"elements":[{"from":[5.0,3.5,3.5],"to":[11.0,11.0,11.5],"faces":{"east":{"uv":[0.0,0.0,2.0,2.0],"tintindex":-2,"rotation":0,"texture":"#0"},"south":{"uv":[4.0,2.0,5.5,4.0],"tintindex":-2,"rotation":0,"texture":"#0"},"north":{"uv":[1.5,4.0,3.0,6.0],"tintindex":-2,"rotation":0,"texture":"#0"},"west":{"uv":[0.0,2.0,2.0,4.0],"tintindex":-2,"rotation":0,"texture":"#0"},"up":{"uv":[4.5,6.0,3.0,4.0],"tintindex":-2,"rotation":0,"texture":"#0"},"down":{"uv":[6.0,4.0,4.5,6.0],"tintindex":-2,"rotation":0,"texture":"#0"}}},{"from":[5.25,2.5,11.25],"to":[10.75,7.5,16.25],"faces":{"east":{"uv":[7.0,8.0,8.25,9.25],"tintindex":-2,"rotation":0,"texture":"#0"},"south":{"uv":[7.5,4.25,9.0,5.5],"tintindex":-2,"rotation":0,"texture":"#0"},"west":{"uv":[8.25,8.0,9.5,9.25],"tintindex":-2,"rotation":0,"texture":"#0"},"up":{"uv":[1.5,9.0,0.0,7.75],"tintindex":-2,"rotation":0,"texture":"#0"},"down":{"uv":[7.0,8.0,5.5,9.25],"tintindex":-2,"rotation":0,"texture":"#0"}},"rotation":{"origin":[8.0,2.5,6.5],"angle":-22.5,"axis":"x"}},{"from":[5.245,3.0,4.5],"to":[10.755,7.5,12.5],"faces":{"east":{"uv":[1.5,6.0,3.5,7.25],"tintindex":-2,"rotation":0,"texture":"#0"},"south":{"uv":[7.5,3.0,9.0,4.25],"tintindex":-2,"rotation":0,"texture":"#0"},"north":{"uv":[4.0,7.25,5.5,8.5],"tintindex":-2,"rotation":0,"texture":"#0"},"west":{"uv":[3.5,6.0,5.5,7.25],"tintindex":-2,"rotation":0,"texture":"#0"},"up":{"uv":[1.5,6.0,0.0,4.0],"tintindex":-2,"rotation":0,"texture":"#0"},"down":{"uv":[5.5,0.0,4.0,2.0],"tintindex":-2,"rotation":0,"texture":"#0"}}},{"from":[6.5,6.5,17.75],"to":[9.5,10.5,21.75],"faces":{"east":{"uv":[3.0,9.0,4.0,10.0],"tintindex":-2,"rotation":0,"texture":"#0"},"south":{"uv":[5.0,9.25,5.75,10.25],"tintindex":-2,"rotation":0,"texture":"#0"},"north":{"uv":[9.0,4.0,9.75,5.0],"tintindex":-2,"rotation":0,"texture":"#0"},"west":{"uv":[9.0,3.0,10.0,4.0],"tintindex":-2,"rotation":0,"texture":"#0"},"up":{"uv":[6.5,10.25,5.75,9.25],"tintindex":-2,"rotation":0,"texture":"#0"},"down":{"uv":[7.25,9.25,6.5,10.25],"tintindex":-2,"rotation":0,"texture":"#0"}},"rotation":{"origin":[8.0,1.5,16.5],"angle":-45.0,"axis":"x"}},{"from":[8.0,6.75,12.0],"to":[8.0,14.75,20.0],"faces":{"east":{"uv":[2.0,0.0,4.0,2.0],"tintindex":-2,"rotation":0,"texture":"#0"},"west":{"uv":[2.0,2.0,4.0,4.0],"tintindex":-2,"rotation":0,"texture":"#0"}}}],"display":{"gui":{"rotation":[30,225,0]}}}