{"textures":{"0":"modelengine:entity/pb_aof_rooster_white"},"elements":[{"from":[3.5,4.55,5.0],"to":[6.5,4.55,8.0],"faces":{"up":{"uv":[8.0,10.0,7.25,9.25],"tintindex":-2,"rotation":0,"texture":"#0"},"down":{"uv":[8.75,9.25,8.0,10.0],"tintindex":-2,"rotation":0,"texture":"#0"}}},{"from":[4.5,4.55,8.0],"to":[5.5,9.55,8.0],"faces":{"south":{"uv":[3.75,10.0,4.0,11.25],"tintindex":-2,"rotation":0,"texture":"#0"},"north":{"uv":[10.0,3.5,10.25,4.75],"tintindex":-2,"rotation":0,"texture":"#0"}}}],"display":{"gui":{"rotation":[30,225,0]}}}