{"textures":{"0":"modelengine:entity/pb_aof_rooster_white"},"elements":[{"from":[10.5,4.55,8.0],"to":[11.5,9.55,8.0],"faces":{"south":{"uv":[3.5,10.0,3.75,11.25],"tintindex":-2,"rotation":0,"texture":"#0"},"north":{"uv":[3.25,10.0,3.5,11.25],"tintindex":-2,"rotation":0,"texture":"#0"}}},{"from":[9.5,4.55,5.0],"to":[12.5,4.55,8.0],"faces":{"up":{"uv":[10.25,0.75,9.5,0.0],"tintindex":-2,"rotation":0,"texture":"#0"},"down":{"uv":[10.25,0.75,9.5,1.5],"tintindex":-2,"rotation":0,"texture":"#0"}}}],"display":{"gui":{"rotation":[30,225,0]}}}