{"textures":{"2":"modelengine:entity/bear_polar"},"elements":[{"from":[2.3511848,9.714302,-1.0968552],"to":[4.5511856,10.914303,-1.0968552],"faces":{"east":{"uv":[7.4375,0.0,6.8125,0.5625],"tintindex":-2,"rotation":0,"texture":"#2"},"south":{"uv":[3.875,6.3125,4.625,6.875],"tintindex":-2,"rotation":0,"texture":"#2"},"north":{"uv":[3.8125,1.625,3.9375,1.6875],"tintindex":-2,"rotation":0,"texture":"#2"},"west":{"uv":[6.8125,0.0,7.4375,0.5625],"tintindex":-2,"rotation":0,"texture":"#2"},"up":{"uv":[5.25,4.0625,4.5,3.4375],"tintindex":-2,"rotation":0,"texture":"#2"},"down":{"uv":[1.3125,5.9375,0.5625,6.5625],"tintindex":-2,"rotation":0,"texture":"#2"}}},{"from":[4.451185,5.8143024,-7.046856],"to":[10.451185,10.814302,-1.0468559],"faces":{"east":{"uv":[6.5,7.875,6.125,8.1875],"tintindex":-2,"rotation":0,"texture":"#2"},"south":{"uv":[7.875,0.0,8.25,0.3125],"tintindex":-2,"rotation":0,"texture":"#2"},"north":{"uv":[7.8125,6.6875,8.1875,7.0],"tintindex":-2,"rotation":0,"texture":"#2"},"west":{"uv":[6.125,7.875,6.5,8.1875],"tintindex":-2,"rotation":0,"texture":"#2"},"up":{"uv":[3.0,8.125,2.625,7.75],"tintindex":-2,"rotation":0,"texture":"#2"},"down":{"uv":[3.375,7.75,3.0,8.125],"tintindex":-2,"rotation":0,"texture":"#2"}}},{"from":[-0.5488148,11.814302,3.953144],"to":[5.451185,17.814302,5.953144],"faces":{"east":{"uv":[5.125,1.75,5.25,2.125],"tintindex":-2,"rotation":0,"texture":"#2"},"south":{"uv":[7.6875,7.5,8.0625,7.875],"tintindex":-2,"rotation":0,"texture":"#2"},"north":{"uv":[7.6875,4.6875,8.0625,5.0625],"tintindex":-2,"rotation":0,"texture":"#2"},"west":{"uv":[5.25,1.75,5.375,2.125],"tintindex":-2,"rotation":0,"texture":"#2"},"up":{"uv":[6.1875,5.25,5.8125,5.125],"tintindex":-2,"rotation":0,"texture":"#2"},"down":{"uv":[4.25,6.1875,3.875,6.3125],"tintindex":-2,"rotation":0,"texture":"#2"}},"rotation":{"origin":[2.4511852,14.814302,4.953144],"angle":22.5,"axis":"y"}},{"from":[9.451185,3.8143024,-6.046856],"to":[9.451185,5.8143024,-4.046856],"faces":{"east":{"uv":[6.625,10.5,6.5,10.625],"tintindex":-2,"rotation":0,"texture":"#2"},"south":{"uv":[7.875,0.0,8.25,0.3125],"tintindex":-2,"rotation":0,"texture":"#2"},"west":{"uv":[6.5,10.5,6.625,10.625],"tintindex":-2,"rotation":0,"texture":"#2"}}},{"from":[5.451185,3.8143024,-6.046856],"to":[5.451185,5.8143024,-4.046856],"faces":{"east":{"uv":[6.625,10.5,6.5,10.625],"tintindex":-2,"rotation":0,"texture":"#2"},"south":{"uv":[7.875,0.0,8.25,0.3125],"tintindex":-2,"rotation":0,"texture":"#2"},"west":{"uv":[6.5,10.5,6.625,10.625],"tintindex":-2,"rotation":0,"texture":"#2"}}},{"from":[9.451185,11.814302,3.953144],"to":[15.451185,17.814302,5.953144],"faces":{"east":{"uv":[5.375,1.75,5.25,2.125],"tintindex":-2,"rotation":0,"texture":"#2"},"south":{"uv":[8.0625,7.5,7.6875,7.875],"tintindex":-2,"rotation":0,"texture":"#2"},"north":{"uv":[8.0625,4.6875,7.6875,5.0625],"tintindex":-2,"rotation":0,"texture":"#2"},"west":{"uv":[5.25,1.75,5.125,2.125],"tintindex":-2,"rotation":0,"texture":"#2"},"up":{"uv":[5.8125,5.25,6.1875,5.125],"tintindex":-2,"rotation":0,"texture":"#2"},"down":{"uv":[3.875,6.1875,4.25,6.3125],"tintindex":-2,"rotation":0,"texture":"#2"}},"rotation":{"origin":[12.451185,14.814302,4.953144],"angle":-22.5,"axis":"y"}},{"from":[10.351185,9.714302,-1.0968552],"to":[12.551186,10.914303,-1.0968552],"faces":{"east":{"uv":[7.4375,0.0,6.8125,0.5625],"tintindex":-2,"rotation":0,"texture":"#2"},"south":{"uv":[3.875,6.3125,4.625,6.875],"tintindex":-2,"rotation":0,"texture":"#2"},"north":{"uv":[3.8125,1.625,3.9375,1.6875],"tintindex":-2,"rotation":0,"texture":"#2"},"west":{"uv":[6.8125,0.0,7.4375,0.5625],"tintindex":-2,"rotation":0,"texture":"#2"},"up":{"uv":[5.25,4.0625,4.5,3.4375],"tintindex":-2,"rotation":0,"texture":"#2"},"down":{"uv":[1.3125,5.9375,0.5625,6.5625],"tintindex":-2,"rotation":0,"texture":"#2"}}},{"from":[2.4511852,-0.07151699,2.5271683],"to":[12.451185,2.928484,2.5271683],"faces":{"south":{"uv":[7.9375,2.0,8.5625,2.1875],"tintindex":-2,"rotation":0,"texture":"#2"},"north":{"uv":[7.9375,2.0,8.5625,2.1875],"tintindex":-2,"rotation":0,"texture":"#2"}},"rotation":{"origin":[7.451185,1.428483,2.5271683],"angle":-22.5,"axis":"x"}},{"from":[-1.963028,2.8143024,4.3673573],"to":[4.036972,14.814302,4.3673573],"faces":{"south":{"uv":[3.25,7.0,3.625,7.75],"tintindex":-2,"rotation":0,"texture":"#2"},"north":{"uv":[3.25,7.0,3.625,7.75],"tintindex":-2,"rotation":0,"texture":"#2"}},"rotation":{"origin":[0.036972046,10.314302,4.3673573],"angle":45.0,"axis":"y"}},{"from":[10.865398,2.8143024,4.3673573],"to":[16.865398,14.814302,4.3673573],"faces":{"south":{"uv":[3.625,7.0,3.25,7.75],"tintindex":-2,"rotation":0,"texture":"#2"},"north":{"uv":[3.625,7.0,3.25,7.75],"tintindex":-2,"rotation":0,"texture":"#2"}},"rotation":{"origin":[14.865398,10.314302,4.3673573],"angle":-45.0,"axis":"y"}},{"from":[1.4511852,5.8143024,-1.0468559],"to":[13.451185,14.814302,8.953144],"faces":{"east":{"uv":[7.4375,0.0,6.8125,0.5625],"tintindex":-2,"rotation":0,"texture":"#2"},"south":{"uv":[3.875,6.3125,4.625,6.875],"tintindex":-2,"rotation":0,"texture":"#2"},"north":{"uv":[5.375,2.875,6.125,3.4375],"tintindex":-2,"rotation":0,"texture":"#2"},"west":{"uv":[6.8125,0.0,7.4375,0.5625],"tintindex":-2,"rotation":0,"texture":"#2"},"up":{"uv":[5.25,4.0625,4.5,3.4375],"tintindex":-2,"rotation":0,"texture":"#2"},"down":{"uv":[1.3125,5.9375,0.5625,6.5625],"tintindex":-2,"rotation":0,"texture":"#2"}}},{"from":[2.4511852,2.8143024,-1.0468559],"to":[12.451185,5.8143024,8.953144],"faces":{"east":{"uv":[7.875,0.3125,8.5,0.5],"tintindex":-2,"rotation":0,"texture":"#2"},"south":{"uv":[7.4375,7.875,8.0625,8.0625],"tintindex":-2,"rotation":0,"texture":"#2"},"north":{"uv":[7.625,1.1875,8.25,1.375],"tintindex":-2,"rotation":0,"texture":"#2"},"west":{"uv":[7.9375,1.8125,8.5625,2.0],"tintindex":-2,"rotation":0,"texture":"#2"},"up":{"uv":[7.0,5.125,6.375,4.5],"tintindex":-2,"rotation":0,"texture":"#2"},"down":{"uv":[1.1875,6.5625,0.5625,7.1875],"tintindex":-2,"rotation":0,"texture":"#2"}}}],"display":{"gui":{"rotation":[30,225,0]}}}