{"textures":{"0":"modelengine:entity/nm_snail_pink_texture"},"elements":[{"from":[7.025,7.525,8.0],"to":[8.975,8.475,10.25],"faces":{"east":{"uv":[12.25,3.0,14.0,4.0],"tintindex":-2,"rotation":0,"texture":"#0"},"south":{"uv":[12.0,4.0,13.75,5.0],"tintindex":-2,"rotation":0,"texture":"#0"},"north":{"uv":[12.0,2.0,13.75,3.0],"tintindex":-2,"rotation":0,"texture":"#0"},"west":{"uv":[12.0,5.0,13.75,6.0],"tintindex":-2,"rotation":0,"texture":"#0"},"up":{"uv":[9.0,13.0,7.0,11.25],"tintindex":-2,"rotation":0,"texture":"#0"},"down":{"uv":[11.0,11.25,9.0,13.0],"tintindex":-2,"rotation":0,"texture":"#0"}}}],"display":{"gui":{"rotation":[30,225,0]}}}