{"textures":{"6":"modelengine:entity/kpack_horse_gown_yellow"},"elements":[{"from":[7.5743866,1.8347235,7.7978115],"to":[8.074387,29.834724,8.2978115],"faces":{"east":{"uv":[8.25,10.5,8.375,17.5],"tintindex":-2,"rotation":0,"texture":"#6"},"south":{"uv":[8.375,10.5,8.5,17.5],"tintindex":-2,"rotation":0,"texture":"#6"},"north":{"uv":[4.625,9.875,4.75,16.875],"tintindex":-2,"rotation":0,"texture":"#6"},"west":{"uv":[8.5,10.5,8.625,17.5],"tintindex":-2,"rotation":0,"texture":"#6"},"up":{"uv":[3.375,4.125,3.25,4.0],"tintindex":-2,"rotation":0,"texture":"#6"},"down":{"uv":[3.5,4.0,3.375,4.125],"tintindex":-2,"rotation":0,"texture":"#6"}}}],"display":{"gui":{"rotation":[30,225,0]}}}