{"textures":{"3":"modelengine:entity/kpack_horse_gown_green","4":"modelengine:entity/kpack_knight_horse_black"},"elements":[{"from":[4.5,0.0,4.5],"to":[11.0,14.5,15.5],"faces":{"east":{"uv":[0.0,6.0,1.375,7.875],"tintindex":-2,"rotation":0,"texture":"#3"},"south":{"uv":[8.125,8.625,9.0,10.5],"tintindex":-2,"rotation":0,"texture":"#3"},"north":{"uv":[2.25,8.375,3.125,10.25],"tintindex":-2,"rotation":0,"texture":"#3"},"west":{"uv":[1.375,6.0,2.75,7.875],"tintindex":-2,"rotation":0,"texture":"#3"},"up":{"uv":[11.0,9.625,10.125,8.25],"tintindex":-2,"rotation":0,"texture":"#3"},"down":{"uv":[3.125,10.25,2.25,11.625],"tintindex":-2,"rotation":0,"texture":"#3"}}},{"from":[5.4976234,-5.89454,5.526497],"to":[9.497623,1.1054611,10.526497],"faces":{"east":{"uv":[10.75,5.875,11.375,6.75],"tintindex":-2,"rotation":0,"texture":"#4"},"south":{"uv":[11.125,0.0,11.625,0.875],"tintindex":-2,"rotation":0,"texture":"#4"},"north":{"uv":[7.5,11.0,8.0,11.875],"tintindex":-2,"rotation":0,"texture":"#4"},"west":{"uv":[10.75,6.75,11.375,7.625],"tintindex":-2,"rotation":0,"texture":"#4"},"up":{"uv":[6.0,11.75,5.5,11.125],"tintindex":-2,"rotation":0,"texture":"#4"},"down":{"uv":[11.75,9.375,11.25,10.0],"tintindex":-2,"rotation":0,"texture":"#4"}},"rotation":{"origin":[7.0,-0.89105034,8.075066],"angle":-22.5,"axis":"x"}},{"from":[5.0,0.0,5.0],"to":[11.0,14.0,15.0],"faces":{"east":{"uv":[1.625,5.625,2.875,7.375],"tintindex":-2,"rotation":0,"texture":"#4"},"south":{"uv":[1.625,8.5,2.375,10.25],"tintindex":-2,"rotation":0,"texture":"#4"},"north":{"uv":[0.875,8.5,1.625,10.25],"tintindex":-2,"rotation":0,"texture":"#4"},"west":{"uv":[5.125,6.75,6.375,8.5],"tintindex":-2,"rotation":0,"texture":"#4"},"up":{"uv":[8.875,10.875,8.125,9.625],"tintindex":-2,"rotation":0,"texture":"#4"},"down":{"uv":[10.5,4.875,9.75,6.125],"tintindex":-2,"rotation":0,"texture":"#4"}}}],"display":{"gui":{"rotation":[30,225,0]}}}