{"textures":{"4":"modelengine:entity/kpack_knight_horse_black"},"elements":[{"from":[6.5,0.0,8.0],"to":[9.5,8.0,12.0],"faces":{"east":{"uv":[6.5,11.0,7.0,12.0],"tintindex":-2,"rotation":0,"texture":"#4"},"south":{"uv":[11.125,4.875,11.5,5.875],"tintindex":-2,"rotation":0,"texture":"#4"},"north":{"uv":[4.625,11.125,5.0,12.125],"tintindex":-2,"rotation":0,"texture":"#4"},"west":{"uv":[7.0,11.0,7.5,12.0],"tintindex":-2,"rotation":0,"texture":"#4"},"up":{"uv":[12.25,1.5,11.875,1.0],"tintindex":-2,"rotation":0,"texture":"#4"},"down":{"uv":[2.5,11.875,2.125,12.375],"tintindex":-2,"rotation":0,"texture":"#4"}}}],"display":{"gui":{"rotation":[30,225,0]}}}