{"textures":{"4":"modelengine:entity/kpack_knight_horse_black","6":"modelengine:entity/kpack_horse_gown_yellow"},"elements":[{"from":[5.0,0.0,4.5],"to":[11.5,14.5,15.5],"faces":{"east":{"uv":[2.75,6.0,1.375,7.875],"tintindex":-2,"rotation":0,"texture":"#6"},"south":{"uv":[9.0,8.625,8.125,10.5],"tintindex":-2,"rotation":0,"texture":"#6"},"north":{"uv":[3.125,8.375,2.25,10.25],"tintindex":-2,"rotation":0,"texture":"#6"},"west":{"uv":[1.375,6.0,0.0,7.875],"tintindex":-2,"rotation":0,"texture":"#6"},"up":{"uv":[10.125,9.625,11.0,8.25],"tintindex":-2,"rotation":0,"texture":"#6"},"down":{"uv":[2.25,10.25,3.125,11.625],"tintindex":-2,"rotation":0,"texture":"#6"}}},{"from":[5.0,0.0,5.0],"to":[11.0,14.0,15.0],"faces":{"east":{"uv":[6.75,5.25,8.0,7.0],"tintindex":-2,"rotation":0,"texture":"#4"},"south":{"uv":[5.375,8.5,6.125,10.25],"tintindex":-2,"rotation":0,"texture":"#4"},"north":{"uv":[4.625,8.5,5.375,10.25],"tintindex":-2,"rotation":0,"texture":"#4"},"west":{"uv":[6.875,2.25,8.125,4.0],"tintindex":-2,"rotation":0,"texture":"#4"},"up":{"uv":[10.75,2.125,10.0,0.875],"tintindex":-2,"rotation":0,"texture":"#4"},"down":{"uv":[10.25,10.0,9.5,11.25],"tintindex":-2,"rotation":0,"texture":"#4"}}},{"from":[6.5023804,-5.89454,5.526497],"to":[10.50238,1.1054611,10.526497],"faces":{"east":{"uv":[10.75,7.625,11.375,8.5],"tintindex":-2,"rotation":0,"texture":"#4"},"south":{"uv":[1.125,11.125,1.625,12.0],"tintindex":-2,"rotation":0,"texture":"#4"},"north":{"uv":[0.625,11.125,1.125,12.0],"tintindex":-2,"rotation":0,"texture":"#4"},"west":{"uv":[10.75,8.5,11.375,9.375],"tintindex":-2,"rotation":0,"texture":"#4"},"up":{"uv":[11.75,11.75,11.25,11.125],"tintindex":-2,"rotation":0,"texture":"#4"},"down":{"uv":[11.875,0.875,11.375,1.5],"tintindex":-2,"rotation":0,"texture":"#4"}},"rotation":{"origin":[9.0,-0.89105034,8.075066],"angle":-22.5,"axis":"x"}}],"display":{"gui":{"rotation":[30,225,0]}}}