{"textures":{"3":"modelengine:entity/kpack_horse_gown_green","4":"modelengine:entity/kpack_knight_horse_black"},"elements":[{"from":[6.5,-4.0,7.0],"to":[10.5,0.0,12.0],"faces":{"east":{"uv":[9.5,11.25,10.125,11.75],"tintindex":-2,"rotation":0,"texture":"#4"},"south":{"uv":[0.0,11.625,0.5,12.125],"tintindex":-2,"rotation":0,"texture":"#4"},"north":{"uv":[8.875,11.5,9.375,12.0],"tintindex":-2,"rotation":0,"texture":"#4"},"west":{"uv":[11.25,10.0,11.875,10.5],"tintindex":-2,"rotation":0,"texture":"#4"},"up":{"uv":[10.625,11.875,10.125,11.25],"tintindex":-2,"rotation":0,"texture":"#4"},"down":{"uv":[11.75,10.5,11.25,11.125],"tintindex":-2,"rotation":0,"texture":"#4"}}},{"from":[6.0,0.0,5.0],"to":[11.0,12.0,13.0],"faces":{"east":{"uv":[8.25,8.125,9.25,9.625],"tintindex":-2,"rotation":0,"texture":"#4"},"south":{"uv":[8.875,10.0,9.5,11.5],"tintindex":-2,"rotation":0,"texture":"#4"},"north":{"uv":[2.375,9.875,3.0,11.375],"tintindex":-2,"rotation":0,"texture":"#4"},"west":{"uv":[2.375,8.375,3.375,9.875],"tintindex":-2,"rotation":0,"texture":"#4"},"up":{"uv":[11.125,5.875,10.5,4.875],"tintindex":-2,"rotation":0,"texture":"#4"},"down":{"uv":[0.625,10.625,0.0,11.625],"tintindex":-2,"rotation":0,"texture":"#4"}}},{"from":[6.0,0.0,4.5],"to":[11.5,12.5,13.5],"faces":{"east":{"uv":[2.25,7.875,1.125,9.5],"tintindex":-2,"rotation":0,"texture":"#3"},"south":{"uv":[4.625,9.875,3.875,11.5],"tintindex":-2,"rotation":0,"texture":"#3"},"north":{"uv":[3.875,9.875,3.125,11.5],"tintindex":-2,"rotation":0,"texture":"#3"},"west":{"uv":[1.125,7.875,0.0,9.5],"tintindex":-2,"rotation":0,"texture":"#3"},"up":{"uv":[5.75,11.875,6.5,10.75],"tintindex":-2,"rotation":0,"texture":"#3"},"down":{"uv":[11.0,8.5,11.75,9.625],"tintindex":-2,"rotation":0,"texture":"#3"}}}],"display":{"gui":{"rotation":[30,225,0]}}}