{"textures":{"4":"modelengine:entity/kpack_knight_horse_black"},"elements":[{"from":[6.0,4.0,8.0],"to":[10.0,8.0,12.0],"faces":{"east":{"uv":[5.5,11.75,6.0,12.25],"tintindex":-2,"rotation":0,"texture":"#4"},"south":{"uv":[9.375,11.75,9.875,12.25],"tintindex":-2,"rotation":0,"texture":"#4"},"north":{"uv":[5.0,11.75,5.5,12.25],"tintindex":-2,"rotation":0,"texture":"#4"},"west":{"uv":[11.75,9.375,12.25,9.875],"tintindex":-2,"rotation":0,"texture":"#4"},"up":{"uv":[12.25,11.0,11.75,10.5],"tintindex":-2,"rotation":0,"texture":"#4"},"down":{"uv":[12.25,11.0,11.75,11.5],"tintindex":-2,"rotation":0,"texture":"#4"}}}],"display":{"gui":{"rotation":[30,225,0]}}}