{"textures":{"3":"modelengine:entity/kpack_horse_gown_green","4":"modelengine:entity/kpack_knight_horse_black"},"elements":[{"from":[4.5,0.0,4.5],"to":[10.0,12.5,13.5],"faces":{"east":{"uv":[0.0,7.875,1.125,9.5],"tintindex":-2,"rotation":0,"texture":"#3"},"south":{"uv":[3.875,9.875,4.625,11.5],"tintindex":-2,"rotation":0,"texture":"#3"},"north":{"uv":[3.125,9.875,3.875,11.5],"tintindex":-2,"rotation":0,"texture":"#3"},"west":{"uv":[1.125,7.875,2.25,9.5],"tintindex":-2,"rotation":0,"texture":"#3"},"up":{"uv":[6.5,11.875,5.75,10.75],"tintindex":-2,"rotation":0,"texture":"#3"},"down":{"uv":[11.75,8.5,11.0,9.625],"tintindex":-2,"rotation":0,"texture":"#3"}}},{"from":[5.5,-4.0,7.0],"to":[9.5,0.0,12.0],"faces":{"east":{"uv":[2.875,6.75,3.5,7.25],"tintindex":-2,"rotation":0,"texture":"#4"},"south":{"uv":[11.375,5.875,11.875,6.375],"tintindex":-2,"rotation":0,"texture":"#4"},"north":{"uv":[2.375,11.375,2.875,11.875],"tintindex":-2,"rotation":0,"texture":"#4"},"west":{"uv":[11.125,2.75,11.75,3.25],"tintindex":-2,"rotation":0,"texture":"#4"},"up":{"uv":[10.25,6.75,9.75,6.125],"tintindex":-2,"rotation":0,"texture":"#4"},"down":{"uv":[5.5,11.125,5.0,11.75],"tintindex":-2,"rotation":0,"texture":"#4"}}},{"from":[5.0,0.0,5.0],"to":[10.0,12.0,13.0],"faces":{"east":{"uv":[8.125,2.25,9.125,3.75],"tintindex":-2,"rotation":0,"texture":"#4"},"south":{"uv":[3.0,5.25,3.625,6.75],"tintindex":-2,"rotation":0,"texture":"#4"},"north":{"uv":[3.0,3.75,3.625,5.25],"tintindex":-2,"rotation":0,"texture":"#4"},"west":{"uv":[7.25,8.125,8.25,9.625],"tintindex":-2,"rotation":0,"texture":"#4"},"up":{"uv":[5.0,8.25,4.375,7.25],"tintindex":-2,"rotation":0,"texture":"#4"},"down":{"uv":[10.875,10.25,10.25,11.25],"tintindex":-2,"rotation":0,"texture":"#4"}}}],"display":{"gui":{"rotation":[30,225,0]}}}