{"textures":{"4":"modelengine:entity/kpack_knight_horse_black"},"elements":[{"from":[6.5,-3.0,4.0],"to":[9.5,8.0,8.0],"faces":{"east":{"uv":[10.25,7.5,10.75,8.875],"tintindex":-2,"rotation":0,"texture":"#4"},"south":{"uv":[10.875,10.75,11.25,12.125],"tintindex":-2,"rotation":0,"texture":"#4"},"north":{"uv":[10.875,9.375,11.25,10.75],"tintindex":-2,"rotation":0,"texture":"#4"},"west":{"uv":[10.25,8.875,10.75,10.25],"tintindex":-2,"rotation":0,"texture":"#4"},"up":{"uv":[2.875,12.375,2.5,11.875],"tintindex":-2,"rotation":0,"texture":"#4"},"down":{"uv":[12.25,5.875,11.875,6.375],"tintindex":-2,"rotation":0,"texture":"#4"}}}],"display":{"gui":{"rotation":[30,225,0]}}}