{"textures":{"0":"modelengine:entity/kpack_knight_parts"},"elements":[{"from":[8.993231,1.25,7.7213554],"to":[9.993231,17.75,8.471355],"faces":{"east":{"uv":[0.5,4.625,0.75,8.75],"tintindex":-2,"rotation":0,"texture":"#0"},"south":{"uv":[0.75,4.625,1.0,8.75],"tintindex":-2,"rotation":0,"texture":"#0"},"north":{"uv":[0.25,4.625,0.5,8.75],"tintindex":-2,"rotation":0,"texture":"#0"},"west":{"uv":[1.0,4.625,1.25,8.75],"tintindex":-2,"rotation":0,"texture":"#0"},"up":{"uv":[8.375,8.125,8.125,7.875],"tintindex":-2,"rotation":0,"texture":"#0"},"down":{"uv":[8.375,8.125,8.125,8.375],"tintindex":-2,"rotation":0,"texture":"#0"}},"rotation":{"origin":[7.9932303,12.0,8.033855],"angle":-22.5,"axis":"z"}},{"from":[6.9932303,14.25,7.9713554],"to":[11.99323,20.75,7.9713554],"faces":{"south":{"uv":[0.0,3.0,1.25,4.625],"tintindex":-2,"rotation":0,"texture":"#0"},"north":{"uv":[1.875,2.5,3.125,4.125],"tintindex":-2,"rotation":0,"texture":"#0"}},"rotation":{"origin":[7.9932303,12.0,8.033855],"angle":-22.5,"axis":"z"}}],"display":{"gui":{"rotation":[30,225,0]}}}