{"textures":{"0":"modelengine:entity/kpack_knight_parts"},"elements":[{"from":[12.285021,7.9067745,5.62846],"to":[12.285021,12.9067745,10.62846],"faces":{"east":{"uv":[7.625,1.5,8.25,2.125],"tintindex":-2,"rotation":0,"texture":"#0"},"west":{"uv":[1.875,7.625,2.5,8.25],"tintindex":-2,"rotation":0,"texture":"#0"}},"rotation":{"origin":[12.285021,10.9067745,7.12846],"angle":-22.5,"axis":"x"}},{"from":[3.7860208,7.875,3.927711],"to":[11.786021,15.875,11.927711],"faces":{"east":{"uv":[4.5,1.5,5.5,2.5],"tintindex":-2,"rotation":0,"texture":"#0"},"south":{"uv":[4.75,3.75,5.75,4.75],"tintindex":-2,"rotation":0,"texture":"#0"},"north":{"uv":[4.5,0.5,5.5,1.5],"tintindex":-2,"rotation":0,"texture":"#0"},"west":{"uv":[4.75,4.75,5.75,5.75],"tintindex":-2,"rotation":0,"texture":"#0"},"up":{"uv":[4.75,6.0,3.75,5.0],"tintindex":-2,"rotation":0,"texture":"#0"},"down":{"uv":[2.875,5.375,1.875,6.375],"tintindex":-2,"rotation":0,"texture":"#0"}}},{"from":[3.2860208,7.9067745,5.62846],"to":[3.2860208,12.9067745,10.62846],"faces":{"east":{"uv":[4.75,7.75,5.375,8.375],"tintindex":-2,"rotation":0,"texture":"#0"},"west":{"uv":[6.25,7.75,6.875,8.375],"tintindex":-2,"rotation":0,"texture":"#0"}},"rotation":{"origin":[3.2860208,10.9067745,7.12846],"angle":-22.5,"axis":"x"}},{"from":[3.2860208,6.567383,2.8948817],"to":[12.28602,11.567383,5.8948817],"faces":{"east":{"uv":[5.375,7.75,5.75,8.375],"tintindex":-2,"rotation":0,"texture":"#0"},"south":{"uv":[6.75,4.125,7.875,4.75],"tintindex":-2,"rotation":0,"texture":"#0"},"north":{"uv":[6.75,3.5,7.875,4.125],"tintindex":-2,"rotation":0,"texture":"#0"},"west":{"uv":[4.125,7.875,4.5,8.5],"tintindex":-2,"rotation":0,"texture":"#0"},"up":{"uv":[5.875,7.75,4.75,7.375],"tintindex":-2,"rotation":0,"texture":"#0"},"down":{"uv":[8.625,6.625,7.5,7.0],"tintindex":-2,"rotation":0,"texture":"#0"}},"rotation":{"origin":[5.786021,9.567383,3.8948817],"angle":-22.5,"axis":"x"}},{"from":[2.7860208,7.875,9.927711],"to":[12.78602,9.875,13.9277115],"faces":{"east":{"uv":[6.125,3.5,6.625,3.75],"tintindex":-2,"rotation":0,"texture":"#0"},"south":{"uv":[6.875,7.875,8.125,8.125],"tintindex":-2,"rotation":0,"texture":"#0"},"north":{"uv":[7.5,7.0,8.75,7.25],"tintindex":-2,"rotation":0,"texture":"#0"},"west":{"uv":[7.625,8.125,8.125,8.375],"tintindex":-2,"rotation":0,"texture":"#0"},"up":{"uv":[8.0,6.625,6.75,6.125],"tintindex":-2,"rotation":0,"texture":"#0"},"down":{"uv":[7.5,6.75,6.25,7.25],"tintindex":-2,"rotation":0,"texture":"#0"}},"rotation":{"origin":[7.7860208,9.375,12.4277115],"angle":22.5,"axis":"x"}}],"display":{"gui":{"rotation":[30,225,0]}}}