{"textures":{"0":"modelengine:entity/kpack_knight_parts"},"elements":[{"from":[3.2860212,7.9067745,5.62846],"to":[3.2860212,12.9067745,10.62846],"faces":{"east":{"uv":[7.875,4.125,8.5,4.75],"tintindex":-2,"rotation":0,"texture":"#0"},"west":{"uv":[7.875,4.75,8.5,5.375],"tintindex":-2,"rotation":0,"texture":"#0"}},"rotation":{"origin":[3.2860212,10.9067745,7.12846],"angle":-22.5,"axis":"x"}},{"from":[12.285021,7.9067745,5.62846],"to":[12.285021,12.9067745,10.62846],"faces":{"east":{"uv":[3.5,7.875,4.125,8.5],"tintindex":-2,"rotation":0,"texture":"#0"},"west":{"uv":[7.875,3.5,8.5,4.125],"tintindex":-2,"rotation":0,"texture":"#0"}},"rotation":{"origin":[12.285021,10.9067745,7.12846],"angle":-22.5,"axis":"x"}},{"from":[3.2860212,6.567383,2.8948817],"to":[12.286021,11.567383,5.8948817],"faces":{"east":{"uv":[6.875,8.125,7.25,8.75],"tintindex":-2,"rotation":0,"texture":"#0"},"south":{"uv":[6.75,4.75,7.875,5.375],"tintindex":-2,"rotation":0,"texture":"#0"},"north":{"uv":[4.75,6.75,5.875,7.375],"tintindex":-2,"rotation":0,"texture":"#0"},"west":{"uv":[7.25,8.125,7.625,8.75],"tintindex":-2,"rotation":0,"texture":"#0"},"up":{"uv":[8.25,7.875,7.125,7.5],"tintindex":-2,"rotation":0,"texture":"#0"},"down":{"uv":[8.75,0.5,7.625,0.875],"tintindex":-2,"rotation":0,"texture":"#0"}},"rotation":{"origin":[5.786021,9.567383,3.8948817],"angle":-22.5,"axis":"x"}},{"from":[5.786021,18.078426,9.918827],"to":[11.786021,18.078426,19.918827],"faces":{"up":{"uv":[2.0,7.625,1.25,6.375],"tintindex":-2,"rotation":0,"texture":"#0"},"down":{"uv":[2.75,6.375,2.0,7.625],"tintindex":-2,"rotation":0,"texture":"#0"}},"rotation":{"origin":[7.786021,17.362438,11.677711],"angle":-22.5,"axis":"x"}},{"from":[3.2860212,11.567383,2.8948817],"to":[12.286021,13.567383,2.8948817],"faces":{"south":{"uv":[8.0,3.0,9.125,3.25],"tintindex":-2,"rotation":0,"texture":"#0"},"north":{"uv":[8.0,2.75,9.125,3.0],"tintindex":-2,"rotation":0,"texture":"#0"}},"rotation":{"origin":[5.786021,9.567383,3.8948817],"angle":-22.5,"axis":"x"}},{"from":[7.786021,13.625,8.927711],"to":[7.786021,25.625,23.927711],"faces":{"east":{"uv":[0.0,0.0,1.875,1.5],"tintindex":-2,"rotation":0,"texture":"#0"},"west":{"uv":[0.0,1.5,1.875,3.0],"tintindex":-2,"rotation":0,"texture":"#0"}},"rotation":{"origin":[7.786021,17.362438,11.677711],"angle":22.5,"axis":"x"}},{"from":[6.786021,14.625,8.927711],"to":[8.786021,16.625,10.927711],"faces":{"east":{"uv":[8.25,1.125,8.5,1.375],"tintindex":-2,"rotation":0,"texture":"#0"},"south":{"uv":[1.25,8.25,1.5,8.5],"tintindex":-2,"rotation":0,"texture":"#0"},"north":{"uv":[8.25,0.875,8.5,1.125],"tintindex":-2,"rotation":0,"texture":"#0"},"west":{"uv":[8.25,1.375,8.5,1.625],"tintindex":-2,"rotation":0,"texture":"#0"},"up":{"uv":[1.75,8.5,1.5,8.25],"tintindex":-2,"rotation":0,"texture":"#0"},"down":{"uv":[8.5,1.625,8.25,1.875],"tintindex":-2,"rotation":0,"texture":"#0"}},"rotation":{"origin":[7.786021,17.362438,11.677711],"angle":22.5,"axis":"x"}},{"from":[3.7860212,7.875,3.927711],"to":[11.786021,15.875,11.927711],"faces":{"east":{"uv":[5.5,1.5,6.5,2.5],"tintindex":-2,"rotation":0,"texture":"#0"},"south":{"uv":[5.75,3.75,6.75,4.75],"tintindex":-2,"rotation":0,"texture":"#0"},"north":{"uv":[5.5,0.5,6.5,1.5],"tintindex":-2,"rotation":0,"texture":"#0"},"west":{"uv":[4.75,5.75,5.75,6.75],"tintindex":-2,"rotation":0,"texture":"#0"},"up":{"uv":[6.75,5.75,5.75,4.75],"tintindex":-2,"rotation":0,"texture":"#0"},"down":{"uv":[6.75,5.75,5.75,6.75],"tintindex":-2,"rotation":0,"texture":"#0"}}}],"display":{"gui":{"rotation":[30,225,0]}}}