{"textures":{"0":"modelengine:entity/kpack_knight_parts"},"elements":[{"from":[3.7860203,7.875,3.927711],"to":[11.78602,17.875,11.927711],"faces":{"east":{"uv":[3.5,1.25,4.5,2.5],"tintindex":-2,"rotation":0,"texture":"#0"},"south":{"uv":[3.75,3.75,4.75,5.0],"tintindex":-2,"rotation":0,"texture":"#0"},"north":{"uv":[3.5,0.0,4.5,1.25],"tintindex":-2,"rotation":0,"texture":"#0"},"west":{"uv":[1.875,4.125,2.875,5.375],"tintindex":-2,"rotation":0,"texture":"#0"},"up":{"uv":[4.75,7.0,3.75,6.0],"tintindex":-2,"rotation":0,"texture":"#0"},"down":{"uv":[7.125,2.5,6.125,3.5],"tintindex":-2,"rotation":0,"texture":"#0"}}}],"display":{"gui":{"rotation":[30,225,0]}}}