{"textures":{"4":"modelengine:entity/kpack_knight_horse_black","6":"modelengine:entity/kpack_horse_gown_yellow"},"elements":[{"from":[14.5,-5.5,-14.5],"to":[14.5,-0.5,15.5],"faces":{"east":{"uv":[7.75,5.75,11.5,6.375],"tintindex":-2,"rotation":0,"texture":"#6"},"west":{"uv":[7.75,6.375,11.5,7.0],"tintindex":-2,"rotation":0,"texture":"#6"}}},{"from":[1.5,-5.5,-14.5],"to":[1.5,-0.5,15.5],"faces":{"east":{"uv":[7.75,4.5,11.5,5.125],"tintindex":-2,"rotation":0,"texture":"#6"},"west":{"uv":[7.75,5.125,11.5,5.75],"tintindex":-2,"rotation":0,"texture":"#6"}}},{"from":[2.0,0.0,-14.0],"to":[14.0,15.0,15.0],"faces":{"east":{"uv":[0.0,0.0,3.625,1.875],"tintindex":-2,"rotation":0,"texture":"#4"},"south":{"uv":[1.5,3.75,3.0,5.625],"tintindex":-2,"rotation":0,"texture":"#4"},"north":{"uv":[0.0,3.75,1.5,5.625],"tintindex":-2,"rotation":0,"texture":"#4"},"west":{"uv":[0.0,1.875,3.625,3.75],"tintindex":-2,"rotation":0,"texture":"#4"},"up":{"uv":[5.125,3.625,3.625,0.0],"tintindex":-2,"rotation":0,"texture":"#4"},"down":{"uv":[5.125,3.625,3.625,7.25],"tintindex":-2,"rotation":0,"texture":"#4"}}},{"from":[1.0,9.5,-5.5],"to":[15.0,16.5,6.5],"faces":{"east":{"uv":[8.75,6.875,10.25,7.75],"tintindex":-2,"rotation":0,"texture":"#4"},"south":{"uv":[8.0,6.0,9.75,6.875],"tintindex":-2,"rotation":0,"texture":"#4"},"north":{"uv":[8.0,5.125,9.75,6.0],"tintindex":-2,"rotation":0,"texture":"#4"},"west":{"uv":[9.0,0.0,10.5,0.875],"tintindex":-2,"rotation":0,"texture":"#4"},"up":{"uv":[6.875,3.75,5.125,2.25],"tintindex":-2,"rotation":0,"texture":"#4"},"down":{"uv":[6.875,3.75,5.125,5.25],"tintindex":-2,"rotation":0,"texture":"#4"}}},{"from":[0.0,14.5,4.5],"to":[16.0,18.5,8.5],"faces":{"east":{"uv":[11.25,11.75,11.75,12.25],"tintindex":-2,"rotation":0,"texture":"#4"},"south":{"uv":[9.625,3.875,11.625,4.375],"tintindex":-2,"rotation":0,"texture":"#4"},"north":{"uv":[9.625,3.375,11.625,3.875],"tintindex":-2,"rotation":0,"texture":"#4"},"west":{"uv":[11.75,11.5,12.25,12.0],"tintindex":-2,"rotation":0,"texture":"#4"},"up":{"uv":[11.625,4.875,9.625,4.375],"tintindex":-2,"rotation":0,"texture":"#4"},"down":{"uv":[8.125,9.625,6.125,10.125],"tintindex":-2,"rotation":0,"texture":"#4"}}},{"from":[1.5,-0.5,-14.5],"to":[14.5,15.5,15.5],"faces":{"east":{"uv":[3.75,2.0,0.0,4.0],"tintindex":-2,"rotation":0,"texture":"#6"},"south":{"uv":[1.625,4.0,3.25,6.0],"tintindex":-2,"rotation":0,"texture":"#6"},"north":{"uv":[0.0,4.0,1.625,6.0],"tintindex":-2,"rotation":0,"texture":"#6"},"west":{"uv":[0.0,2.0,3.75,4.0],"tintindex":-2,"rotation":0,"texture":"#6"},"up":{"uv":[5.375,3.75,3.75,0.0],"tintindex":-2,"rotation":0,"texture":"#6"},"down":{"uv":[5.375,3.75,3.75,7.5],"tintindex":-2,"rotation":0,"texture":"#6"}}},{"from":[6.0,17.902328,-7.7817116],"to":[9.0,19.902328,-3.7817116],"faces":{"east":{"uv":[0.875,7.125,1.375,7.375],"tintindex":-2,"rotation":0,"texture":"#4"},"south":{"uv":[8.375,4.875,8.75,5.125],"tintindex":-2,"rotation":0,"texture":"#4"},"north":{"uv":[6.375,6.75,6.75,7.0],"tintindex":-2,"rotation":0,"texture":"#4"},"west":{"uv":[4.625,8.25,5.125,8.5],"tintindex":-2,"rotation":0,"texture":"#4"},"up":{"uv":[12.25,6.875,11.875,6.375],"tintindex":-2,"rotation":0,"texture":"#4"},"down":{"uv":[12.25,6.875,11.875,7.375],"tintindex":-2,"rotation":0,"texture":"#4"}},"rotation":{"origin":[7.5,18.25,-4.25],"angle":-22.5,"axis":"x"}},{"from":[6.0,14.9023285,-6.7817116],"to":[9.0,17.902328,-3.7817116],"faces":{"east":{"uv":[9.125,3.375,9.5,3.75],"tintindex":-2,"rotation":0,"texture":"#4"},"south":{"uv":[8.875,9.625,9.25,10.0],"tintindex":-2,"rotation":0,"texture":"#4"},"north":{"uv":[8.75,7.75,9.125,8.125],"tintindex":-2,"rotation":0,"texture":"#4"},"west":{"uv":[10.125,3.0,10.5,3.375],"tintindex":-2,"rotation":0,"texture":"#4"},"up":{"uv":[10.875,3.375,10.5,3.0],"tintindex":-2,"rotation":0,"texture":"#4"},"down":{"uv":[11.125,1.75,10.75,2.125],"tintindex":-2,"rotation":0,"texture":"#4"}},"rotation":{"origin":[7.5,18.25,-4.25],"angle":-22.5,"axis":"x"}},{"from":[1.5,-5.5,-14.5],"to":[14.5,-0.5,-14.5],"faces":{"south":{"uv":[10.375,7.0,12.0,7.625],"tintindex":-2,"rotation":0,"texture":"#6"},"north":{"uv":[9.625,3.75,11.25,4.375],"tintindex":-2,"rotation":0,"texture":"#6"}}}],"display":{"gui":{"rotation":[30,225,0]}}}