{"textures":{"0":"modelengine:entity/kpack_knight_parts"},"elements":[{"from":[7.6666665,7.5,-8.166668],"to":[8.666667,8.5,-3.5],"faces":{"east":{"uv":[6.75,5.375,8.5,5.75],"tintindex":-2,"rotation":0,"texture":"#0"},"south":{"uv":[8.0,6.125,8.375,6.5],"tintindex":-2,"rotation":0,"texture":"#0"},"north":{"uv":[1.25,6.0,1.625,6.375],"tintindex":-2,"rotation":0,"texture":"#0"},"west":{"uv":[6.75,5.75,8.5,6.125],"tintindex":-2,"rotation":0,"texture":"#0"},"up":{"uv":[3.5,8.5,3.125,6.75],"tintindex":-2,"rotation":0,"texture":"#0"},"down":{"uv":[6.25,6.75,5.875,8.5],"tintindex":-2,"rotation":0,"texture":"#0"}}},{"from":[7.3333335,7.1666665,-3.5],"to":[9.0,8.833333,4.5],"faces":{"east":{"uv":[3.125,2.5,6.125,3.125],"tintindex":-2,"rotation":0,"texture":"#0"},"south":{"uv":[1.25,7.625,1.875,8.25],"tintindex":-2,"rotation":0,"texture":"#0"},"north":{"uv":[7.625,0.875,8.25,1.5],"tintindex":-2,"rotation":0,"texture":"#0"},"west":{"uv":[3.125,3.125,6.125,3.75],"tintindex":-2,"rotation":0,"texture":"#0"},"up":{"uv":[1.875,6.0,1.25,3.0],"tintindex":-2,"rotation":0,"texture":"#0"},"down":{"uv":[3.75,3.75,3.125,6.75],"tintindex":-2,"rotation":0,"texture":"#0"}}},{"from":[7.9166665,7.6666665,5.833333],"to":[8.416667,8.333333,10.5],"faces":{"east":{"uv":[7.125,3.25,8.875,3.5],"tintindex":-2,"rotation":0,"texture":"#0"},"south":{"uv":[8.25,1.875,8.5,2.125],"tintindex":-2,"rotation":0,"texture":"#0"},"north":{"uv":[1.75,8.25,2.0,8.5],"tintindex":-2,"rotation":0,"texture":"#0"},"west":{"uv":[7.125,7.25,8.875,7.5],"tintindex":-2,"rotation":0,"texture":"#0"},"up":{"uv":[4.75,8.75,4.5,7.0],"tintindex":-2,"rotation":0,"texture":"#0"},"down":{"uv":[7.625,0.5,7.375,2.25],"tintindex":-2,"rotation":0,"texture":"#0"}}},{"from":[7.0,6.833333,4.5],"to":[9.333333,9.166667,5.833333],"faces":{"east":{"uv":[3.5,7.0,4.0,7.875],"tintindex":-2,"rotation":0,"texture":"#0"},"south":{"uv":[6.5,1.375,7.375,2.25],"tintindex":-2,"rotation":0,"texture":"#0"},"north":{"uv":[6.5,0.5,7.375,1.375],"tintindex":-2,"rotation":0,"texture":"#0"},"west":{"uv":[4.0,7.0,4.5,7.875],"tintindex":-2,"rotation":0,"texture":"#0"},"up":{"uv":[8.0,3.25,7.125,2.75],"tintindex":-2,"rotation":0,"texture":"#0"},"down":{"uv":[7.125,7.25,6.25,7.75],"tintindex":-2,"rotation":0,"texture":"#0"}}}],"display":{"gui":{"rotation":[30,225,0]}}}