{"textures":{"0":"modelengine:entity/kpack_knight_parts"},"elements":[{"from":[7.5,7.0,5.5],"to":[8.5,9.0,20.5],"faces":{"east":{"uv":[6.5,2.25,8.375,2.5],"tintindex":-2,"rotation":0,"texture":"#0"},"south":{"uv":[2.625,7.625,2.75,7.875],"tintindex":-2,"rotation":0,"texture":"#0"},"north":{"uv":[6.625,3.5,6.75,3.75],"tintindex":-2,"rotation":0,"texture":"#0"},"west":{"uv":[7.125,2.5,9.0,2.75],"tintindex":-2,"rotation":0,"texture":"#0"},"up":{"uv":[2.875,8.25,2.75,6.375],"tintindex":-2,"rotation":0,"texture":"#0"},"down":{"uv":[2.625,7.625,2.5,9.5],"tintindex":-2,"rotation":0,"texture":"#0"}}}],"display":{"gui":{"rotation":[30,225,0]}}}