{"textures":{"2":"modelengine:entity/kpack_knight_yellow"},"elements":[{"from":[7.5422363,0.0,7.1173167],"to":[11.542236,3.0,8.117316],"faces":{"east":{"uv":[4.625,7.75,4.75,8.125],"tintindex":-2,"rotation":0,"texture":"#2"},"south":{"uv":[7.375,1.125,7.875,1.5],"tintindex":-2,"rotation":0,"texture":"#2"},"north":{"uv":[0.875,7.375,1.375,7.75],"tintindex":-2,"rotation":0,"texture":"#2"},"west":{"uv":[4.75,7.75,4.875,8.125],"tintindex":-2,"rotation":0,"texture":"#2"},"up":{"uv":[8.25,6.875,7.75,6.75],"tintindex":-2,"rotation":0,"texture":"#2"},"down":{"uv":[8.25,6.875,7.75,7.0],"tintindex":-2,"rotation":0,"texture":"#2"}},"rotation":{"origin":[11.042236,5.0,7.6173167],"angle":22.5,"axis":"y"}},{"from":[7.5422363,3.0,7.1173167],"to":[13.542236,14.0,8.117316],"faces":{"east":{"uv":[0.0,7.5,0.125,8.875],"tintindex":-2,"rotation":0,"texture":"#2"},"south":{"uv":[2.25,1.375,3.0,2.75],"tintindex":-2,"rotation":0,"texture":"#2"},"north":{"uv":[2.25,0.0,3.0,1.375],"tintindex":-2,"rotation":0,"texture":"#2"},"west":{"uv":[0.125,7.5,0.25,8.875],"tintindex":-2,"rotation":0,"texture":"#2"},"up":{"uv":[8.375,6.75,7.625,6.625],"tintindex":-2,"rotation":0,"texture":"#2"},"down":{"uv":[8.0,7.625,7.25,7.75],"tintindex":-2,"rotation":0,"texture":"#2"}},"rotation":{"origin":[11.042236,5.0,7.6173167],"angle":22.5,"axis":"y"}},{"from":[2.4577637,3.0,7.1173167],"to":[8.457764,14.0,8.117316],"faces":{"east":{"uv":[3.75,7.375,3.875,8.75],"tintindex":-2,"rotation":0,"texture":"#2"},"south":{"uv":[1.5,1.375,2.25,2.75],"tintindex":-2,"rotation":0,"texture":"#2"},"north":{"uv":[1.5,0.0,2.25,1.375],"tintindex":-2,"rotation":0,"texture":"#2"},"west":{"uv":[3.875,7.375,4.0,8.75],"tintindex":-2,"rotation":0,"texture":"#2"},"up":{"uv":[8.375,6.5,7.625,6.375],"tintindex":-2,"rotation":0,"texture":"#2"},"down":{"uv":[8.375,6.5,7.625,6.625],"tintindex":-2,"rotation":0,"texture":"#2"}},"rotation":{"origin":[4.9577637,5.0,7.6173167],"angle":-22.5,"axis":"y"}},{"from":[4.4577637,0.0,7.1173167],"to":[8.457764,3.0,8.117316],"faces":{"east":{"uv":[5.75,7.75,5.875,8.125],"tintindex":-2,"rotation":0,"texture":"#2"},"south":{"uv":[7.375,1.875,7.875,2.25],"tintindex":-2,"rotation":0,"texture":"#2"},"north":{"uv":[7.375,1.5,7.875,1.875],"tintindex":-2,"rotation":0,"texture":"#2"},"west":{"uv":[5.875,7.75,6.0,8.125],"tintindex":-2,"rotation":0,"texture":"#2"},"up":{"uv":[8.25,7.125,7.75,7.0],"tintindex":-2,"rotation":0,"texture":"#2"},"down":{"uv":[7.625,7.75,7.125,7.875],"tintindex":-2,"rotation":0,"texture":"#2"}},"rotation":{"origin":[4.9577637,5.0,7.6173167],"angle":-22.5,"axis":"y"}}],"display":{"gui":{"rotation":[30,225,0]}}}