{"textures":{"2":"modelengine:entity/kpack_knight_yellow"},"elements":[{"from":[4.0,7.0,5.0],"to":[12.0,12.0,10.0],"faces":{"east":{"uv":[6.25,0.875,6.875,1.5],"tintindex":-2,"rotation":0,"texture":"#2"},"south":{"uv":[4.5,3.375,5.5,4.0],"tintindex":-2,"rotation":0,"texture":"#2"},"north":{"uv":[0.0,4.5,1.0,5.125],"tintindex":-2,"rotation":0,"texture":"#2"},"west":{"uv":[6.25,1.5,6.875,2.125],"tintindex":-2,"rotation":0,"texture":"#2"},"up":{"uv":[5.5,4.625,4.5,4.0],"tintindex":-2,"rotation":0,"texture":"#2"},"down":{"uv":[4.25,4.625,3.25,5.25],"tintindex":-2,"rotation":0,"texture":"#2"}}}],"display":{"gui":{"rotation":[30,225,0]}}}