{"textures":{"1":"modelengine:entity/kpack_horse_gown_red"},"elements":[{"from":[7.5743856,1.8347235,7.797811],"to":[8.074386,29.834724,8.2978115],"faces":{"east":{"uv":[8.25,10.5,8.375,17.5],"tintindex":-2,"rotation":0,"texture":"#1"},"south":{"uv":[8.375,10.5,8.5,17.5],"tintindex":-2,"rotation":0,"texture":"#1"},"north":{"uv":[4.625,9.875,4.75,16.875],"tintindex":-2,"rotation":0,"texture":"#1"},"west":{"uv":[8.5,10.5,8.625,17.5],"tintindex":-2,"rotation":0,"texture":"#1"},"up":{"uv":[3.375,4.125,3.25,4.0],"tintindex":-2,"rotation":0,"texture":"#1"},"down":{"uv":[3.5,4.0,3.375,4.125],"tintindex":-2,"rotation":0,"texture":"#1"}}}],"display":{"gui":{"rotation":[30,225,0]}}}