{"textures":{"2":"modelengine:entity/kpack_knight_horse_black"},"elements":[{"from":[6.5,-3.0,4.0],"to":[9.5,8.0,8.0],"faces":{"east":{"uv":[1.875,10.25,2.375,11.625],"tintindex":-2,"rotation":0,"texture":"#2"},"south":{"uv":[8.5,10.875,8.875,12.25],"tintindex":-2,"rotation":0,"texture":"#2"},"north":{"uv":[8.125,10.875,8.5,12.25],"tintindex":-2,"rotation":0,"texture":"#2"},"west":{"uv":[10.25,6.125,10.75,7.5],"tintindex":-2,"rotation":0,"texture":"#2"},"up":{"uv":[4.25,12.0,3.875,11.5],"tintindex":-2,"rotation":0,"texture":"#2"},"down":{"uv":[12.25,0.5,11.875,1.0],"tintindex":-2,"rotation":0,"texture":"#2"}}}],"display":{"gui":{"rotation":[30,225,0]}}}