{"textures":{"2":"modelengine:entity/kpack_knight_horse_black"},"elements":[{"from":[6.0,4.0,8.0],"to":[10.0,8.0,12.0],"faces":{"east":{"uv":[11.5,2.0,12.0,2.5],"tintindex":-2,"rotation":0,"texture":"#2"},"south":{"uv":[2.875,11.5,3.375,12.0],"tintindex":-2,"rotation":0,"texture":"#2"},"north":{"uv":[11.5,1.5,12.0,2.0],"tintindex":-2,"rotation":0,"texture":"#2"},"west":{"uv":[3.375,11.5,3.875,12.0],"tintindex":-2,"rotation":0,"texture":"#2"},"up":{"uv":[12.0,5.375,11.5,4.875],"tintindex":-2,"rotation":0,"texture":"#2"},"down":{"uv":[12.0,5.375,11.5,5.875],"tintindex":-2,"rotation":0,"texture":"#2"}}}],"display":{"gui":{"rotation":[30,225,0]}}}