{"textures":{"2":"modelengine:entity/kpack_knight_horse_black"},"elements":[{"from":[6.0,4.0,8.0],"to":[10.0,8.0,12.0],"faces":{"east":{"uv":[11.375,6.875,11.875,7.375],"tintindex":-2,"rotation":0,"texture":"#2"},"south":{"uv":[11.375,7.375,11.875,7.875],"tintindex":-2,"rotation":0,"texture":"#2"},"north":{"uv":[11.375,6.375,11.875,6.875],"tintindex":-2,"rotation":0,"texture":"#2"},"west":{"uv":[11.375,7.875,11.875,8.375],"tintindex":-2,"rotation":0,"texture":"#2"},"up":{"uv":[11.875,8.875,11.375,8.375],"tintindex":-2,"rotation":0,"texture":"#2"},"down":{"uv":[11.875,8.875,11.375,9.375],"tintindex":-2,"rotation":0,"texture":"#2"}}}],"display":{"gui":{"rotation":[30,225,0]}}}