{"textures":{"1":"modelengine:entity/kpack_horse_gown_red","2":"modelengine:entity/kpack_knight_horse_black"},"elements":[{"from":[0.25,11.0,7.75],"to":[5.25,18.0,7.75],"faces":{"south":{"uv":[10.75,0.875,11.375,1.75],"tintindex":-2,"rotation":0,"texture":"#2"},"north":{"uv":[3.625,10.625,4.25,11.5],"tintindex":-2,"rotation":0,"texture":"#2"}},"rotation":{"origin":[2.75,14.5,7.75],"angle":-22.5,"axis":"x"}},{"from":[7.25,11.0,7.75],"to":[12.25,18.0,7.75],"faces":{"south":{"uv":[3.0,10.625,3.625,11.5],"tintindex":-2,"rotation":0,"texture":"#2"},"north":{"uv":[10.5,0.0,11.125,0.875],"tintindex":-2,"rotation":0,"texture":"#2"}},"rotation":{"origin":[9.75,14.5,7.75],"angle":-22.5,"axis":"x"}},{"from":[1.75,5.0,-6.75],"to":[10.75,14.0,0.25],"faces":{"east":{"uv":[11.375,9.625,10.5,10.75],"tintindex":-2,"rotation":0,"texture":"#1"},"south":{"uv":[1.125,9.5,2.25,10.625],"tintindex":-2,"rotation":0,"texture":"#1"},"north":{"uv":[0.0,9.5,1.125,10.625],"tintindex":-2,"rotation":0,"texture":"#1"},"west":{"uv":[10.5,9.625,11.375,10.75],"tintindex":-2,"rotation":0,"texture":"#1"},"up":{"uv":[1.125,11.5,0.0,10.625],"tintindex":-2,"rotation":0,"texture":"#1"},"down":{"uv":[2.25,10.625,1.125,11.5],"tintindex":-2,"rotation":0,"texture":"#1"}}},{"from":[6.25,4.0,0.75],"to":[6.25,16.0,13.75],"faces":{"east":{"uv":[5.125,5.25,6.75,6.75],"tintindex":-2,"rotation":0,"texture":"#2"},"west":{"uv":[0.0,5.625,1.625,7.125],"tintindex":-2,"rotation":0,"texture":"#2"}}},{"from":[2.25,4.0,0.75],"to":[10.25,13.0,10.75],"faces":{"east":{"uv":[3.375,8.375,4.625,9.5],"tintindex":-2,"rotation":0,"texture":"#2"},"south":{"uv":[9.25,8.875,10.25,10.0],"tintindex":-2,"rotation":0,"texture":"#2"},"north":{"uv":[9.25,7.75,10.25,8.875],"tintindex":-2,"rotation":0,"texture":"#2"},"west":{"uv":[8.375,3.75,9.625,4.875],"tintindex":-2,"rotation":0,"texture":"#2"},"up":{"uv":[10.0,2.125,9.0,0.875],"tintindex":-2,"rotation":0,"texture":"#2"},"down":{"uv":[10.125,2.125,9.125,3.375],"tintindex":-2,"rotation":0,"texture":"#2"}}},{"from":[2.25,6.0,-6.25],"to":[10.25,13.0,0.75],"faces":{"east":{"uv":[4.25,10.25,5.125,11.125],"tintindex":-2,"rotation":0,"texture":"#2"},"south":{"uv":[6.125,10.125,7.125,11.0],"tintindex":-2,"rotation":0,"texture":"#2"},"north":{"uv":[10.125,2.125,11.125,3.0],"tintindex":-2,"rotation":0,"texture":"#2"},"west":{"uv":[5.125,10.25,6.0,11.125],"tintindex":-2,"rotation":0,"texture":"#2"},"up":{"uv":[8.125,11.0,7.125,10.125],"tintindex":-2,"rotation":0,"texture":"#2"},"down":{"uv":[1.875,10.25,0.875,11.125],"tintindex":-2,"rotation":0,"texture":"#2"}}},{"from":[1.75,4.0,0.25],"to":[10.75,14.0,11.25],"faces":{"east":{"uv":[9.625,2.875,8.25,4.125],"tintindex":-2,"rotation":0,"texture":"#1"},"south":{"uv":[9.375,0.0,10.5,1.25],"tintindex":-2,"rotation":0,"texture":"#1"},"north":{"uv":[9.25,7.0,10.375,8.25],"tintindex":-2,"rotation":0,"texture":"#1"},"west":{"uv":[8.25,2.875,9.625,4.125],"tintindex":-2,"rotation":0,"texture":"#1"},"up":{"uv":[7.625,10.25,6.5,8.875],"tintindex":-2,"rotation":0,"texture":"#1"},"down":{"uv":[10.125,8.625,9.0,10.0],"tintindex":-2,"rotation":0,"texture":"#1"}}}],"display":{"gui":{"rotation":[30,225,0]}}}