{"textures":{"0":"modelengine:entity/kpack_knight"},"elements":[{"from":[5.0,2.25,6.0],"to":[9.0,9.25,10.0],"faces":{"east":{"uv":[5.625,4.25,6.125,5.125],"tintindex":-2,"rotation":0,"texture":"#0"},"south":{"uv":[5.625,5.5,6.125,6.375],"tintindex":-2,"rotation":0,"texture":"#0"},"north":{"uv":[2.625,5.625,3.125,6.5],"tintindex":-2,"rotation":0,"texture":"#0"},"west":{"uv":[5.75,0.25,6.25,1.125],"tintindex":-2,"rotation":0,"texture":"#0"},"up":{"uv":[7.375,2.25,6.875,1.75],"tintindex":-2,"rotation":0,"texture":"#0"},"down":{"uv":[4.0,6.875,3.5,7.375],"tintindex":-2,"rotation":0,"texture":"#0"}}}],"display":{"gui":{"rotation":[30,225,0]}}}