{"textures":{"0":"modelengine:entity/kpack_knight"},"elements":[{"from":[6.333333,1.0253735,6.9608946],"to":[10.333333,8.025372,10.960895],"faces":{"east":{"uv":[1.125,5.75,1.625,6.625],"tintindex":-2,"rotation":0,"texture":"#0"},"south":{"uv":[5.75,1.125,6.25,2.0],"tintindex":-2,"rotation":0,"texture":"#0"},"north":{"uv":[0.625,5.75,1.125,6.625],"tintindex":-2,"rotation":0,"texture":"#0"},"west":{"uv":[0.0,5.875,0.5,6.75],"tintindex":-2,"rotation":0,"texture":"#0"},"up":{"uv":[4.5,7.5,4.0,7.0],"tintindex":-2,"rotation":0,"texture":"#0"},"down":{"uv":[5.0,7.0,4.5,7.5],"tintindex":-2,"rotation":0,"texture":"#0"}}}],"display":{"gui":{"rotation":[30,225,0]}}}