{"textures":{"0":"modelengine:entity/kpack_knight"},"elements":[{"from":[6.764062,2.9166641,4.097867],"to":[9.764062,7.916664,8.097867],"faces":{"east":{"uv":[6.5,2.625,7.0,3.25],"tintindex":-2,"rotation":0,"texture":"#0"},"south":{"uv":[5.75,7.0,6.125,7.625],"tintindex":-2,"rotation":0,"texture":"#0"},"north":{"uv":[5.375,7.0,5.75,7.625],"tintindex":-2,"rotation":0,"texture":"#0"},"west":{"uv":[0.5,6.625,1.0,7.25],"tintindex":-2,"rotation":0,"texture":"#0"},"up":{"uv":[0.875,7.75,0.5,7.25],"tintindex":-2,"rotation":0,"texture":"#0"},"down":{"uv":[2.875,7.25,2.5,7.75],"tintindex":-2,"rotation":0,"texture":"#0"}}},{"from":[7.4718757,4.916664,7.8042665],"to":[7.4718757,7.916664,9.804267],"faces":{"east":{"uv":[7.5,6.75,7.75,7.125],"tintindex":-2,"rotation":0,"texture":"#0"},"west":{"uv":[1.75,7.625,2.0,8.0],"tintindex":-2,"rotation":0,"texture":"#0"}},"rotation":{"origin":[7.4718757,6.416664,8.804266],"angle":45.0,"axis":"y"}}],"display":{"gui":{"rotation":[30,225,0]}}}