{"textures":{"0":"modelengine:entity/kpack_knight"},"elements":[{"from":[6.5,2.0,8.0],"to":[9.5,8.0,11.0],"faces":{"east":{"uv":[6.75,4.0,7.125,4.75],"tintindex":-2,"rotation":0,"texture":"#0"},"south":{"uv":[6.75,4.75,7.125,5.5],"tintindex":-2,"rotation":0,"texture":"#0"},"north":{"uv":[6.75,3.25,7.125,4.0],"tintindex":-2,"rotation":0,"texture":"#0"},"west":{"uv":[6.75,5.5,7.125,6.25],"tintindex":-2,"rotation":0,"texture":"#0"},"up":{"uv":[7.875,5.375,7.5,5.0],"tintindex":-2,"rotation":0,"texture":"#0"},"down":{"uv":[7.875,5.375,7.5,5.75],"tintindex":-2,"rotation":0,"texture":"#0"}}},{"from":[6.5,7.9238796,7.6173162],"to":[9.5,9.92388,7.6173162],"faces":{"south":{"uv":[4.875,7.625,5.25,7.875],"tintindex":-2,"rotation":0,"texture":"#0"},"north":{"uv":[2.0,7.625,2.375,7.875],"tintindex":-2,"rotation":0,"texture":"#0"}},"rotation":{"origin":[8.0,8.92388,7.6173162],"angle":-22.5,"axis":"x"}}],"display":{"gui":{"rotation":[30,225,0]}}}