{"textures":{"0":"modelengine:entity/kpack_knight"},"elements":[{"from":[7.0,2.25,6.0],"to":[11.0,9.25,10.0],"faces":{"east":{"uv":[3.625,5.25,4.125,6.125],"tintindex":-2,"rotation":0,"texture":"#0"},"south":{"uv":[4.125,5.375,4.625,6.25],"tintindex":-2,"rotation":0,"texture":"#0"},"north":{"uv":[3.125,5.25,3.625,6.125],"tintindex":-2,"rotation":0,"texture":"#0"},"west":{"uv":[5.5,3.375,6.0,4.25],"tintindex":-2,"rotation":0,"texture":"#0"},"up":{"uv":[6.625,7.25,6.125,6.75],"tintindex":-2,"rotation":0,"texture":"#0"},"down":{"uv":[7.25,6.25,6.75,6.75],"tintindex":-2,"rotation":0,"texture":"#0"}}}],"display":{"gui":{"rotation":[30,225,0]}}}