{"textures":{"0":"modelengine:entity/kpack_knight"},"elements":[{"from":[4.1141806,5.0,4.425975],"to":[7.1141806,9.0,4.425975],"faces":{"south":{"uv":[1.75,7.125,2.125,7.625],"tintindex":-2,"rotation":0,"texture":"#0"},"north":{"uv":[5.375,0.25,5.75,0.75],"tintindex":-2,"rotation":0,"texture":"#0"}},"rotation":{"origin":[5.6141806,7.0,4.425975],"angle":-22.5,"axis":"y"}},{"from":[7.0,5.0,5.0],"to":[12.0,10.0,11.0],"faces":{"east":{"uv":[4.875,4.625,5.625,5.25],"tintindex":-2,"rotation":0,"texture":"#0"},"south":{"uv":[6.125,5.5,6.75,6.125],"tintindex":-2,"rotation":0,"texture":"#0"},"north":{"uv":[6.125,4.5,6.75,5.125],"tintindex":-2,"rotation":0,"texture":"#0"},"west":{"uv":[5.0,0.75,5.75,1.375],"tintindex":-2,"rotation":0,"texture":"#0"},"up":{"uv":[1.625,5.75,1.0,5.0],"tintindex":-2,"rotation":0,"texture":"#0"},"down":{"uv":[5.625,1.375,5.0,2.125],"tintindex":-2,"rotation":0,"texture":"#0"}}}],"display":{"gui":{"rotation":[30,225,0]}}}