{"textures":{"0":"modelengine:entity/kpack_knight"},"elements":[{"from":[5.0,4.000002,6.0],"to":[8.0,8.0,10.0],"faces":{"east":{"uv":[6.625,6.75,7.125,7.25],"tintindex":-2,"rotation":0,"texture":"#0"},"south":{"uv":[7.125,3.25,7.5,3.75],"tintindex":-2,"rotation":0,"texture":"#0"},"north":{"uv":[2.125,7.125,2.5,7.625],"tintindex":-2,"rotation":0,"texture":"#0"},"west":{"uv":[6.875,0.25,7.375,0.75],"tintindex":-2,"rotation":0,"texture":"#0"},"up":{"uv":[7.5,4.25,7.125,3.75],"tintindex":-2,"rotation":0,"texture":"#0"},"down":{"uv":[7.5,4.25,7.125,4.75],"tintindex":-2,"rotation":0,"texture":"#0"}}}],"display":{"gui":{"rotation":[30,225,0]}}}