{"textures":{"0":"modelengine:entity/kpack_knight"},"elements":[{"from":[5.666667,1.0253735,6.9608946],"to":[9.666667,8.025372,10.960895],"faces":{"east":{"uv":[5.125,5.5,5.625,6.375],"tintindex":-2,"rotation":0,"texture":"#0"},"south":{"uv":[1.625,5.625,2.125,6.5],"tintindex":-2,"rotation":0,"texture":"#0"},"north":{"uv":[4.625,5.5,5.125,6.375],"tintindex":-2,"rotation":0,"texture":"#0"},"west":{"uv":[2.125,5.625,2.625,6.5],"tintindex":-2,"rotation":0,"texture":"#0"},"up":{"uv":[7.375,1.25,6.875,0.75],"tintindex":-2,"rotation":0,"texture":"#0"},"down":{"uv":[7.375,1.25,6.875,1.75],"tintindex":-2,"rotation":0,"texture":"#0"}}}],"display":{"gui":{"rotation":[30,225,0]}}}