{"textures":{"0":"modelengine:entity/kpack_knight"},"elements":[{"from":[6.5,2.0,8.0],"to":[9.5,8.0,11.0],"faces":{"east":{"uv":[1.0,6.625,1.375,7.375],"tintindex":-2,"rotation":0,"texture":"#0"},"south":{"uv":[0.0,6.75,0.375,7.5],"tintindex":-2,"rotation":0,"texture":"#0"},"north":{"uv":[2.75,6.5,3.125,7.25],"tintindex":-2,"rotation":0,"texture":"#0"},"west":{"uv":[3.125,6.75,3.5,7.5],"tintindex":-2,"rotation":0,"texture":"#0"},"up":{"uv":[7.875,4.625,7.5,4.25],"tintindex":-2,"rotation":0,"texture":"#0"},"down":{"uv":[7.875,4.625,7.5,5.0],"tintindex":-2,"rotation":0,"texture":"#0"}}},{"from":[6.5,7.9238796,7.6173162],"to":[9.5,9.92388,7.6173162],"faces":{"south":{"uv":[7.5,5.75,7.875,6.0],"tintindex":-2,"rotation":0,"texture":"#0"},"north":{"uv":[3.25,4.375,3.625,4.625],"tintindex":-2,"rotation":0,"texture":"#0"}},"rotation":{"origin":[8.0,8.92388,7.6173162],"angle":-22.5,"axis":"x"}}],"display":{"gui":{"rotation":[30,225,0]}}}