{"textures":{"0":"modelengine:entity/kpack_knight"},"elements":[{"from":[7.5,6.164215,5.042893],"to":[8.5,7.664215,6.5428934],"faces":{"east":{"uv":[7.75,3.25,8.0,3.5],"tintindex":-2,"rotation":0,"texture":"#0"},"south":{"uv":[7.875,0.25,8.0,0.5],"tintindex":-2,"rotation":0,"texture":"#0"},"north":{"uv":[7.875,0.0,8.0,0.25],"tintindex":-2,"rotation":0,"texture":"#0"},"west":{"uv":[4.25,7.75,4.5,8.0],"tintindex":-2,"rotation":0,"texture":"#0"},"up":{"uv":[0.625,8.125,0.5,7.875],"tintindex":-2,"rotation":0,"texture":"#0"},"down":{"uv":[8.0,0.5,7.875,0.75],"tintindex":-2,"rotation":0,"texture":"#0"}},"rotation":{"origin":[7.0,7.164215,3.792893],"angle":45.0,"axis":"x"}},{"from":[7.5,7.5,-1.5],"to":[8.5,8.5,4.5],"faces":{"east":{"uv":[5.625,5.125,6.375,5.25],"tintindex":-2,"rotation":0,"texture":"#0"},"south":{"uv":[1.125,4.875,1.25,5.0],"tintindex":-2,"rotation":0,"texture":"#0"},"north":{"uv":[1.0,4.875,1.125,5.0],"tintindex":-2,"rotation":0,"texture":"#0"},"west":{"uv":[7.5,6.0,8.25,6.125],"tintindex":-2,"rotation":0,"texture":"#0"},"up":{"uv":[5.75,2.125,5.625,1.375],"tintindex":-2,"rotation":0,"texture":"#0"},"down":{"uv":[0.625,5.875,0.5,6.625],"tintindex":-2,"rotation":0,"texture":"#0"}}},{"from":[7.5,5.5,4.5],"to":[8.5,10.5,5.5],"faces":{"east":{"uv":[2.375,7.625,2.5,8.25],"tintindex":-2,"rotation":0,"texture":"#0"},"south":{"uv":[6.0,7.625,6.125,8.25],"tintindex":-2,"rotation":0,"texture":"#0"},"north":{"uv":[6.625,3.25,6.75,3.875],"tintindex":-2,"rotation":0,"texture":"#0"},"west":{"uv":[1.25,7.75,1.375,8.375],"tintindex":-2,"rotation":0,"texture":"#0"},"up":{"uv":[4.875,0.875,4.75,0.75],"tintindex":-2,"rotation":0,"texture":"#0"},"down":{"uv":[5.0,0.75,4.875,0.875],"tintindex":-2,"rotation":0,"texture":"#0"}}},{"from":[7.5,10.914215,5.042893],"to":[8.5,12.414215,6.5428934],"faces":{"east":{"uv":[4.0,2.75,4.25,3.0],"tintindex":-2,"rotation":0,"texture":"#0"},"south":{"uv":[7.75,7.25,7.875,7.5],"tintindex":-2,"rotation":0,"texture":"#0"},"north":{"uv":[7.25,0.0,7.375,0.25],"tintindex":-2,"rotation":0,"texture":"#0"},"west":{"uv":[7.75,3.0,8.0,3.25],"tintindex":-2,"rotation":0,"texture":"#0"},"up":{"uv":[7.75,8.0,7.625,7.75],"tintindex":-2,"rotation":0,"texture":"#0"},"down":{"uv":[7.875,7.75,7.75,8.0],"tintindex":-2,"rotation":0,"texture":"#0"}},"rotation":{"origin":[7.0,11.914215,3.792893],"angle":45.0,"axis":"x"}},{"from":[7.5,7.0,5.5],"to":[8.5,9.0,20.5],"faces":{"east":{"uv":[5.0,2.125,6.875,2.375],"tintindex":-2,"rotation":0,"texture":"#0"},"south":{"uv":[3.125,5.0,3.25,5.25],"tintindex":-2,"rotation":0,"texture":"#0"},"north":{"uv":[3.625,4.375,3.75,4.625],"tintindex":-2,"rotation":0,"texture":"#0"},"west":{"uv":[5.0,2.375,6.875,2.625],"tintindex":-2,"rotation":0,"texture":"#0"},"up":{"uv":[1.5,8.5,1.375,6.625],"tintindex":-2,"rotation":0,"texture":"#0"},"down":{"uv":[1.625,6.625,1.5,8.5],"tintindex":-2,"rotation":0,"texture":"#0"}}}],"display":{"gui":{"rotation":[30,225,0]}}}