{"textures":{"0":"modelengine:entity/kpack_knight"},"elements":[{"from":[7.5,7.5,5.5],"to":[8.5,8.5,11.5],"faces":{"east":{"uv":[0.5,7.75,1.25,7.875],"tintindex":-2,"rotation":0,"texture":"#0"},"south":{"uv":[3.875,6.125,4.0,6.25],"tintindex":-2,"rotation":0,"texture":"#0"},"north":{"uv":[3.75,6.125,3.875,6.25],"tintindex":-2,"rotation":0,"texture":"#0"},"west":{"uv":[7.75,2.25,8.5,2.375],"tintindex":-2,"rotation":0,"texture":"#0"},"up":{"uv":[0.375,8.25,0.25,7.5],"tintindex":-2,"rotation":0,"texture":"#0"},"down":{"uv":[3.5,7.5,3.375,8.25],"tintindex":-2,"rotation":0,"texture":"#0"}}},{"from":[7.5,5.500002,4.5],"to":[8.5,10.5,5.5],"faces":{"east":{"uv":[2.5,7.75,2.625,8.375],"tintindex":-2,"rotation":0,"texture":"#0"},"south":{"uv":[2.625,7.75,2.75,8.375],"tintindex":-2,"rotation":0,"texture":"#0"},"north":{"uv":[7.75,2.375,7.875,3.0],"tintindex":-2,"rotation":0,"texture":"#0"},"west":{"uv":[2.75,7.75,2.875,8.375],"tintindex":-2,"rotation":0,"texture":"#0"},"up":{"uv":[5.125,2.75,5.0,2.625],"tintindex":-2,"rotation":0,"texture":"#0"},"down":{"uv":[5.25,2.625,5.125,2.75],"tintindex":-2,"rotation":0,"texture":"#0"}}},{"from":[7.5,10.914215,3.4571066],"to":[8.5,12.414215,4.9571066],"faces":{"east":{"uv":[0.875,7.875,1.0,8.125],"tintindex":-2,"rotation":0,"texture":"#0"},"south":{"uv":[1.0,7.875,1.125,8.125],"tintindex":-2,"rotation":0,"texture":"#0"},"north":{"uv":[7.875,0.75,8.0,1.0],"tintindex":-2,"rotation":0,"texture":"#0"},"west":{"uv":[7.875,1.0,8.0,1.25],"tintindex":-2,"rotation":0,"texture":"#0"},"up":{"uv":[4.25,5.375,4.125,5.25],"tintindex":-2,"rotation":0,"texture":"#0"},"down":{"uv":[4.75,5.375,4.625,5.5],"tintindex":-2,"rotation":0,"texture":"#0"}},"rotation":{"origin":[7.0,11.914215,6.2071066],"angle":-45.0,"axis":"x"}},{"from":[7.75,7.000002,-10.5],"to":[8.25,9.0,4.5],"faces":{"east":{"uv":[4.875,5.25,6.75,5.5],"tintindex":-2,"rotation":0,"texture":"#0"},"south":{"uv":[0.75,7.875,0.875,8.125],"tintindex":-2,"rotation":0,"texture":"#0"},"north":{"uv":[0.625,7.875,0.75,8.125],"tintindex":-2,"rotation":0,"texture":"#0"},"west":{"uv":[5.375,0.0,7.25,0.25],"tintindex":-2,"rotation":0,"texture":"#0"},"up":{"uv":[0.5,8.625,0.375,6.75],"tintindex":-2,"rotation":0,"texture":"#0"},"down":{"uv":[1.75,7.125,1.625,9.0],"tintindex":-2,"rotation":0,"texture":"#0"}}},{"from":[7.5,6.164215,3.4571066],"to":[8.5,7.664215,4.9571066],"faces":{"east":{"uv":[7.875,1.25,8.0,1.5],"tintindex":-2,"rotation":0,"texture":"#0"},"south":{"uv":[7.875,1.5,8.0,1.75],"tintindex":-2,"rotation":0,"texture":"#0"},"north":{"uv":[1.125,7.875,1.25,8.125],"tintindex":-2,"rotation":0,"texture":"#0"},"west":{"uv":[7.875,1.75,8.0,2.0],"tintindex":-2,"rotation":0,"texture":"#0"},"up":{"uv":[4.875,5.5,4.75,5.375],"tintindex":-2,"rotation":0,"texture":"#0"},"down":{"uv":[6.0,3.25,5.875,3.375],"tintindex":-2,"rotation":0,"texture":"#0"}},"rotation":{"origin":[7.0,7.164215,6.2071066],"angle":-45.0,"axis":"x"}}],"display":{"gui":{"rotation":[30,225,0]}}}