{"textures":{"0":"modelengine:entity/kpack_knight"},"elements":[{"from":[7.542237,3.0,7.1173162],"to":[15.542236,11.0,15.117316],"faces":{"east":{"uv":[11.125,14.625,11.25,16.0],"tintindex":-2,"rotation":0,"texture":"#0"},"south":{"uv":[8.375,8.625,9.125,10.0],"tintindex":-2,"rotation":0,"texture":"#0"},"north":{"uv":[7.625,8.625,8.375,10.0],"tintindex":-2,"rotation":0,"texture":"#0"},"west":{"uv":[11.25,14.625,11.375,16.0],"tintindex":-2,"rotation":0,"texture":"#0"},"up":{"uv":[13.625,15.0,12.875,14.875],"tintindex":-2,"rotation":0,"texture":"#0"},"down":{"uv":[16.0,13.5,15.25,13.625],"tintindex":-2,"rotation":0,"texture":"#0"}}}],"display":{"gui":{"rotation":[30,225,0]}}}