{"textures":{"0":"modelengine:entity/crocodile"},"elements":[{"from":[5.8179326,4.5908694,7.4971333],"to":[8.817932,9.59087,11.497133],"faces":{"east":{"uv":[1.625,6.75,2.125,7.375],"tintindex":-2,"rotation":0,"texture":"#0"},"south":{"uv":[2.0,8.375,2.375,9.0],"tintindex":-2,"rotation":0,"texture":"#0"},"north":{"uv":[8.375,1.0,8.75,1.625],"tintindex":-2,"rotation":0,"texture":"#0"},"west":{"uv":[1.625,7.5,2.125,8.125],"tintindex":-2,"rotation":0,"texture":"#0"},"up":{"uv":[2.375,6.625,2.0,6.125],"tintindex":-2,"rotation":0,"texture":"#0"},"down":{"uv":[4.875,8.375,4.5,8.875],"tintindex":-2,"rotation":0,"texture":"#0"}},"rotation":{"origin":[7.3179326,6.0908694,9.497133],"angle":-45.0,"axis":"x"}}],"display":{"gui":{"rotation":[30,225,0]}}}