{"textures":{"0":"modelengine:entity/crocodile"},"elements":[{"from":[5.1875362,6.25,5.4428053],"to":[9.187536,8.25,9.442806],"faces":{"east":{"uv":[8.875,1.0,9.375,1.25],"tintindex":-2,"rotation":0,"texture":"#0"},"south":{"uv":[8.875,1.375,9.375,1.625],"tintindex":-2,"rotation":0,"texture":"#0"},"north":{"uv":[8.75,4.125,9.25,4.375],"tintindex":-2,"rotation":0,"texture":"#0"},"west":{"uv":[8.875,4.5,9.375,4.75],"tintindex":-2,"rotation":0,"texture":"#0"},"up":{"uv":[8.75,5.125,8.25,4.625],"tintindex":-2,"rotation":0,"texture":"#0"},"down":{"uv":[5.5,8.25,5.0,8.75],"tintindex":-2,"rotation":0,"texture":"#0"}},"rotation":{"origin":[7.237536,7.25,7.942806],"angle":22.5,"axis":"y"}}],"display":{"gui":{"rotation":[30,225,0]}}}