{"textures":{"0":"modelengine:entity/crocodile"},"elements":[{"from":[5.476899,4.292244,5.971403],"to":[8.476899,8.292244,8.971403],"faces":{"east":{"uv":[8.625,0.375,9.0,0.875],"tintindex":-2,"rotation":0,"texture":"#0"},"south":{"uv":[0.5,8.625,0.875,9.125],"tintindex":-2,"rotation":0,"texture":"#0"},"north":{"uv":[0.0,8.625,0.375,9.125],"tintindex":-2,"rotation":0,"texture":"#0"},"west":{"uv":[1.0,8.625,1.375,9.125],"tintindex":-2,"rotation":0,"texture":"#0"},"up":{"uv":[8.125,9.0,7.75,8.625],"tintindex":-2,"rotation":0,"texture":"#0"},"down":{"uv":[3.875,8.75,3.5,9.125],"tintindex":-2,"rotation":0,"texture":"#0"}},"rotation":{"origin":[7.976899,5.792244,7.471403],"angle":-22.5,"axis":"z"}}],"display":{"gui":{"rotation":[30,225,0]}}}