{"textures":{"0":"modelengine:entity/crocodile"},"elements":[{"from":[7.5,4.5,5.0],"to":[10.5,9.5,9.0],"faces":{"east":{"uv":[0.5,7.875,0.0,8.5],"tintindex":-2,"rotation":0,"texture":"#0"},"south":{"uv":[3.375,8.375,3.0,9.0],"tintindex":-2,"rotation":0,"texture":"#0"},"north":{"uv":[2.875,8.375,2.5,9.0],"tintindex":-2,"rotation":0,"texture":"#0"},"west":{"uv":[5.625,7.5,5.125,8.125],"tintindex":-2,"rotation":0,"texture":"#0"},"up":{"uv":[8.5,8.25,8.875,7.75],"tintindex":-2,"rotation":0,"texture":"#0"},"down":{"uv":[8.5,8.375,8.875,8.875],"tintindex":-2,"rotation":0,"texture":"#0"}},"rotation":{"origin":[9.0,7.0,7.0],"angle":45.0,"axis":"x"}}],"display":{"gui":{"rotation":[30,225,0]}}}