{"textures":{"0":"modelengine:entity/crocodile"},"elements":[{"from":[7.523101,4.292244,5.971403],"to":[10.523101,8.292244,8.971403],"faces":{"east":{"uv":[1.375,8.625,1.0,9.125],"tintindex":-2,"rotation":0,"texture":"#0"},"south":{"uv":[0.875,8.625,0.5,9.125],"tintindex":-2,"rotation":0,"texture":"#0"},"north":{"uv":[0.375,8.625,0.0,9.125],"tintindex":-2,"rotation":0,"texture":"#0"},"west":{"uv":[9.0,0.375,8.625,0.875],"tintindex":-2,"rotation":0,"texture":"#0"},"up":{"uv":[7.75,9.0,8.125,8.625],"tintindex":-2,"rotation":0,"texture":"#0"},"down":{"uv":[3.5,8.75,3.875,9.125],"tintindex":-2,"rotation":0,"texture":"#0"}},"rotation":{"origin":[8.023101,5.792244,7.471403],"angle":22.5,"axis":"z"}}],"display":{"gui":{"rotation":[30,225,0]}}}