{"textures":{"0":"modelengine:entity/crocodile"},"elements":[{"from":[6.812464,6.25,5.4428053],"to":[10.812464,8.25,9.442806],"faces":{"east":{"uv":[9.375,4.5,8.875,4.75],"tintindex":-2,"rotation":0,"texture":"#0"},"south":{"uv":[9.375,1.375,8.875,1.625],"tintindex":-2,"rotation":0,"texture":"#0"},"north":{"uv":[9.25,4.125,8.75,4.375],"tintindex":-2,"rotation":0,"texture":"#0"},"west":{"uv":[9.375,1.0,8.875,1.25],"tintindex":-2,"rotation":0,"texture":"#0"},"up":{"uv":[8.25,5.125,8.75,4.625],"tintindex":-2,"rotation":0,"texture":"#0"},"down":{"uv":[5.0,8.25,5.5,8.75],"tintindex":-2,"rotation":0,"texture":"#0"}},"rotation":{"origin":[8.762465,7.25,7.942806],"angle":-22.5,"axis":"y"}}],"display":{"gui":{"rotation":[30,225,0]}}}