{"textures":{"1":"modelengine:entity/crocodile_saddle"},"elements":[{"from":[2.0,13.0,-5.166666],"to":[14.0,13.0,6.8333335],"faces":{"up":{"uv":[3.0,3.0,0.0,0.0],"tintindex":-2,"rotation":0,"texture":"#1"},"down":{"uv":[3.0,0.0,0.0,3.0],"tintindex":-2,"rotation":0,"texture":"#1"}}},{"from":[2.0,5.0,-1.166666],"to":[2.0,10.0,1.8333335],"faces":{"east":{"uv":[4.0,3.5,3.25,4.75],"tintindex":-2,"rotation":0,"texture":"#1"},"west":{"uv":[3.25,3.5,4.0,4.75],"tintindex":-2,"rotation":0,"texture":"#1"}}},{"from":[2.0,10.0,-5.166666],"to":[2.0,13.0,6.8333335],"faces":{"east":{"uv":[6.25,1.0,3.25,1.75],"tintindex":-2,"rotation":0,"texture":"#1"},"west":{"uv":[3.25,1.0,6.25,1.75],"tintindex":-2,"rotation":0,"texture":"#1"}}},{"from":[14.0,10.0,-5.166666],"to":[14.0,13.0,6.8333335],"faces":{"east":{"uv":[6.25,1.0,3.25,1.75],"tintindex":-2,"rotation":0,"texture":"#1"},"west":{"uv":[3.25,1.0,6.25,1.75],"tintindex":-2,"rotation":0,"texture":"#1"}}},{"from":[14.0,5.0,-1.166666],"to":[14.0,10.0,1.8333335],"faces":{"east":{"uv":[4.0,3.5,3.25,4.75],"tintindex":-2,"rotation":0,"texture":"#1"},"west":{"uv":[3.25,3.5,4.0,4.75],"tintindex":-2,"rotation":0,"texture":"#1"}}}],"display":{"gui":{"rotation":[30,225,0]}}}