{"textures":{"0":"modelengine:entity/crocodile"},"elements":[{"from":[9.5,10.55,8.15],"to":[9.5,13.55,21.15],"faces":{"east":{"uv":[6.5,2.875,8.125,3.25],"tintindex":-2,"rotation":0,"texture":"#0"},"west":{"uv":[6.5,5.125,8.125,5.5],"tintindex":-2,"rotation":0,"texture":"#0"}}},{"from":[6.5,10.55,8.15],"to":[6.5,13.55,21.15],"faces":{"east":{"uv":[5.875,6.375,7.5,6.75],"tintindex":-2,"rotation":0,"texture":"#0"},"west":{"uv":[6.5,2.375,8.125,2.75],"tintindex":-2,"rotation":0,"texture":"#0"}}},{"from":[4.5,5.55,8.15],"to":[11.5,10.55,23.15],"faces":{"east":{"uv":[2.5,5.125,4.375,5.75],"tintindex":-2,"rotation":0,"texture":"#0"},"south":{"uv":[0.625,6.75,1.5,7.375],"tintindex":-2,"rotation":0,"texture":"#0"},"north":{"uv":[3.0,2.0,3.875,2.625],"tintindex":-2,"rotation":0,"texture":"#0"},"west":{"uv":[4.5,5.125,6.375,5.75],"tintindex":-2,"rotation":0,"texture":"#0"},"up":{"uv":[3.875,1.875,3.0,0.0],"tintindex":-2,"rotation":0,"texture":"#0"},"down":{"uv":[0.875,3.75,0.0,5.625],"tintindex":-2,"rotation":0,"texture":"#0"}}}],"display":{"gui":{"rotation":[30,225,0]}}}