{"textures":{"0":"modelengine:entity/crocodile"},"elements":[{"from":[8.0,9.25,11.0],"to":[8.0,12.25,24.0],"faces":{"east":{"uv":[6.625,1.125,8.25,1.5],"tintindex":-2,"rotation":0,"texture":"#0"},"west":{"uv":[6.625,1.625,8.25,2.0],"tintindex":-2,"rotation":0,"texture":"#0"}}},{"from":[6.0,6.25,8.0],"to":[10.0,9.25,24.0],"faces":{"east":{"uv":[6.125,4.625,8.125,5.0],"tintindex":-2,"rotation":0,"texture":"#0"},"south":{"uv":[8.5,6.75,9.0,7.125],"tintindex":-2,"rotation":0,"texture":"#0"},"north":{"uv":[8.375,5.875,8.875,6.25],"tintindex":-2,"rotation":0,"texture":"#0"},"west":{"uv":[6.25,0.0,8.25,0.375],"tintindex":-2,"rotation":0,"texture":"#0"},"up":{"uv":[0.5,7.75,0.0,5.75],"tintindex":-2,"rotation":0,"texture":"#0"},"down":{"uv":[3.0,5.875,2.5,7.875],"tintindex":-2,"rotation":0,"texture":"#0"}}}],"display":{"gui":{"rotation":[30,225,0]}}}