{"textures":{"0":"modelengine:entity/crocodile"},"elements":[{"from":[2.5,5.6666665,-9.166666],"to":[13.5,12.666666,11.833334],"faces":{"east":{"uv":[0.0,2.75,2.625,3.625],"tintindex":-2,"rotation":0,"texture":"#0"},"south":{"uv":[5.125,1.375,6.5,2.25],"tintindex":-2,"rotation":0,"texture":"#0"},"north":{"uv":[1.0,5.125,2.375,6.0],"tintindex":-2,"rotation":0,"texture":"#0"},"west":{"uv":[2.75,2.75,5.375,3.625],"tintindex":-2,"rotation":0,"texture":"#0"},"up":{"uv":[1.375,2.625,0.0,0.0],"tintindex":-2,"rotation":0,"texture":"#0"},"down":{"uv":[2.875,0.0,1.5,2.625],"tintindex":-2,"rotation":0,"texture":"#0"}}},{"from":[11.5,12.666666,-9.166666],"to":[11.5,15.666666,10.833334],"faces":{"east":{"uv":[6.125,3.625,8.625,4.0],"tintindex":-2,"rotation":0,"texture":"#0"},"west":{"uv":[6.125,4.125,8.625,4.5],"tintindex":-2,"rotation":0,"texture":"#0"}}},{"from":[4.5,12.666666,-9.166666],"to":[4.5,15.666666,10.833334],"faces":{"east":{"uv":[3.125,5.875,5.625,6.25],"tintindex":-2,"rotation":0,"texture":"#0"},"west":{"uv":[5.75,5.875,8.25,6.25],"tintindex":-2,"rotation":0,"texture":"#0"}}}],"display":{"gui":{"rotation":[30,225,0]}}}