{"textures":{"0":"modelengine:entity/iron_swords_2"},"elements":[{"from":[7.49,22.94,11.29],"to":[8.51,24.41,11.860001],"faces":{"east":{"uv":[0.0,0.275,0.725,0.55],"tintindex":-2,"rotation":90,"texture":"#0"},"south":{"uv":[0.5,0.0,1.0,0.725],"tintindex":-2,"rotation":180,"texture":"#0"},"west":{"uv":[0.0,0.275,0.725,0.55],"tintindex":-2,"rotation":270,"texture":"#0"},"down":{"uv":[0.0,0.275,0.5,0.55],"tintindex":-2,"rotation":180,"texture":"#0"}},"rotation":{"origin":[8.0,26.25,11.85],"angle":-45.0,"axis":"x"}},{"from":[7.49,21.99,8.889999],"to":[8.51,27.01,12.01],"faces":{"east":{"uv":[1.5,3.5,3.0,6.0],"tintindex":-2,"rotation":0,"texture":"#0"},"south":{"uv":[0.5,0.0,0.0,2.5],"tintindex":-2,"rotation":0,"texture":"#0"},"west":{"uv":[3.0,3.5,1.5,6.0],"tintindex":-2,"rotation":0,"texture":"#0"},"up":{"uv":[0.0,1.55,0.5,0.0],"tintindex":-2,"rotation":0,"texture":"#0"}},"rotation":{"origin":[8.0,27.0,10.0],"angle":22.5,"axis":"x"}},{"from":[7.01,-6.99,5.51],"to":[8.99,-4.01,6.49],"faces":{"east":{"uv":[16.0,13.0,15.5,14.5],"tintindex":-2,"rotation":0,"texture":"#0"},"south":{"uv":[16.0,12.0,15.0,10.5],"tintindex":-2,"rotation":0,"texture":"#0"},"north":{"uv":[16.0,13.5,15.0,15.0],"tintindex":-2,"rotation":0,"texture":"#0"},"west":{"uv":[16.0,12.5,15.5,14.0],"tintindex":-2,"rotation":0,"texture":"#0"}},"rotation":{"origin":[8.0,-7.0,5.5],"angle":22.5,"axis":"x"}},{"from":[7.01,-1.99,9.51],"to":[8.99,0.99,10.49],"faces":{"east":{"uv":[15.0,11.0,15.5,12.5],"tintindex":-2,"rotation":0,"texture":"#0"},"south":{"uv":[16.0,11.0,15.0,12.5],"tintindex":-2,"rotation":0,"texture":"#0"},"north":{"uv":[15.0,10.5,16.0,12.0],"tintindex":-2,"rotation":0,"texture":"#0"},"west":{"uv":[15.0,11.0,15.5,12.5],"tintindex":-2,"rotation":0,"texture":"#0"}},"rotation":{"origin":[8.0,1.0,10.5],"angle":22.5,"axis":"x"}},{"from":[7.49,22.94,4.14],"to":[8.51,24.41,4.71],"faces":{"east":{"uv":[0.0,0.0,0.725,0.275],"tintindex":-2,"rotation":90,"texture":"#0"},"north":{"uv":[0.0,0.0,0.5,0.725],"tintindex":-2,"rotation":180,"texture":"#0"},"west":{"uv":[0.0,0.0,0.725,0.275],"tintindex":-2,"rotation":270,"texture":"#0"},"down":{"uv":[0.0,0.0,0.5,0.275],"tintindex":-2,"rotation":180,"texture":"#0"}},"rotation":{"origin":[8.0,26.25,4.15],"angle":45.0,"axis":"x"}},{"from":[7.0,-8.0,5.5],"to":[9.0,-7.0,10.5],"faces":{"east":{"uv":[10.5,11.5,13.0,11.0],"tintindex":-2,"rotation":0,"texture":"#0"},"south":{"uv":[12.0,11.0,13.0,10.5],"tintindex":-2,"rotation":0,"texture":"#0"},"north":{"uv":[12.0,11.0,13.0,10.5],"tintindex":-2,"rotation":0,"texture":"#0"},"west":{"uv":[10.5,11.5,13.0,11.0],"tintindex":-2,"rotation":0,"texture":"#0"},"down":{"uv":[13.0,10.5,10.5,11.5],"tintindex":-2,"rotation":90,"texture":"#0"}}},{"from":[7.0,-7.0,6.5],"to":[9.0,1.0,9.5],"faces":{"east":{"uv":[10.0,12.0,11.5,16.0],"tintindex":-2,"rotation":0,"texture":"#0"},"south":{"uv":[10.5,12.0,11.5,16.0],"tintindex":-2,"rotation":0,"texture":"#0"},"north":{"uv":[10.5,12.0,11.5,16.0],"tintindex":-2,"rotation":0,"texture":"#0"},"west":{"uv":[10.0,12.0,11.5,16.0],"tintindex":-2,"rotation":0,"texture":"#0"}}},{"from":[7.49,23.539999,2.16],"to":[8.51,24.11,4.4300003],"faces":{"east":{"uv":[0.0,0.0,1.125,0.275],"tintindex":-2,"rotation":0,"texture":"#0"},"west":{"uv":[0.0,0.0,1.125,0.275],"tintindex":-2,"rotation":0,"texture":"#0"},"down":{"uv":[0.0,0.0,0.5,1.125],"tintindex":-2,"rotation":0,"texture":"#0"}},"rotation":{"origin":[8.0,23.65,2.25],"angle":-22.5,"axis":"x"}},{"from":[7.0,1.0,5.5],"to":[9.0,2.0,10.5],"faces":{"east":{"uv":[10.5,10.0,13.0,10.5],"tintindex":-2,"rotation":0,"texture":"#0"},"south":{"uv":[12.0,10.0,13.0,10.5],"tintindex":-2,"rotation":0,"texture":"#0"},"north":{"uv":[12.0,10.0,13.0,10.5],"tintindex":-2,"rotation":0,"texture":"#0"},"west":{"uv":[10.5,10.0,13.0,10.5],"tintindex":-2,"rotation":0,"texture":"#0"},"up":{"uv":[10.5,9.5,13.0,10.5],"tintindex":-2,"rotation":90,"texture":"#0"}}},{"from":[7.51,23.960001,4.26],"to":[8.49,26.039999,6.4399996],"faces":{"east":{"uv":[0.0,0.0,1.0,1.0],"tintindex":-2,"rotation":90,"texture":"#0"},"west":{"uv":[0.0,0.0,1.0,1.0],"tintindex":-2,"rotation":270,"texture":"#0"},"down":{"uv":[0.0,0.0,0.5,1.0],"tintindex":-2,"rotation":180,"texture":"#0"}},"rotation":{"origin":[8.0,26.25,4.15],"angle":22.5,"axis":"x"}},{"from":[7.49,24.39,4.14],"to":[8.51,26.26,5.1600003],"faces":{"east":{"uv":[0.0,0.0,0.925,0.5],"tintindex":-2,"rotation":90,"texture":"#0"},"north":{"uv":[0.0,0.0,0.5,0.925],"tintindex":-2,"rotation":180,"texture":"#0"},"west":{"uv":[0.0,0.0,0.925,0.5],"tintindex":-2,"rotation":270,"texture":"#0"}},"rotation":{"origin":[8.0,26.25,4.15],"angle":45.0,"axis":"x"}},{"from":[7.49,21.99,3.99],"to":[8.51,27.01,7.11],"faces":{"east":{"uv":[3.0,3.5,1.5,6.0],"tintindex":-2,"rotation":0,"texture":"#0"},"north":{"uv":[1.5,3.5,2.0,6.0],"tintindex":-2,"rotation":0,"texture":"#0"},"west":{"uv":[1.5,3.5,3.0,6.0],"tintindex":-2,"rotation":0,"texture":"#0"},"up":{"uv":[1.5,3.5,2.0,5.05],"tintindex":-2,"rotation":0,"texture":"#0"}},"rotation":{"origin":[8.0,27.0,6.0],"angle":-22.5,"axis":"x"}},{"from":[7.01,-1.99,5.51],"to":[8.99,0.99,6.49],"faces":{"east":{"uv":[15.5,11.0,15.0,12.5],"tintindex":-2,"rotation":0,"texture":"#0"},"south":{"uv":[16.0,10.5,15.0,12.0],"tintindex":-2,"rotation":0,"texture":"#0"},"north":{"uv":[16.0,11.0,15.0,12.5],"tintindex":-2,"rotation":0,"texture":"#0"},"west":{"uv":[15.5,11.0,15.0,12.5],"tintindex":-2,"rotation":0,"texture":"#0"}},"rotation":{"origin":[8.0,1.0,5.5],"angle":-22.5,"axis":"x"}},{"from":[7.49,24.39,10.84],"to":[8.51,26.26,11.860001],"faces":{"east":{"uv":[0.0,0.5,0.925,1.0],"tintindex":-2,"rotation":90,"texture":"#0"},"south":{"uv":[0.5,0.0,1.0,0.925],"tintindex":-2,"rotation":180,"texture":"#0"},"west":{"uv":[0.0,0.5,0.925,1.0],"tintindex":-2,"rotation":270,"texture":"#0"}},"rotation":{"origin":[8.0,26.25,11.85],"angle":-45.0,"axis":"x"}},{"from":[7.49,23.539999,11.57],"to":[8.51,24.11,13.84],"faces":{"east":{"uv":[1.125,0.0,2.25,0.275],"tintindex":-2,"rotation":0,"texture":"#0"},"west":{"uv":[1.125,0.0,2.25,0.275],"tintindex":-2,"rotation":0,"texture":"#0"},"down":{"uv":[0.0,1.125,0.5,2.25],"tintindex":-2,"rotation":0,"texture":"#0"}},"rotation":{"origin":[8.0,23.65,13.75],"angle":22.5,"axis":"x"}},{"from":[7.5,2.0,6.0],"to":[8.5,22.0,10.0],"faces":{"east":{"uv":[0.0,5.0,2.0,15.0],"tintindex":-2,"rotation":0,"texture":"#0"},"south":{"uv":[0.0,5.0,0.5,15.0],"tintindex":-2,"rotation":0,"texture":"#0"},"north":{"uv":[0.0,5.0,0.5,15.0],"tintindex":-2,"rotation":0,"texture":"#0"},"west":{"uv":[0.0,5.0,2.0,15.0],"tintindex":-2,"rotation":0,"texture":"#0"},"down":{"uv":[0.0,5.0,0.5,7.0],"tintindex":-2,"rotation":0,"texture":"#0"}}},{"from":[7.01,-6.99,9.51],"to":[8.99,-4.01,10.49],"faces":{"east":{"uv":[15.5,13.0,16.0,11.5],"tintindex":-2,"rotation":0,"texture":"#0"},"south":{"uv":[16.0,13.5,15.0,15.0],"tintindex":-2,"rotation":0,"texture":"#0"},"north":{"uv":[15.0,12.0,16.0,10.5],"tintindex":-2,"rotation":0,"texture":"#0"},"west":{"uv":[15.5,13.0,16.0,14.5],"tintindex":-2,"rotation":0,"texture":"#0"}},"rotation":{"origin":[8.0,-7.0,10.5],"angle":-22.5,"axis":"x"}},{"from":[7.5,22.0,7.0],"to":[8.5,27.43,9.0],"faces":{"east":{"uv":[2.0,2.5,3.0,5.215],"tintindex":-2,"rotation":0,"texture":"#0"},"west":{"uv":[2.0,2.5,3.0,5.215],"tintindex":-2,"rotation":0,"texture":"#0"},"up":{"uv":[2.0,2.5,2.5,3.5],"tintindex":-2,"rotation":0,"texture":"#0"}}},{"from":[7.51,23.960001,9.56],"to":[8.49,26.039999,11.74],"faces":{"east":{"uv":[0.0,0.0,1.0,1.0],"tintindex":-2,"rotation":90,"texture":"#0"},"west":{"uv":[0.0,0.0,1.0,1.0],"tintindex":-2,"rotation":270,"texture":"#0"},"down":{"uv":[0.0,0.0,0.5,1.0],"tintindex":-2,"rotation":180,"texture":"#0"}},"rotation":{"origin":[8.0,26.25,11.85],"angle":-22.5,"axis":"x"}}],"display":{"gui":{"rotation":[30,225,0]}}}