{"textures":{"0":"modelengine:entity/flamingo"},"elements":[{"from":[8.0,7.0,5.0],"to":[11.0,8.0,8.0],"faces":{"east":{"uv":[12.0,11.0,12.75,11.25],"tintindex":0,"rotation":0,"texture":"#0"},"south":{"uv":[14.25,11.0,15.0,11.25],"tintindex":0,"rotation":0,"texture":"#0"},"north":{"uv":[12.75,11.0,13.5,11.25],"tintindex":0,"rotation":0,"texture":"#0"},"west":{"uv":[13.5,11.0,14.25,11.25],"tintindex":0,"rotation":0,"texture":"#0"},"up":{"uv":[13.5,11.0,12.75,10.25],"tintindex":0,"rotation":0,"texture":"#0"},"down":{"uv":[14.25,10.25,13.5,11.0],"tintindex":0,"rotation":0,"texture":"#0"}}},{"from":[7.0,11.0,13.0],"to":[9.0,12.0,15.0],"faces":{"east":{"uv":[0.0,11.75,0.5,12.0],"tintindex":0,"rotation":0,"texture":"#0"},"south":{"uv":[1.5,11.75,2.0,12.0],"tintindex":0,"rotation":0,"texture":"#0"},"north":{"uv":[0.5,11.75,1.0,12.0],"tintindex":0,"rotation":0,"texture":"#0"},"west":{"uv":[1.0,11.75,1.5,12.0],"tintindex":0,"rotation":0,"texture":"#0"},"up":{"uv":[1.0,11.75,0.5,11.25],"tintindex":0,"rotation":0,"texture":"#0"},"down":{"uv":[1.5,11.25,1.0,11.75],"tintindex":0,"rotation":0,"texture":"#0"}}},{"from":[10.0,12.0,1.0],"to":[11.0,13.0,12.0],"faces":{"east":{"uv":[0.0,10.0,2.75,10.25],"tintindex":0,"rotation":0,"texture":"#0"},"south":{"uv":[5.75,10.0,6.0,10.25],"tintindex":0,"rotation":0,"texture":"#0"},"north":{"uv":[2.75,10.0,3.0,10.25],"tintindex":0,"rotation":0,"texture":"#0"},"west":{"uv":[3.0,10.0,5.75,10.25],"tintindex":0,"rotation":0,"texture":"#0"},"up":{"uv":[3.0,10.0,2.75,7.25],"tintindex":0,"rotation":0,"texture":"#0"},"down":{"uv":[3.25,7.25,3.0,10.0],"tintindex":0,"rotation":0,"texture":"#0"}}},{"from":[5.0,9.0,0.0],"to":[11.0,12.0,13.0],"faces":{"east":{"uv":[0.0,3.25,3.25,4.0],"tintindex":0,"rotation":0,"texture":"#0"},"south":{"uv":[8.0,3.25,9.5,4.0],"tintindex":0,"rotation":0,"texture":"#0"},"north":{"uv":[3.25,3.25,4.75,4.0],"tintindex":0,"rotation":0,"texture":"#0"},"west":{"uv":[4.75,3.25,8.0,4.0],"tintindex":0,"rotation":0,"texture":"#0"},"up":{"uv":[4.75,3.25,3.25,0.0],"tintindex":0,"rotation":0,"texture":"#0"},"down":{"uv":[6.25,0.0,4.75,3.25],"tintindex":0,"rotation":0,"texture":"#0"}}},{"from":[6.0,12.0,1.0],"to":[10.0,13.0,13.0],"faces":{"east":{"uv":[0.0,7.0,3.0,7.25],"tintindex":0,"rotation":0,"texture":"#0"},"south":{"uv":[7.0,7.0,8.0,7.25],"tintindex":0,"rotation":0,"texture":"#0"},"north":{"uv":[3.0,7.0,4.0,7.25],"tintindex":0,"rotation":0,"texture":"#0"},"west":{"uv":[4.0,7.0,7.0,7.25],"tintindex":0,"rotation":0,"texture":"#0"},"up":{"uv":[4.0,7.0,3.0,4.0],"tintindex":0,"rotation":0,"texture":"#0"},"down":{"uv":[5.0,4.0,4.0,7.0],"tintindex":0,"rotation":0,"texture":"#0"}}},{"from":[6.0,9.0,13.0],"to":[10.0,11.0,15.0],"faces":{"east":{"uv":[12.0,11.75,12.5,12.25],"tintindex":0,"rotation":0,"texture":"#0"},"south":{"uv":[14.0,11.75,15.0,12.25],"tintindex":0,"rotation":0,"texture":"#0"},"north":{"uv":[12.5,11.75,13.5,12.25],"tintindex":0,"rotation":0,"texture":"#0"},"west":{"uv":[13.5,11.75,14.0,12.25],"tintindex":0,"rotation":0,"texture":"#0"},"up":{"uv":[13.5,11.75,12.5,11.25],"tintindex":0,"rotation":0,"texture":"#0"},"down":{"uv":[14.5,11.25,13.5,11.75],"tintindex":0,"rotation":0,"texture":"#0"}}},{"from":[5.0,12.0,1.0],"to":[6.0,13.0,12.0],"faces":{"east":{"uv":[6.5,10.5,9.25,10.75],"tintindex":0,"rotation":0,"texture":"#0"},"south":{"uv":[12.25,10.5,12.5,10.75],"tintindex":0,"rotation":0,"texture":"#0"},"north":{"uv":[9.25,10.5,9.5,10.75],"tintindex":0,"rotation":0,"texture":"#0"},"west":{"uv":[9.5,10.5,12.25,10.75],"tintindex":0,"rotation":0,"texture":"#0"},"up":{"uv":[9.5,10.5,9.25,7.75],"tintindex":0,"rotation":0,"texture":"#0"},"down":{"uv":[9.75,7.75,9.5,10.5],"tintindex":0,"rotation":0,"texture":"#0"}}},{"from":[6.0,8.0,1.0],"to":[10.0,9.0,13.0],"faces":{"east":{"uv":[6.0,7.25,9.0,7.5],"tintindex":0,"rotation":0,"texture":"#0"},"south":{"uv":[13.0,7.25,14.0,7.5],"tintindex":0,"rotation":0,"texture":"#0"},"north":{"uv":[9.0,7.25,10.0,7.5],"tintindex":0,"rotation":0,"texture":"#0"},"west":{"uv":[10.0,7.25,13.0,7.5],"tintindex":0,"rotation":0,"texture":"#0"},"up":{"uv":[10.0,7.25,9.0,4.25],"tintindex":0,"rotation":0,"texture":"#0"},"down":{"uv":[11.0,4.25,10.0,7.25],"tintindex":0,"rotation":0,"texture":"#0"}}},{"from":[5.0,7.0,5.0],"to":[8.0,8.0,8.0],"faces":{"east":{"uv":[0.0,3.0,0.75,3.25],"tintindex":0,"rotation":0,"texture":"#0"},"south":{"uv":[2.25,3.0,3.0,3.25],"tintindex":0,"rotation":0,"texture":"#0"},"north":{"uv":[0.75,3.0,1.5,3.25],"tintindex":0,"rotation":0,"texture":"#0"},"west":{"uv":[1.5,3.0,2.25,3.25],"tintindex":0,"rotation":0,"texture":"#0"},"up":{"uv":[1.5,3.0,0.75,2.25],"tintindex":0,"rotation":0,"texture":"#0"},"down":{"uv":[2.25,2.25,1.5,3.0],"tintindex":0,"rotation":0,"texture":"#0"}}},{"from":[5.0,8.0,1.0],"to":[6.0,9.0,12.0],"faces":{"east":{"uv":[7.25,2.75,10.0,3.0],"tintindex":0,"rotation":0,"texture":"#0"},"south":{"uv":[13.0,2.75,13.25,3.0],"tintindex":0,"rotation":0,"texture":"#0"},"north":{"uv":[10.0,2.75,10.25,3.0],"tintindex":0,"rotation":0,"texture":"#0"},"west":{"uv":[10.25,2.75,13.0,3.0],"tintindex":0,"rotation":0,"texture":"#0"},"up":{"uv":[10.25,2.75,10.0,0.0],"tintindex":0,"rotation":0,"texture":"#0"},"down":{"uv":[10.5,0.0,10.25,2.75],"tintindex":0,"rotation":0,"texture":"#0"}}},{"from":[9.0,11.0,13.0],"to":[10.0,12.0,14.0],"faces":{"east":{"uv":[2.0,6.5,2.25,6.75],"tintindex":0,"rotation":0,"texture":"#0"},"south":{"uv":[2.75,6.5,3.0,6.75],"tintindex":0,"rotation":0,"texture":"#0"},"north":{"uv":[2.25,6.5,2.5,6.75],"tintindex":0,"rotation":0,"texture":"#0"},"west":{"uv":[2.5,6.5,2.75,6.75],"tintindex":0,"rotation":0,"texture":"#0"},"up":{"uv":[2.5,6.5,2.25,6.25],"tintindex":0,"rotation":0,"texture":"#0"},"down":{"uv":[2.75,6.25,2.5,6.5],"tintindex":0,"rotation":0,"texture":"#0"}}},{"from":[7.0,12.0,13.0],"to":[9.0,13.0,14.0],"faces":{"east":{"uv":[9.5,11.5,9.75,11.75],"tintindex":0,"rotation":0,"texture":"#0"},"south":{"uv":[10.5,11.5,11.0,11.75],"tintindex":0,"rotation":0,"texture":"#0"},"north":{"uv":[9.75,11.5,10.25,11.75],"tintindex":0,"rotation":0,"texture":"#0"},"west":{"uv":[10.25,11.5,10.5,11.75],"tintindex":0,"rotation":0,"texture":"#0"},"up":{"uv":[10.25,11.5,9.75,11.25],"tintindex":0,"rotation":0,"texture":"#0"},"down":{"uv":[10.75,11.25,10.25,11.5],"tintindex":0,"rotation":0,"texture":"#0"}}},{"from":[6.0,12.0,0.0],"to":[10.0,13.0,1.0],"faces":{"east":{"uv":[3.0,12.25,3.25,12.5],"tintindex":0,"rotation":0,"texture":"#0"},"south":{"uv":[4.5,12.25,5.5,12.5],"tintindex":0,"rotation":0,"texture":"#0"},"north":{"uv":[3.25,12.25,4.25,12.5],"tintindex":0,"rotation":0,"texture":"#0"},"west":{"uv":[4.25,12.25,4.5,12.5],"tintindex":0,"rotation":0,"texture":"#0"},"up":{"uv":[4.25,12.25,3.25,12.0],"tintindex":0,"rotation":0,"texture":"#0"},"down":{"uv":[5.25,12.0,4.25,12.25],"tintindex":0,"rotation":0,"texture":"#0"}}},{"from":[6.0,11.0,13.0],"to":[7.0,12.0,14.0],"faces":{"east":{"uv":[7.25,0.25,7.5,0.5],"tintindex":0,"rotation":0,"texture":"#0"},"south":{"uv":[8.0,0.25,8.25,0.5],"tintindex":0,"rotation":0,"texture":"#0"},"north":{"uv":[7.5,0.25,7.75,0.5],"tintindex":0,"rotation":0,"texture":"#0"},"west":{"uv":[7.75,0.25,8.0,0.5],"tintindex":0,"rotation":0,"texture":"#0"},"up":{"uv":[7.75,0.25,7.5,0.0],"tintindex":0,"rotation":0,"texture":"#0"},"down":{"uv":[8.0,0.0,7.75,0.25],"tintindex":0,"rotation":0,"texture":"#0"}}},{"from":[7.0,8.0,14.0],"to":[9.0,9.0,15.0],"faces":{"east":{"uv":[9.5,11.0,9.75,11.25],"tintindex":0,"rotation":0,"texture":"#0"},"south":{"uv":[10.5,11.0,11.0,11.25],"tintindex":0,"rotation":0,"texture":"#0"},"north":{"uv":[9.75,11.0,10.25,11.25],"tintindex":0,"rotation":0,"texture":"#0"},"west":{"uv":[10.25,11.0,10.5,11.25],"tintindex":0,"rotation":0,"texture":"#0"},"up":{"uv":[10.25,11.0,9.75,10.75],"tintindex":0,"rotation":0,"texture":"#0"},"down":{"uv":[10.75,10.75,10.25,11.0],"tintindex":0,"rotation":0,"texture":"#0"}}},{"from":[5.0,12.0,0.0],"to":[11.0,12.0,12.0],"faces":{"up":{"uv":[7.5,7.0,6.0,4.0],"tintindex":0,"rotation":0,"texture":"#0"},"down":{"uv":[9.0,4.0,7.5,7.0],"tintindex":0,"rotation":0,"texture":"#0"}}},{"from":[6.0,8.0,0.0],"to":[10.0,9.0,1.0],"faces":{"east":{"uv":[12.0,6.75,12.25,7.0],"tintindex":0,"rotation":0,"texture":"#0"},"south":{"uv":[13.5,6.75,14.5,7.0],"tintindex":0,"rotation":0,"texture":"#0"},"north":{"uv":[12.25,6.75,13.25,7.0],"tintindex":0,"rotation":0,"texture":"#0"},"west":{"uv":[13.25,6.75,13.5,7.0],"tintindex":0,"rotation":0,"texture":"#0"},"up":{"uv":[13.25,6.75,12.25,6.5],"tintindex":0,"rotation":0,"texture":"#0"},"down":{"uv":[14.25,6.5,13.25,6.75],"tintindex":0,"rotation":0,"texture":"#0"}}},{"from":[10.0,8.0,1.0],"to":[11.0,9.0,12.0],"faces":{"east":{"uv":[3.25,10.25,6.0,10.5],"tintindex":0,"rotation":0,"texture":"#0"},"south":{"uv":[9.0,10.25,9.25,10.5],"tintindex":0,"rotation":0,"texture":"#0"},"north":{"uv":[6.0,10.25,6.25,10.5],"tintindex":0,"rotation":0,"texture":"#0"},"west":{"uv":[6.25,10.25,9.0,10.5],"tintindex":0,"rotation":0,"texture":"#0"},"up":{"uv":[6.25,10.25,6.0,7.5],"tintindex":0,"rotation":0,"texture":"#0"},"down":{"uv":[6.5,7.5,6.25,10.25],"tintindex":0,"rotation":0,"texture":"#0"}}}],"display":{"gui":{"rotation":[30,225,0]}}}