{"textures":{"0":"modelengine:entity/flamingo"},"elements":[{"from":[8.0,2.0,7.0],"to":[9.0,8.0,8.0],"faces":{"east":{"uv":[12.0,3.25,12.25,4.75],"tintindex":0,"rotation":0,"texture":"#0"},"south":{"uv":[12.75,3.25,13.0,4.75],"tintindex":0,"rotation":0,"texture":"#0"},"north":{"uv":[12.25,3.25,12.5,4.75],"tintindex":0,"rotation":0,"texture":"#0"},"west":{"uv":[12.5,3.25,12.75,4.75],"tintindex":0,"rotation":0,"texture":"#0"},"up":{"uv":[12.5,3.25,12.25,3.0],"tintindex":0,"rotation":0,"texture":"#0"},"down":{"uv":[12.75,3.0,12.5,3.25],"tintindex":0,"rotation":0,"texture":"#0"}}},{"from":[7.0,0.0,5.0],"to":[10.0,1.0,7.0],"faces":{"east":{"uv":[7.25,2.0,7.75,2.25],"tintindex":0,"rotation":0,"texture":"#0"},"south":{"uv":[9.0,2.0,9.75,2.25],"tintindex":0,"rotation":0,"texture":"#0"},"north":{"uv":[7.75,2.0,8.5,2.25],"tintindex":0,"rotation":0,"texture":"#0"},"west":{"uv":[8.5,2.0,9.0,2.25],"tintindex":0,"rotation":0,"texture":"#0"},"up":{"uv":[8.5,2.0,7.75,1.5],"tintindex":0,"rotation":0,"texture":"#0"},"down":{"uv":[9.25,1.5,8.5,2.0],"tintindex":0,"rotation":0,"texture":"#0"}}},{"from":[7.0,1.0,7.0],"to":[10.0,2.0,8.0],"faces":{"east":{"uv":[0.0,12.25,0.25,12.5],"tintindex":0,"rotation":0,"texture":"#0"},"south":{"uv":[1.25,12.25,2.0,12.5],"tintindex":0,"rotation":0,"texture":"#0"},"north":{"uv":[0.25,12.25,1.0,12.5],"tintindex":0,"rotation":0,"texture":"#0"},"west":{"uv":[1.0,12.25,1.25,12.5],"tintindex":0,"rotation":0,"texture":"#0"},"up":{"uv":[1.0,12.25,0.25,12.0],"tintindex":0,"rotation":0,"texture":"#0"},"down":{"uv":[1.75,12.0,1.0,12.25],"tintindex":0,"rotation":0,"texture":"#0"}}}],"display":{"gui":{"rotation":[30,225,0]}}}