{"textures":{"0":"modelengine:entity/flamingo"},"elements":[{"from":[7.0,8.0,5.0],"to":[9.0,9.0,6.0],"faces":{"east":{"uv":[7.75,7.75,8.0,8.0],"tintindex":0,"rotation":0,"texture":"#0"},"south":{"uv":[8.75,7.75,9.25,8.0],"tintindex":0,"rotation":0,"texture":"#0"},"north":{"uv":[8.0,7.75,8.5,8.0],"tintindex":0,"rotation":0,"texture":"#0"},"west":{"uv":[8.5,7.75,8.75,8.0],"tintindex":0,"rotation":0,"texture":"#0"},"up":{"uv":[8.5,7.75,8.0,7.5],"tintindex":0,"rotation":0,"texture":"#0"},"down":{"uv":[9.0,7.5,8.5,7.75],"tintindex":0,"rotation":0,"texture":"#0"}}},{"from":[7.0,8.0,6.0],"to":[9.0,10.0,9.0],"faces":{"east":{"uv":[10.25,9.75,11.0,10.25],"tintindex":0,"rotation":0,"texture":"#0"},"south":{"uv":[12.25,9.75,12.75,10.25],"tintindex":0,"rotation":0,"texture":"#0"},"north":{"uv":[11.0,9.75,11.5,10.25],"tintindex":0,"rotation":0,"texture":"#0"},"west":{"uv":[11.5,9.75,12.25,10.25],"tintindex":0,"rotation":0,"texture":"#0"},"up":{"uv":[11.5,9.75,11.0,9.0],"tintindex":0,"rotation":0,"texture":"#0"},"down":{"uv":[12.0,9.0,11.5,9.75],"tintindex":0,"rotation":0,"texture":"#0"}}},{"from":[7.002,15.002,6.002],"to":[8.998,19.998,7.998],"faces":{"east":{"uv":[3.25,7.75,3.75,9.0],"tintindex":0,"rotation":0,"texture":"#0"},"south":{"uv":[4.75,7.75,5.25,9.0],"tintindex":0,"rotation":0,"texture":"#0"},"north":{"uv":[3.75,7.75,4.25,9.0],"tintindex":0,"rotation":0,"texture":"#0"},"west":{"uv":[4.25,7.75,4.75,9.0],"tintindex":0,"rotation":0,"texture":"#0"},"up":{"uv":[4.25,7.75,3.75,7.25],"tintindex":0,"rotation":0,"texture":"#0"},"down":{"uv":[4.75,7.25,4.25,7.75],"tintindex":0,"rotation":0,"texture":"#0"}}},{"from":[7.0,11.0,4.0],"to":[9.0,13.0,6.0],"faces":{"east":{"uv":[3.25,9.25,3.75,9.75],"tintindex":0,"rotation":0,"texture":"#0"},"south":{"uv":[4.75,9.25,5.25,9.75],"tintindex":0,"rotation":0,"texture":"#0"},"north":{"uv":[3.75,9.25,4.25,9.75],"tintindex":0,"rotation":0,"texture":"#0"},"west":{"uv":[4.25,9.25,4.75,9.75],"tintindex":0,"rotation":0,"texture":"#0"},"up":{"uv":[4.25,9.25,3.75,8.75],"tintindex":0,"rotation":0,"texture":"#0"},"down":{"uv":[4.75,8.75,4.25,9.25],"tintindex":0,"rotation":0,"texture":"#0"}}},{"from":[7.0,9.0,4.0],"to":[9.0,11.0,6.0],"faces":{"east":{"uv":[0.0,10.75,0.5,11.25],"tintindex":0,"rotation":0,"texture":"#0"},"south":{"uv":[1.5,10.75,2.0,11.25],"tintindex":0,"rotation":0,"texture":"#0"},"north":{"uv":[0.5,10.75,1.0,11.25],"tintindex":0,"rotation":0,"texture":"#0"},"west":{"uv":[1.0,10.75,1.5,11.25],"tintindex":0,"rotation":0,"texture":"#0"},"up":{"uv":[1.0,10.75,0.5,10.25],"tintindex":0,"rotation":0,"texture":"#0"},"down":{"uv":[1.5,10.25,1.0,10.75],"tintindex":0,"rotation":0,"texture":"#0"}}},{"from":[7.0,13.0,5.0],"to":[9.0,15.0,7.0],"faces":{"east":{"uv":[0.0,9.25,0.5,9.75],"tintindex":0,"rotation":0,"texture":"#0"},"south":{"uv":[1.5,9.25,2.0,9.75],"tintindex":0,"rotation":0,"texture":"#0"},"north":{"uv":[0.5,9.25,1.0,9.75],"tintindex":0,"rotation":0,"texture":"#0"},"west":{"uv":[1.0,9.25,1.5,9.75],"tintindex":0,"rotation":0,"texture":"#0"},"up":{"uv":[1.0,9.25,0.5,8.75],"tintindex":0,"rotation":0,"texture":"#0"},"down":{"uv":[1.5,8.75,1.0,9.25],"tintindex":0,"rotation":0,"texture":"#0"}}},{"from":[7.0,10.0,6.0],"to":[9.0,11.0,7.0],"faces":{"east":{"uv":[7.75,8.75,8.0,9.0],"tintindex":0,"rotation":0,"texture":"#0"},"south":{"uv":[8.75,8.75,9.25,9.0],"tintindex":0,"rotation":0,"texture":"#0"},"north":{"uv":[8.0,8.75,8.5,9.0],"tintindex":0,"rotation":0,"texture":"#0"},"west":{"uv":[8.5,8.75,8.75,9.0],"tintindex":0,"rotation":0,"texture":"#0"},"up":{"uv":[8.5,8.75,8.0,8.5],"tintindex":0,"rotation":0,"texture":"#0"},"down":{"uv":[9.0,8.5,8.5,8.75],"tintindex":0,"rotation":0,"texture":"#0"}}},{"from":[7.0,14.0,6.0],"to":[9.0,15.0,8.0],"faces":{"east":{"uv":[6.5,10.0,7.0,10.25],"tintindex":0,"rotation":0,"texture":"#0"},"south":{"uv":[8.0,10.0,8.5,10.25],"tintindex":0,"rotation":0,"texture":"#0"},"north":{"uv":[7.0,10.0,7.5,10.25],"tintindex":0,"rotation":0,"texture":"#0"},"west":{"uv":[7.5,10.0,8.0,10.25],"tintindex":0,"rotation":0,"texture":"#0"},"up":{"uv":[7.5,10.0,7.0,9.5],"tintindex":0,"rotation":0,"texture":"#0"},"down":{"uv":[8.0,9.5,7.5,10.0],"tintindex":0,"rotation":0,"texture":"#0"}}},{"from":[7.0,13.0,4.0],"to":[9.0,14.0,5.0],"faces":{"east":{"uv":[10.5,3.25,10.75,3.5],"tintindex":0,"rotation":0,"texture":"#0"},"south":{"uv":[11.5,3.25,12.0,3.5],"tintindex":0,"rotation":0,"texture":"#0"},"north":{"uv":[10.75,3.25,11.25,3.5],"tintindex":0,"rotation":0,"texture":"#0"},"west":{"uv":[11.25,3.25,11.5,3.5],"tintindex":0,"rotation":0,"texture":"#0"},"up":{"uv":[11.25,3.25,10.75,3.0],"tintindex":0,"rotation":0,"texture":"#0"},"down":{"uv":[11.75,3.0,11.25,3.25],"tintindex":0,"rotation":0,"texture":"#0"}}},{"from":[7.0,7.0,6.0],"to":[9.0,8.0,9.0],"faces":{"east":{"uv":[10.0,4.25,10.75,4.5],"tintindex":0,"rotation":0,"texture":"#0"},"south":{"uv":[12.0,4.25,12.5,4.5],"tintindex":0,"rotation":0,"texture":"#0"},"north":{"uv":[10.75,4.25,11.25,4.5],"tintindex":0,"rotation":0,"texture":"#0"},"west":{"uv":[11.25,4.25,12.0,4.5],"tintindex":0,"rotation":0,"texture":"#0"},"up":{"uv":[11.25,4.25,10.75,3.5],"tintindex":0,"rotation":0,"texture":"#0"},"down":{"uv":[11.75,3.5,11.25,4.25],"tintindex":0,"rotation":0,"texture":"#0"}}}],"display":{"gui":{"rotation":[30,225,0]}}}