{"textures":{"0":"modelengine:entity/flamingo"},"elements":[{"from":[7.5,3.0,8.0],"to":[8.5,9.0,9.0],"faces":{"east":{"uv":[12.0,3.25,12.25,4.75],"tintindex":0,"rotation":0,"texture":"#0"},"south":{"uv":[12.75,3.25,13.0,4.75],"tintindex":0,"rotation":0,"texture":"#0"},"north":{"uv":[12.25,3.25,12.5,4.75],"tintindex":0,"rotation":0,"texture":"#0"},"west":{"uv":[12.5,3.25,12.75,4.75],"tintindex":0,"rotation":0,"texture":"#0"},"up":{"uv":[12.5,3.25,12.25,3.0],"tintindex":0,"rotation":0,"texture":"#0"},"down":{"uv":[12.75,3.0,12.5,3.25],"tintindex":0,"rotation":0,"texture":"#0"}}},{"from":[7.3,0.8,7.8],"to":[8.7,3.2,9.2],"faces":{"east":{"uv":[10.5,0.25,10.75,0.75],"tintindex":0,"rotation":0,"texture":"#0"},"south":{"uv":[11.25,0.25,11.5,0.75],"tintindex":0,"rotation":0,"texture":"#0"},"north":{"uv":[10.75,0.25,11.0,0.75],"tintindex":0,"rotation":0,"texture":"#0"},"west":{"uv":[11.0,0.25,11.25,0.75],"tintindex":0,"rotation":0,"texture":"#0"},"up":{"uv":[11.0,0.25,10.75,0.0],"tintindex":0,"rotation":0,"texture":"#0"},"down":{"uv":[11.25,0.0,11.0,0.25],"tintindex":0,"rotation":0,"texture":"#0"}}}],"display":{"gui":{"rotation":[30,225,0]}}}