{"textures":{"0":"modelengine:entity/duck_mallard"},"elements":[{"from":[6.0,8.505149,0.5000706],"to":[10.0,9.505149,4.5000706],"faces":{"east":{"uv":[9.0,5.25,10.0,5.5],"tintindex":-2,"rotation":0,"texture":"#0"},"south":{"uv":[9.25,2.5,10.25,2.75],"tintindex":-2,"rotation":0,"texture":"#0"},"north":{"uv":[9.0,4.75,10.0,5.0],"tintindex":-2,"rotation":0,"texture":"#0"},"west":{"uv":[9.25,3.0,10.25,3.25],"tintindex":-2,"rotation":0,"texture":"#0"},"up":{"uv":[9.25,9.5,8.25,8.5],"tintindex":-2,"rotation":0,"texture":"#0"},"down":{"uv":[1.0,8.75,0.0,9.75],"tintindex":-2,"rotation":0,"texture":"#0"}}},{"from":[5.0,7.489702,3.9998589],"to":[11.0,12.489702,9.999859],"faces":{"east":{"uv":[0.0,6.0,1.5,7.25],"tintindex":-2,"rotation":0,"texture":"#0"},"south":{"uv":[6.0,0.0,7.5,1.25],"tintindex":-2,"rotation":0,"texture":"#0"},"north":{"uv":[5.5,4.75,7.0,6.0],"tintindex":-2,"rotation":0,"texture":"#0"},"west":{"uv":[1.75,6.0,3.25,7.25],"tintindex":-2,"rotation":0,"texture":"#0"},"up":{"uv":[3.5,5.75,2.0,4.25],"tintindex":-2,"rotation":0,"texture":"#0"},"down":{"uv":[5.25,4.25,3.75,5.75],"tintindex":-2,"rotation":0,"texture":"#0"}}}],"display":{"gui":{"rotation":[30,225,0]}}}