{"textures":{"0":"modelengine:entity/duck_mallard"},"elements":[{"from":[6.0,7.0,4.0],"to":[10.0,8.0,8.0],"faces":{"east":{"uv":[9.5,0.0,10.5,0.25],"tintindex":-2,"rotation":0,"texture":"#0"},"south":{"uv":[9.5,0.5,10.5,0.75],"tintindex":-2,"rotation":0,"texture":"#0"},"north":{"uv":[9.25,3.5,10.25,3.75],"tintindex":-2,"rotation":0,"texture":"#0"},"west":{"uv":[2.5,9.5,3.5,9.75],"tintindex":-2,"rotation":0,"texture":"#0"},"up":{"uv":[2.25,9.75,1.25,8.75],"tintindex":-2,"rotation":0,"texture":"#0"},"down":{"uv":[9.75,1.25,8.75,2.25],"tintindex":-2,"rotation":0,"texture":"#0"}}}],"display":{"gui":{"rotation":[30,225,0]}}}