{"textures":{"0":"modelengine:entity/duck_mallard"},"elements":[{"from":[7.75,5.0,13.0],"to":[7.75,9.0,19.0],"faces":{"east":{"uv":[7.25,4.75,8.75,5.75],"tintindex":-2,"rotation":0,"texture":"#0"},"west":{"uv":[0.0,7.5,1.5,8.5],"tintindex":-2,"rotation":0,"texture":"#0"}}},{"from":[7.75,5.0,7.0],"to":[8.75,9.0,13.0],"faces":{"east":{"uv":[6.5,6.25,8.0,7.25],"tintindex":-2,"rotation":0,"texture":"#0"},"south":{"uv":[6.0,9.0,6.25,10.0],"tintindex":-2,"rotation":0,"texture":"#0"},"north":{"uv":[5.5,9.0,5.75,10.0],"tintindex":-2,"rotation":0,"texture":"#0"},"west":{"uv":[7.0,1.5,8.5,2.5],"tintindex":-2,"rotation":0,"texture":"#0"},"up":{"uv":[6.75,10.25,6.5,8.75],"tintindex":-2,"rotation":0,"texture":"#0"},"down":{"uv":[7.25,8.75,7.0,10.25],"tintindex":-2,"rotation":0,"texture":"#0"}}}],"display":{"gui":{"rotation":[30,225,0]}}}