{"textures":{"0":"modelengine:entity/duck_mallard"},"elements":[{"from":[5.5,7.8720875,4.169587],"to":[10.5,11.8720875,9.169587],"faces":{"east":{"uv":[5.0,7.75,6.25,8.75],"tintindex":-2,"rotation":0,"texture":"#0"},"south":{"uv":[8.25,6.0,9.5,7.0],"tintindex":-2,"rotation":0,"texture":"#0"},"north":{"uv":[3.5,7.5,4.75,8.5],"tintindex":-2,"rotation":0,"texture":"#0"},"west":{"uv":[8.25,7.25,9.5,8.25],"tintindex":-2,"rotation":0,"texture":"#0"},"up":{"uv":[4.75,7.25,3.5,6.0],"tintindex":-2,"rotation":0,"texture":"#0"},"down":{"uv":[6.25,6.25,5.0,7.5],"tintindex":-2,"rotation":0,"texture":"#0"}},"rotation":{"origin":[8.0,10.8720875,8.169587],"angle":-22.5,"axis":"x"}}],"display":{"gui":{"rotation":[30,225,0]}}}