{"textures":{"0":"modelengine:entity/duck_mallard"},"elements":[{"from":[8.25,5.0,13.0],"to":[8.25,9.0,19.0],"faces":{"east":{"uv":[6.5,7.5,8.0,8.5],"tintindex":-2,"rotation":0,"texture":"#0"},"west":{"uv":[7.75,0.0,9.25,1.0],"tintindex":-2,"rotation":0,"texture":"#0"}}},{"from":[7.25,5.0,7.0],"to":[8.25,9.0,13.0],"faces":{"east":{"uv":[1.75,7.5,3.25,8.5],"tintindex":-2,"rotation":0,"texture":"#0"},"south":{"uv":[9.5,8.5,9.75,9.5],"tintindex":-2,"rotation":0,"texture":"#0"},"north":{"uv":[4.5,9.5,4.75,10.5],"tintindex":-2,"rotation":0,"texture":"#0"},"west":{"uv":[7.5,2.75,9.0,3.75],"tintindex":-2,"rotation":0,"texture":"#0"},"up":{"uv":[7.75,10.25,7.5,8.75],"tintindex":-2,"rotation":0,"texture":"#0"},"down":{"uv":[5.25,9.0,5.0,10.5],"tintindex":-2,"rotation":0,"texture":"#0"}}}],"display":{"gui":{"rotation":[30,225,0]}}}