{"textures":{"0":"modelengine:entity/duck_mallard"},"elements":[{"from":[4.5,6.0221076,2.0949593],"to":[11.5,12.022107,11.094959],"faces":{"east":{"uv":[0.0,2.5,2.25,4.0],"tintindex":-2,"rotation":0,"texture":"#0"},"south":{"uv":[0.0,4.25,1.75,5.75],"tintindex":-2,"rotation":0,"texture":"#0"},"north":{"uv":[4.0,0.0,5.75,1.5],"tintindex":-2,"rotation":0,"texture":"#0"},"west":{"uv":[2.5,2.5,4.75,4.0],"tintindex":-2,"rotation":0,"texture":"#0"},"up":{"uv":[1.75,2.25,0.0,0.0],"tintindex":-2,"rotation":0,"texture":"#0"},"down":{"uv":[3.75,0.0,2.0,2.25],"tintindex":-2,"rotation":0,"texture":"#0"}}},{"from":[4.5,12.977892,10.905041],"to":[11.5,12.977892,15.905041],"faces":{"up":{"uv":[6.75,3.0,5.0,1.75],"tintindex":-2,"rotation":0,"texture":"#0"},"down":{"uv":[7.25,3.25,5.5,4.5],"tintindex":-2,"rotation":0,"texture":"#0"}},"rotation":{"origin":[8.0,12.977892,13.405041],"angle":-22.5,"axis":"x"}}],"display":{"gui":{"rotation":[30,225,0]}}}