{"textures":{"0":"modelengine:entity/garbage_truck_balloon"},"elements":[{"from":[-1.0,10.0,-2.0],"to":[7.0,18.0,10.0],"faces":{"east":{"uv":[3.0,0.0,0.0,2.0],"tintindex":-2,"rotation":0,"texture":"#0"},"south":{"uv":[4.5,4.0,6.5,6.0],"tintindex":-2,"rotation":0,"texture":"#0"},"north":{"uv":[4.25,2.0,6.25,4.0],"tintindex":-2,"rotation":0,"texture":"#0"},"west":{"uv":[0.0,0.0,3.0,2.0],"tintindex":-2,"rotation":0,"texture":"#0"},"up":{"uv":[2.0,5.0,0.0,2.0],"tintindex":-2,"rotation":0,"texture":"#0"},"down":{"uv":[2.0,5.0,0.0,2.0],"tintindex":-2,"rotation":0,"texture":"#0"}}},{"from":[-4.0,4.0,1.0],"to":[-1.0,8.0,5.0],"faces":{"east":{"uv":[6.5,4.75,7.5,5.75],"tintindex":-2,"rotation":0,"texture":"#0"},"south":{"uv":[5.5,8.25,4.75,7.25],"tintindex":-2,"rotation":0,"texture":"#0"},"north":{"uv":[4.75,8.25,5.5,7.25],"tintindex":-2,"rotation":0,"texture":"#0"},"west":{"uv":[6.5,4.75,7.5,5.75],"tintindex":-2,"rotation":0,"texture":"#0"},"up":{"uv":[6.25,8.25,5.5,7.25],"tintindex":-2,"rotation":0,"texture":"#0"},"down":{"uv":[8.25,1.25,7.5,2.25],"tintindex":-2,"rotation":0,"texture":"#0"}},"rotation":{"origin":[3.0,6.0,8.0],"angle":-22.5,"axis":"z"}},{"from":[-2.0,8.0,-3.0],"to":[8.0,10.0,2.0],"faces":{"east":{"uv":[7.5,2.25,8.75,2.75],"tintindex":-2,"rotation":0,"texture":"#0"},"south":{"uv":[5.0,3.0,6.0,4.0],"tintindex":-2,"rotation":0,"texture":"#0"},"north":{"uv":[6.5,3.75,9.0,4.25],"tintindex":-2,"rotation":0,"texture":"#0"},"west":{"uv":[8.75,2.25,7.5,2.75],"tintindex":-2,"rotation":0,"texture":"#0"},"up":{"uv":[7.75,1.25,5.25,0.0],"tintindex":-2,"rotation":0,"texture":"#0"},"down":{"uv":[7.75,1.25,5.25,0.0],"tintindex":-2,"rotation":0,"texture":"#0"}},"rotation":{"origin":[3.0,8.0,2.0],"angle":22.5,"axis":"x"}},{"from":[-1.5,11.0,9.0],"to":[7.5,19.0,12.0],"faces":{"east":{"uv":[6.25,6.0,7.0,8.0],"tintindex":-2,"rotation":0,"texture":"#0"},"south":{"uv":[3.0,0.0,5.25,2.0],"tintindex":-2,"rotation":0,"texture":"#0"},"north":{"uv":[2.0,2.0,4.25,4.0],"tintindex":-2,"rotation":0,"texture":"#0"},"west":{"uv":[7.0,6.0,6.25,8.0],"tintindex":-2,"rotation":0,"texture":"#0"},"up":{"uv":[7.5,2.0,5.25,1.25],"tintindex":-2,"rotation":0,"texture":"#0"},"down":{"uv":[5.25,1.25,7.5,2.0],"tintindex":-2,"rotation":0,"texture":"#0"}},"rotation":{"origin":[3.0,18.0,10.0],"angle":-22.5,"axis":"x"}},{"from":[0.0,10.0,-7.0],"to":[6.0,16.0,-2.0],"faces":{"east":{"uv":[4.75,6.0,3.5,7.5],"tintindex":-2,"rotation":0,"texture":"#0"},"south":{"uv":[5.0,3.0,6.0,4.0],"tintindex":-2,"rotation":0,"texture":"#0"},"north":{"uv":[2.0,5.75,3.5,7.25],"tintindex":-2,"rotation":0,"texture":"#0"},"west":{"uv":[3.5,6.0,4.75,7.5],"tintindex":-2,"rotation":0,"texture":"#0"},"up":{"uv":[6.25,7.25,4.75,6.0],"tintindex":-2,"rotation":0,"texture":"#0"},"down":{"uv":[5.0,3.0,6.0,4.0],"tintindex":-2,"rotation":0,"texture":"#0"}}},{"from":[7.0,5.0,-6.8999996],"to":[10.0,10.0,-1.8999996],"faces":{"east":{"uv":[7.5,2.0,6.25,3.25],"tintindex":-2,"rotation":0,"texture":"#0"},"south":{"uv":[0.75,6.75,0.0,8.0],"tintindex":-2,"rotation":0,"texture":"#0"},"north":{"uv":[0.75,6.75,0.0,8.0],"tintindex":-2,"rotation":0,"texture":"#0"},"west":{"uv":[7.5,2.0,6.25,3.25],"tintindex":-2,"rotation":0,"texture":"#0"},"up":{"uv":[0.75,8.0,1.5,6.75],"tintindex":-2,"rotation":0,"texture":"#0"},"down":{"uv":[7.0,5.75,7.75,7.0],"tintindex":-2,"rotation":0,"texture":"#0"}},"rotation":{"origin":[3.0,7.0,-6.8999996],"angle":22.5,"axis":"z"}},{"from":[-1.0,8.0,-8.0],"to":[7.0,10.0,-1.0],"faces":{"east":{"uv":[7.0,7.0,8.75,7.5],"tintindex":-2,"rotation":0,"texture":"#0"},"south":{"uv":[6.5,4.25,8.5,4.75],"tintindex":-2,"rotation":0,"texture":"#0"},"north":{"uv":[6.5,4.25,8.5,4.75],"tintindex":-2,"rotation":0,"texture":"#0"},"west":{"uv":[8.75,7.0,7.0,7.5],"tintindex":-2,"rotation":0,"texture":"#0"},"up":{"uv":[2.0,6.75,0.0,5.0],"tintindex":-2,"rotation":0,"texture":"#0"},"down":{"uv":[2.0,6.75,0.0,5.0],"tintindex":-2,"rotation":0,"texture":"#0"}}},{"from":[-4.0,5.0,-6.8999996],"to":[-1.0,10.0,-1.8999996],"faces":{"east":{"uv":[6.25,2.0,7.5,3.25],"tintindex":-2,"rotation":0,"texture":"#0"},"south":{"uv":[0.0,6.75,0.75,8.0],"tintindex":-2,"rotation":0,"texture":"#0"},"north":{"uv":[0.0,6.75,0.75,8.0],"tintindex":-2,"rotation":0,"texture":"#0"},"west":{"uv":[6.25,2.0,7.5,3.25],"tintindex":-2,"rotation":0,"texture":"#0"},"up":{"uv":[1.5,8.0,0.75,6.75],"tintindex":-2,"rotation":0,"texture":"#0"},"down":{"uv":[7.75,5.75,7.0,7.0],"tintindex":-2,"rotation":0,"texture":"#0"}},"rotation":{"origin":[3.0,7.0,-6.8999996],"angle":-22.5,"axis":"z"}},{"from":[7.0,4.0,1.0],"to":[10.0,8.0,5.0],"faces":{"east":{"uv":[7.5,4.75,6.5,5.75],"tintindex":-2,"rotation":0,"texture":"#0"},"south":{"uv":[4.75,8.25,5.5,7.25],"tintindex":-2,"rotation":0,"texture":"#0"},"north":{"uv":[5.5,8.25,4.75,7.25],"tintindex":-2,"rotation":0,"texture":"#0"},"west":{"uv":[7.5,4.75,6.5,5.75],"tintindex":-2,"rotation":0,"texture":"#0"},"up":{"uv":[5.5,8.25,6.25,7.25],"tintindex":-2,"rotation":0,"texture":"#0"},"down":{"uv":[7.5,1.25,8.25,2.25],"tintindex":-2,"rotation":0,"texture":"#0"}},"rotation":{"origin":[3.0,6.0,8.0],"angle":22.5,"axis":"z"}},{"from":[-2.0,8.0,2.0],"to":[8.0,10.0,9.0],"faces":{"east":{"uv":[7.0,7.0,8.75,7.5],"tintindex":-2,"rotation":0,"texture":"#0"},"south":{"uv":[6.25,3.25,8.75,3.75],"tintindex":-2,"rotation":0,"texture":"#0"},"north":{"uv":[5.0,3.0,6.0,4.0],"tintindex":-2,"rotation":0,"texture":"#0"},"west":{"uv":[8.75,7.0,7.0,7.5],"tintindex":-2,"rotation":0,"texture":"#0"},"up":{"uv":[4.5,5.75,2.0,4.0],"tintindex":-2,"rotation":0,"texture":"#0"},"down":{"uv":[4.5,5.75,2.0,4.0],"tintindex":-2,"rotation":0,"texture":"#0"}}},{"from":[7.0,4.0,6.0],"to":[10.0,8.0,10.0],"faces":{"east":{"uv":[7.5,4.75,6.5,5.75],"tintindex":-2,"rotation":0,"texture":"#0"},"south":{"uv":[4.75,8.25,5.5,7.25],"tintindex":-2,"rotation":0,"texture":"#0"},"north":{"uv":[5.5,8.25,4.75,7.25],"tintindex":-2,"rotation":0,"texture":"#0"},"west":{"uv":[7.5,4.75,6.5,5.75],"tintindex":-2,"rotation":0,"texture":"#0"},"up":{"uv":[5.5,8.25,6.25,7.25],"tintindex":-2,"rotation":0,"texture":"#0"},"down":{"uv":[7.5,1.25,8.25,2.25],"tintindex":-2,"rotation":0,"texture":"#0"}},"rotation":{"origin":[3.0,6.0,8.0],"angle":22.5,"axis":"z"}},{"from":[-4.0,4.0,6.0],"to":[-1.0,8.0,10.0],"faces":{"east":{"uv":[6.5,4.75,7.5,5.75],"tintindex":-2,"rotation":0,"texture":"#0"},"south":{"uv":[5.5,8.25,4.75,7.25],"tintindex":-2,"rotation":0,"texture":"#0"},"north":{"uv":[4.75,8.25,5.5,7.25],"tintindex":-2,"rotation":0,"texture":"#0"},"west":{"uv":[6.5,4.75,7.5,5.75],"tintindex":-2,"rotation":0,"texture":"#0"},"up":{"uv":[6.25,8.25,5.5,7.25],"tintindex":-2,"rotation":0,"texture":"#0"},"down":{"uv":[8.25,1.25,7.5,2.25],"tintindex":-2,"rotation":0,"texture":"#0"}},"rotation":{"origin":[3.0,6.0,8.0],"angle":-22.5,"axis":"z"}}],"display":{"gui":{"rotation":[30,225,0]}}}