{"textures":{"0":"modelengine:entity/nm_dragonfly_texture"},"elements":[{"from":[3.5749998,8.25,8.15],"to":[8.575,8.25,10.15],"faces":{"up":{"uv":[0.0,6.0,5.0,4.0],"tintindex":-2,"rotation":0,"texture":"#0"},"down":{"uv":[0.0,4.0,5.0,6.0],"tintindex":-2,"rotation":0,"texture":"#0"}},"rotation":{"origin":[5.5,8.25,9.0],"angle":22.5,"axis":"y"}},{"from":[3.25,8.0,6.0],"to":[8.25,8.0,8.0],"faces":{"up":{"uv":[0.0,2.0,5.0,0.0],"tintindex":-2,"rotation":0,"texture":"#0"},"down":{"uv":[0.0,0.0,5.0,2.0],"tintindex":-2,"rotation":0,"texture":"#0"}}}],"display":{"gui":{"rotation":[30,225,0]}}}