{"textures":{"0":"modelengine:entity/nm_dragonfly_texture"},"elements":[{"from":[7.0,7.025,5.0],"to":[9.0,8.025,6.0],"faces":{"east":{"uv":[7.0,6.0,8.0,7.0],"tintindex":-2,"rotation":0,"texture":"#0"},"south":{"uv":[7.0,3.0,9.0,4.0],"tintindex":-2,"rotation":0,"texture":"#0"},"north":{"uv":[2.0,7.0,4.0,8.0],"tintindex":-2,"rotation":0,"texture":"#0"},"west":{"uv":[7.0,7.0,8.0,8.0],"tintindex":-2,"rotation":0,"texture":"#0"},"up":{"uv":[6.0,8.0,4.0,7.0],"tintindex":-2,"rotation":0,"texture":"#0"},"down":{"uv":[9.0,4.0,7.0,5.0],"tintindex":-2,"rotation":0,"texture":"#0"}}},{"from":[7.5,7.025,6.0],"to":[8.5,8.025,10.0],"faces":{"east":{"uv":[1.0,6.0,5.0,7.0],"tintindex":-2,"rotation":0,"texture":"#0"},"south":{"uv":[6.0,7.0,7.0,8.0],"tintindex":-2,"rotation":0,"texture":"#0"},"north":{"uv":[7.0,5.0,8.0,6.0],"tintindex":-2,"rotation":0,"texture":"#0"},"west":{"uv":[6.0,2.0,10.0,3.0],"tintindex":-2,"rotation":0,"texture":"#0"},"up":{"uv":[7.0,7.0,6.0,3.0],"tintindex":-2,"rotation":0,"texture":"#0"},"down":{"uv":[2.0,7.0,1.0,11.0],"tintindex":-2,"rotation":0,"texture":"#0"}}}],"display":{"gui":{"rotation":[30,225,0]}}}