{"textures":{"0":"modelengine:entity/nm_bison_baby_texture"},"elements":[{"from":[6.0,-3.0,6.0],"to":[10.0,9.0,10.0],"faces":{"east":{"uv":[0.0,6.125,0.5,7.625],"tintindex":-2,"rotation":0,"texture":"#0"},"south":{"uv":[0.5,6.125,1.0,7.625],"tintindex":-2,"rotation":0,"texture":"#0"},"north":{"uv":[1.75,3.0,2.25,4.5],"tintindex":-2,"rotation":0,"texture":"#0"},"west":{"uv":[1.0,6.125,1.5,7.625],"tintindex":-2,"rotation":0,"texture":"#0"},"up":{"uv":[2.25,5.0,1.75,4.5],"tintindex":-2,"rotation":0,"texture":"#0"},"down":{"uv":[3.5,5.0,3.0,5.5],"tintindex":-2,"rotation":0,"texture":"#0"}}}],"display":{"gui":{"rotation":[30,225,0]}}}