{"textures":{"0":"modelengine:entity/nm_bison_baby_texture"},"elements":[{"from":[6.0,-3.0,6.0],"to":[10.0,9.0,10.0],"faces":{"east":{"uv":[2.0,6.5,2.5,8.0],"tintindex":-2,"rotation":0,"texture":"#0"},"south":{"uv":[2.5,6.5,3.0,8.0],"tintindex":-2,"rotation":0,"texture":"#0"},"north":{"uv":[1.5,6.5,2.0,8.0],"tintindex":-2,"rotation":0,"texture":"#0"},"west":{"uv":[6.5,3.125,7.0,4.625],"tintindex":-2,"rotation":0,"texture":"#0"},"up":{"uv":[7.125,7.125,6.625,6.625],"tintindex":-2,"rotation":0,"texture":"#0"},"down":{"uv":[7.25,1.5,6.75,2.0],"tintindex":-2,"rotation":0,"texture":"#0"}}}],"display":{"gui":{"rotation":[30,225,0]}}}