{"textures":{"0":"modelengine:entity/ca-goose"},"elements":[{"from":[6.0,7.0,3.0],"to":[10.0,10.0,4.0],"faces":{"east":{"uv":[7.25,10.25,7.5,11.0],"tintindex":0,"rotation":0,"texture":"#0"},"south":{"uv":[8.0,6.0,9.0,6.75],"tintindex":0,"rotation":0,"texture":"#0"},"north":{"uv":[5.25,8.0,6.25,8.75],"tintindex":0,"rotation":0,"texture":"#0"},"west":{"uv":[7.5,10.25,7.75,11.0],"tintindex":0,"rotation":0,"texture":"#0"},"up":{"uv":[10.75,8.25,9.75,8.0],"tintindex":0,"rotation":0,"texture":"#0"},"down":{"uv":[9.75,9.75,8.75,10.0],"tintindex":0,"rotation":0,"texture":"#0"}}},{"from":[6.0,6.0,4.0],"to":[10.0,7.0,8.0],"faces":{"east":{"uv":[5.75,10.0,6.75,10.25],"tintindex":0,"rotation":0,"texture":"#0"},"south":{"uv":[10.0,6.0,11.0,6.25],"tintindex":0,"rotation":0,"texture":"#0"},"north":{"uv":[10.0,4.25,11.0,4.5],"tintindex":0,"rotation":0,"texture":"#0"},"west":{"uv":[10.0,6.25,11.0,6.5],"tintindex":0,"rotation":0,"texture":"#0"},"up":{"uv":[3.5,8.25,2.5,7.25],"tintindex":0,"rotation":0,"texture":"#0"},"down":{"uv":[7.25,7.25,6.25,8.25],"tintindex":0,"rotation":0,"texture":"#0"}}},{"from":[6.0,7.0,4.0],"to":[10.0,10.0,9.0],"faces":{"east":{"uv":[7.25,7.25,8.5,8.0],"tintindex":0,"rotation":0,"texture":"#0"},"south":{"uv":[8.0,1.0,9.0,1.75],"tintindex":0,"rotation":0,"texture":"#0"},"north":{"uv":[8.0,0.25,9.0,1.0],"tintindex":0,"rotation":0,"texture":"#0"},"west":{"uv":[0.0,7.75,1.25,8.5],"tintindex":0,"rotation":0,"texture":"#0"},"up":{"uv":[8.0,1.25,7.0,0.0],"tintindex":0,"rotation":0,"texture":"#0"},"down":{"uv":[5.25,7.0,4.25,8.25],"tintindex":0,"rotation":0,"texture":"#0"}}},{"from":[7.0039997,7.0040007,0.0039998554],"to":[8.996,7.9959993,2.996],"faces":{"east":{"uv":[10.0,6.5,10.75,6.75],"tintindex":0,"rotation":0,"texture":"#0"},"south":{"uv":[10.5,0.25,11.0,0.5],"tintindex":0,"rotation":0,"texture":"#0"},"north":{"uv":[0.25,10.5,0.75,10.75],"tintindex":0,"rotation":0,"texture":"#0"},"west":{"uv":[10.0,7.75,10.75,8.0],"tintindex":0,"rotation":0,"texture":"#0"},"up":{"uv":[9.0,8.0,8.5,7.25],"tintindex":0,"rotation":0,"texture":"#0"},"down":{"uv":[6.25,8.75,5.75,9.5],"tintindex":0,"rotation":0,"texture":"#0"}}},{"from":[7.0,8.0,1.0],"to":[9.0,9.0,3.0],"faces":{"east":{"uv":[0.25,10.75,0.75,11.0],"tintindex":0,"rotation":0,"texture":"#0"},"south":{"uv":[0.75,10.75,1.25,11.0],"tintindex":0,"rotation":0,"texture":"#0"},"north":{"uv":[10.5,10.5,11.0,10.75],"tintindex":0,"rotation":0,"texture":"#0"},"west":{"uv":[1.25,10.75,1.75,11.0],"tintindex":0,"rotation":0,"texture":"#0"},"up":{"uv":[10.25,10.0,9.75,9.5],"tintindex":0,"rotation":0,"texture":"#0"},"down":{"uv":[0.5,10.0,0.0,10.5],"tintindex":0,"rotation":0,"texture":"#0"}}},{"from":[6.0,10.0,4.0],"to":[10.0,11.0,8.0],"faces":{"east":{"uv":[1.5,10.0,2.5,10.25],"tintindex":0,"rotation":0,"texture":"#0"},"south":{"uv":[3.0,10.0,4.0,10.25],"tintindex":0,"rotation":0,"texture":"#0"},"north":{"uv":[9.75,9.0,10.75,9.25],"tintindex":0,"rotation":0,"texture":"#0"},"west":{"uv":[10.0,4.0,11.0,4.25],"tintindex":0,"rotation":0,"texture":"#0"},"up":{"uv":[8.0,2.25,7.0,1.25],"tintindex":0,"rotation":0,"texture":"#0"},"down":{"uv":[6.25,7.0,5.25,8.0],"tintindex":0,"rotation":0,"texture":"#0"}}}],"display":{"gui":{"rotation":[30,225,0]}}}