{"textures":{"0":"modelengine:entity/ca-goose"},"elements":[{"from":[7.0039997,3.004,7.0039997],"to":[7.9960003,6.9960003,7.9960003],"faces":{"east":{"uv":[6.5,10.25,6.75,11.0],"tintindex":0,"rotation":0,"texture":"#0"},"south":{"uv":[6.75,10.25,7.0,11.0],"tintindex":0,"rotation":0,"texture":"#0"},"north":{"uv":[6.25,10.25,6.5,11.0],"tintindex":0,"rotation":0,"texture":"#0"},"west":{"uv":[7.0,10.25,7.25,11.0],"tintindex":0,"rotation":0,"texture":"#0"},"up":{"uv":[11.0,9.25,10.75,9.0],"tintindex":0,"rotation":0,"texture":"#0"},"down":{"uv":[1.0,11.0,0.75,11.25],"tintindex":0,"rotation":0,"texture":"#0"}}},{"from":[6.0,2.0,5.0],"to":[9.0,3.0,8.0],"faces":{"east":{"uv":[3.25,10.25,4.0,10.5],"tintindex":0,"rotation":0,"texture":"#0"},"south":{"uv":[10.25,3.75,11.0,4.0],"tintindex":0,"rotation":0,"texture":"#0"},"north":{"uv":[2.5,10.25,3.25,10.5],"tintindex":0,"rotation":0,"texture":"#0"},"west":{"uv":[10.25,5.0,11.0,5.25],"tintindex":0,"rotation":0,"texture":"#0"},"up":{"uv":[9.0,4.5,8.25,3.75],"tintindex":0,"rotation":0,"texture":"#0"},"down":{"uv":[5.0,8.25,4.25,9.0],"tintindex":0,"rotation":0,"texture":"#0"}}}],"display":{"gui":{"rotation":[30,225,0]}}}