{"textures":{"0":"modelengine:entity/ca-goose"},"elements":[{"from":[7.0,3.0,12.0],"to":[8.0,7.0,14.0],"faces":{"east":{"uv":[0.0,8.5,0.5,9.5],"tintindex":0,"rotation":0,"texture":"#0"},"south":{"uv":[8.75,10.0,9.0,11.0],"tintindex":0,"rotation":0,"texture":"#0"},"north":{"uv":[4.0,9.75,4.25,10.75],"tintindex":0,"rotation":0,"texture":"#0"},"west":{"uv":[0.5,8.5,1.0,9.5],"tintindex":0,"rotation":0,"texture":"#0"},"up":{"uv":[10.75,11.25,10.5,10.75],"tintindex":0,"rotation":0,"texture":"#0"},"down":{"uv":[11.0,10.75,10.75,11.25],"tintindex":0,"rotation":0,"texture":"#0"}}},{"from":[7.0,3.0,5.0],"to":[8.0,8.0,12.0],"faces":{"east":{"uv":[6.5,3.5,8.25,4.75],"tintindex":0,"rotation":0,"texture":"#0"},"south":{"uv":[4.5,9.0,4.75,10.25],"tintindex":0,"rotation":0,"texture":"#0"},"north":{"uv":[4.25,9.0,4.5,10.25],"tintindex":0,"rotation":0,"texture":"#0"},"west":{"uv":[6.5,4.75,8.25,6.0],"tintindex":0,"rotation":0,"texture":"#0"},"up":{"uv":[5.5,10.5,5.25,8.75],"tintindex":0,"rotation":0,"texture":"#0"},"down":{"uv":[5.75,8.75,5.5,10.5],"tintindex":0,"rotation":0,"texture":"#0"}}},{"from":[7.0,4.0,14.0],"to":[8.0,6.0,16.0],"faces":{"east":{"uv":[10.0,7.25,10.5,7.75],"tintindex":0,"rotation":0,"texture":"#0"},"south":{"uv":[0.25,11.0,0.5,11.5],"tintindex":0,"rotation":0,"texture":"#0"},"north":{"uv":[11.0,0.0,11.25,0.5],"tintindex":0,"rotation":0,"texture":"#0"},"west":{"uv":[9.0,10.0,9.5,10.5],"tintindex":0,"rotation":0,"texture":"#0"},"up":{"uv":[0.75,11.5,0.5,11.0],"tintindex":0,"rotation":0,"texture":"#0"},"down":{"uv":[11.25,0.5,11.0,1.0],"tintindex":0,"rotation":0,"texture":"#0"}}},{"from":[7.0,4.0,4.0],"to":[8.0,7.0,5.0],"faces":{"east":{"uv":[10.0,10.25,10.25,11.0],"tintindex":0,"rotation":0,"texture":"#0"},"south":{"uv":[10.25,10.0,10.5,10.75],"tintindex":0,"rotation":0,"texture":"#0"},"north":{"uv":[9.75,10.25,10.0,11.0],"tintindex":0,"rotation":0,"texture":"#0"},"west":{"uv":[0.0,10.5,0.25,11.25],"tintindex":0,"rotation":0,"texture":"#0"},"up":{"uv":[11.25,5.75,11.0,5.5],"tintindex":0,"rotation":0,"texture":"#0"},"down":{"uv":[6.0,11.0,5.75,11.25],"tintindex":0,"rotation":0,"texture":"#0"}}}],"display":{"gui":{"rotation":[30,225,0]}}}