{"textures":{"0":"modelengine:entity/ca-goose"},"elements":[{"from":[7.0,8.0,4.0],"to":[9.0,8.0,7.0],"faces":{"east":{"uv":[10.0,6.5,10.75,6.75],"tintindex":0,"rotation":0,"texture":"#0"},"south":{"uv":[10.5,0.25,11.0,0.5],"tintindex":0,"rotation":0,"texture":"#0"},"north":{"uv":[0.25,10.5,0.75,10.75],"tintindex":0,"rotation":0,"texture":"#0"},"west":{"uv":[10.0,7.75,10.75,8.0],"tintindex":0,"rotation":0,"texture":"#0"},"up":{"uv":[9.0,8.0,8.5,7.25],"tintindex":0,"rotation":0,"texture":"#0"},"down":{"uv":[6.25,8.75,5.75,9.5],"tintindex":0,"rotation":0,"texture":"#0"}}}],"display":{"gui":{"rotation":[30,225,0]}}}