{"textures":{"0":"modelengine:entity/ca-goose"},"elements":[{"from":[7.0,10.0,8.0],"to":[9.0,11.0,9.0],"faces":{"east":{"uv":[11.0,4.0,11.25,4.25],"tintindex":0,"rotation":0,"texture":"#0"},"south":{"uv":[10.5,8.75,11.0,9.0],"tintindex":0,"rotation":0,"texture":"#0"},"north":{"uv":[10.5,8.5,11.0,8.75],"tintindex":0,"rotation":0,"texture":"#0"},"west":{"uv":[4.25,11.0,4.5,11.25],"tintindex":0,"rotation":0,"texture":"#0"},"up":{"uv":[9.5,10.75,9.0,10.5],"tintindex":0,"rotation":0,"texture":"#0"},"down":{"uv":[11.0,9.25,10.5,9.5],"tintindex":0,"rotation":0,"texture":"#0"}}},{"from":[7.0,9.0,7.0],"to":[9.0,10.0,8.0],"faces":{"east":{"uv":[11.0,4.25,11.25,4.5],"tintindex":0,"rotation":0,"texture":"#0"},"south":{"uv":[10.5,9.75,11.0,10.0],"tintindex":0,"rotation":0,"texture":"#0"},"north":{"uv":[10.5,9.5,11.0,9.75],"tintindex":0,"rotation":0,"texture":"#0"},"west":{"uv":[4.5,11.0,4.75,11.25],"tintindex":0,"rotation":0,"texture":"#0"},"up":{"uv":[11.0,10.25,10.5,10.0],"tintindex":0,"rotation":0,"texture":"#0"},"down":{"uv":[11.0,10.25,10.5,10.5],"tintindex":0,"rotation":0,"texture":"#0"}}},{"from":[7.0,9.0,8.0],"to":[9.0,10.0,10.0],"faces":{"east":{"uv":[10.5,7.5,11.0,7.75],"tintindex":0,"rotation":0,"texture":"#0"},"south":{"uv":[7.75,10.5,8.25,10.75],"tintindex":0,"rotation":0,"texture":"#0"},"north":{"uv":[10.5,7.25,11.0,7.5],"tintindex":0,"rotation":0,"texture":"#0"},"west":{"uv":[10.5,8.25,11.0,8.5],"tintindex":0,"rotation":0,"texture":"#0"},"up":{"uv":[7.25,10.25,6.75,9.75],"tintindex":0,"rotation":0,"texture":"#0"},"down":{"uv":[7.75,9.75,7.25,10.25],"tintindex":0,"rotation":0,"texture":"#0"}}},{"from":[7.0,8.0,7.0],"to":[9.0,9.0,9.0],"faces":{"east":{"uv":[5.25,10.5,5.75,10.75],"tintindex":0,"rotation":0,"texture":"#0"},"south":{"uv":[10.5,6.75,11.0,7.0],"tintindex":0,"rotation":0,"texture":"#0"},"north":{"uv":[10.5,4.75,11.0,5.0],"tintindex":0,"rotation":0,"texture":"#0"},"west":{"uv":[10.5,7.0,11.0,7.25],"tintindex":0,"rotation":0,"texture":"#0"},"up":{"uv":[6.5,4.0,6.0,3.5],"tintindex":0,"rotation":0,"texture":"#0"},"down":{"uv":[3.5,9.25,3.0,9.75],"tintindex":0,"rotation":0,"texture":"#0"}}},{"from":[7.0,10.0,9.0],"to":[9.0,14.0,11.0],"faces":{"east":{"uv":[6.25,8.25,6.75,9.25],"tintindex":0,"rotation":0,"texture":"#0"},"south":{"uv":[6.75,8.25,7.25,9.25],"tintindex":0,"rotation":0,"texture":"#0"},"north":{"uv":[3.0,8.25,3.5,9.25],"tintindex":0,"rotation":0,"texture":"#0"},"west":{"uv":[7.25,8.25,7.75,9.25],"tintindex":0,"rotation":0,"texture":"#0"},"up":{"uv":[8.25,10.25,7.75,9.75],"tintindex":0,"rotation":0,"texture":"#0"},"down":{"uv":[8.75,9.75,8.25,10.25],"tintindex":0,"rotation":0,"texture":"#0"}}},{"from":[7.0,7.0,7.0],"to":[9.0,8.0,8.0],"faces":{"east":{"uv":[3.75,11.0,4.0,11.25],"tintindex":0,"rotation":0,"texture":"#0"},"south":{"uv":[3.25,10.5,3.75,10.75],"tintindex":0,"rotation":0,"texture":"#0"},"north":{"uv":[2.75,10.5,3.25,10.75],"tintindex":0,"rotation":0,"texture":"#0"},"west":{"uv":[11.0,3.75,11.25,4.0],"tintindex":0,"rotation":0,"texture":"#0"},"up":{"uv":[11.0,4.75,10.5,4.5],"tintindex":0,"rotation":0,"texture":"#0"},"down":{"uv":[5.25,10.5,4.75,10.75],"tintindex":0,"rotation":0,"texture":"#0"}}}],"display":{"gui":{"rotation":[30,225,0]}}}