{"textures":{"0":"modelengine:entity/ca-goose"},"elements":[{"from":[8.004,5.0039997,7.0039997],"to":[8.996,8.996,7.9960003],"faces":{"east":{"uv":[4.5,10.25,4.75,11.0],"tintindex":0,"rotation":0,"texture":"#0"},"south":{"uv":[5.75,10.25,6.0,11.0],"tintindex":0,"rotation":0,"texture":"#0"},"north":{"uv":[4.25,10.25,4.5,11.0],"tintindex":0,"rotation":0,"texture":"#0"},"west":{"uv":[6.0,10.25,6.25,11.0],"tintindex":0,"rotation":0,"texture":"#0"},"up":{"uv":[6.5,7.25,6.25,7.0],"tintindex":0,"rotation":0,"texture":"#0"},"down":{"uv":[11.0,6.5,10.75,6.75],"tintindex":0,"rotation":0,"texture":"#0"}}},{"from":[7.0,4.0,5.0],"to":[10.0,5.0,8.0],"faces":{"east":{"uv":[1.0,10.25,1.75,10.5],"tintindex":0,"rotation":0,"texture":"#0"},"south":{"uv":[10.25,1.5,11.0,1.75],"tintindex":0,"rotation":0,"texture":"#0"},"north":{"uv":[9.5,10.0,10.25,10.25],"tintindex":0,"rotation":0,"texture":"#0"},"west":{"uv":[1.75,10.25,2.5,10.5],"tintindex":0,"rotation":0,"texture":"#0"},"up":{"uv":[2.25,9.0,1.5,8.25],"tintindex":0,"rotation":0,"texture":"#0"},"down":{"uv":[3.0,8.25,2.25,9.0],"tintindex":0,"rotation":0,"texture":"#0"}}}],"display":{"gui":{"rotation":[30,225,0]}}}