{"textures":{"0":"modelengine:entity/ca-goose"},"elements":[{"from":[8.0,3.0,5.0],"to":[9.0,8.0,12.0],"faces":{"east":{"uv":[6.0,2.25,7.75,3.5],"tintindex":0,"rotation":0,"texture":"#0"},"south":{"uv":[2.75,9.0,3.0,10.25],"tintindex":0,"rotation":0,"texture":"#0"},"north":{"uv":[2.5,9.0,2.75,10.25],"tintindex":0,"rotation":0,"texture":"#0"},"west":{"uv":[2.5,6.0,4.25,7.25],"tintindex":0,"rotation":0,"texture":"#0"},"up":{"uv":[5.25,10.0,5.0,8.25],"tintindex":0,"rotation":0,"texture":"#0"},"down":{"uv":[1.25,8.5,1.0,10.25],"tintindex":0,"rotation":0,"texture":"#0"}}},{"from":[8.0,4.0,14.0],"to":[9.0,6.0,16.0],"faces":{"east":{"uv":[0.5,10.0,1.0,10.5],"tintindex":0,"rotation":0,"texture":"#0"},"south":{"uv":[9.0,10.75,9.25,11.25],"tintindex":0,"rotation":0,"texture":"#0"},"north":{"uv":[8.0,10.75,8.25,11.25],"tintindex":0,"rotation":0,"texture":"#0"},"west":{"uv":[4.75,10.0,5.25,10.5],"tintindex":0,"rotation":0,"texture":"#0"},"up":{"uv":[9.5,11.25,9.25,10.75],"tintindex":0,"rotation":0,"texture":"#0"},"down":{"uv":[10.5,10.75,10.25,11.25],"tintindex":0,"rotation":0,"texture":"#0"}}},{"from":[8.0,4.0,4.0],"to":[9.0,7.0,5.0],"faces":{"east":{"uv":[8.5,10.25,8.75,11.0],"tintindex":0,"rotation":0,"texture":"#0"},"south":{"uv":[10.25,9.25,10.5,10.0],"tintindex":0,"rotation":0,"texture":"#0"},"north":{"uv":[10.25,8.25,10.5,9.0],"tintindex":0,"rotation":0,"texture":"#0"},"west":{"uv":[9.5,10.25,9.75,11.0],"tintindex":0,"rotation":0,"texture":"#0"},"up":{"uv":[11.25,5.5,11.0,5.25],"tintindex":0,"rotation":0,"texture":"#0"},"down":{"uv":[5.75,11.0,5.5,11.25],"tintindex":0,"rotation":0,"texture":"#0"}}},{"from":[8.0,3.0,12.0],"to":[9.0,7.0,14.0],"faces":{"east":{"uv":[7.75,8.25,8.25,9.25],"tintindex":0,"rotation":0,"texture":"#0"},"south":{"uv":[4.75,9.0,5.0,10.0],"tintindex":0,"rotation":0,"texture":"#0"},"north":{"uv":[4.25,6.0,4.5,7.0],"tintindex":0,"rotation":0,"texture":"#0"},"west":{"uv":[8.25,8.25,8.75,9.25],"tintindex":0,"rotation":0,"texture":"#0"},"up":{"uv":[8.0,11.25,7.75,10.75],"tintindex":0,"rotation":0,"texture":"#0"},"down":{"uv":[11.0,7.75,10.75,8.25],"tintindex":0,"rotation":0,"texture":"#0"}}}],"display":{"gui":{"rotation":[30,225,0]}}}