{"textures":{"0":"modelengine:entity/iron_swords_2"},"elements":[{"from":[7.0,-7.0,7.0],"to":[9.0,1.0,9.0],"faces":{"east":{"uv":[10.0,12.0,9.0,16.0],"tintindex":-2,"rotation":0,"texture":"#0"},"south":{"uv":[9.0,12.0,10.0,16.0],"tintindex":-2,"rotation":0,"texture":"#0"},"north":{"uv":[9.0,12.0,10.0,16.0],"tintindex":-2,"rotation":0,"texture":"#0"},"west":{"uv":[9.0,12.0,10.0,16.0],"tintindex":-2,"rotation":0,"texture":"#0"},"up":{"uv":[14.0,3.5,15.0,4.5],"tintindex":-2,"rotation":0,"texture":"#0"},"down":{"uv":[14.0,3.5,15.0,4.5],"tintindex":-2,"rotation":0,"texture":"#0"}}},{"from":[7.99,1.8900001,3.49],"to":[11.01,2.91,4.51],"faces":{"south":{"uv":[4.0,1.5,5.5,2.0],"tintindex":-2,"rotation":0,"texture":"#0"},"north":{"uv":[5.5,1.5,4.0,2.0],"tintindex":-2,"rotation":0,"texture":"#0"},"west":{"uv":[10.5,0.0,11.0,0.5],"tintindex":-2,"rotation":0,"texture":"#0"},"up":{"uv":[5.5,2.0,4.0,1.5],"tintindex":-2,"rotation":180,"texture":"#0"},"down":{"uv":[5.5,2.0,4.0,1.5],"tintindex":-2,"rotation":180,"texture":"#0"}},"rotation":{"origin":[8.0,2.9,6.5],"angle":-45.0,"axis":"y"}},{"from":[4.99,1.8900001,3.49],"to":[8.01,2.91,4.51],"faces":{"east":{"uv":[8.5,0.0,8.0,0.5],"tintindex":-2,"rotation":0,"texture":"#0"},"south":{"uv":[6.5,0.0,8.0,0.5],"tintindex":-2,"rotation":0,"texture":"#0"},"north":{"uv":[8.0,0.0,6.5,0.5],"tintindex":-2,"rotation":0,"texture":"#0"},"up":{"uv":[14.0,3.5,15.5,4.0],"tintindex":-2,"rotation":0,"texture":"#0"},"down":{"uv":[7.5,0.0,9.0,0.5],"tintindex":-2,"rotation":180,"texture":"#0"}},"rotation":{"origin":[8.0,2.9,6.5],"angle":45.0,"axis":"y"}},{"from":[7.99,1.8900001,11.49],"to":[11.01,2.91,12.51],"faces":{"south":{"uv":[8.0,0.0,6.5,0.5],"tintindex":-2,"rotation":0,"texture":"#0"},"north":{"uv":[6.5,0.0,8.0,0.5],"tintindex":-2,"rotation":0,"texture":"#0"},"west":{"uv":[8.5,0.0,8.0,0.5],"tintindex":-2,"rotation":0,"texture":"#0"},"up":{"uv":[14.0,3.5,15.5,4.0],"tintindex":-2,"rotation":180,"texture":"#0"},"down":{"uv":[7.5,0.0,9.0,0.5],"tintindex":-2,"rotation":0,"texture":"#0"}},"rotation":{"origin":[8.0,2.9,9.5],"angle":45.0,"axis":"y"}},{"from":[11.24,1.8900001,6.49],"to":[12.26,2.91,9.51],"faces":{"east":{"uv":[5.5,0.5,4.0,1.0],"tintindex":-2,"rotation":0,"texture":"#0"},"west":{"uv":[4.0,0.5,5.5,1.0],"tintindex":-2,"rotation":0,"texture":"#0"},"up":{"uv":[14.0,3.5,14.5,5.0],"tintindex":-2,"rotation":180,"texture":"#0"},"down":{"uv":[6.0,0.5,7.5,1.0],"tintindex":-2,"rotation":270,"texture":"#0"}}},{"from":[3.74,1.8900001,6.49],"to":[4.76,2.91,9.51],"faces":{"east":{"uv":[4.0,0.5,5.5,1.0],"tintindex":-2,"rotation":0,"texture":"#0"},"west":{"uv":[5.5,0.5,4.0,1.0],"tintindex":-2,"rotation":0,"texture":"#0"},"up":{"uv":[14.0,3.5,14.5,5.0],"tintindex":-2,"rotation":0,"texture":"#0"},"down":{"uv":[6.0,0.5,7.5,1.0],"tintindex":-2,"rotation":90,"texture":"#0"}}},{"from":[6.9,1.8000001,10.299999],"to":[8.1,3.0,11.5],"faces":{"east":{"uv":[9.0,0.0,9.5,0.5],"tintindex":-2,"rotation":0,"texture":"#0"},"south":{"uv":[9.5,0.0,9.0,0.5],"tintindex":-2,"rotation":0,"texture":"#0"},"north":{"uv":[9.5,0.0,9.0,0.5],"tintindex":-2,"rotation":0,"texture":"#0"},"west":{"uv":[9.5,0.0,9.0,0.5],"tintindex":-2,"rotation":0,"texture":"#0"},"up":{"uv":[9.0,0.5,9.5,0.0],"tintindex":-2,"rotation":0,"texture":"#0"},"down":{"uv":[9.5,0.0,9.0,0.5],"tintindex":-2,"rotation":90,"texture":"#0"}},"rotation":{"origin":[8.0,2.9,9.5],"angle":-45.0,"axis":"y"}},{"from":[7.49,-9.01,6.99],"to":[8.51,-5.99,9.01],"faces":{"east":{"uv":[15.0,8.5,16.0,7.0],"tintindex":-2,"rotation":0,"texture":"#0"},"south":{"uv":[15.0,5.0,15.5,6.5],"tintindex":-2,"rotation":0,"texture":"#0"},"north":{"uv":[15.5,8.5,16.0,7.0],"tintindex":-2,"rotation":0,"texture":"#0"},"west":{"uv":[16.0,8.5,15.0,7.0],"tintindex":-2,"rotation":0,"texture":"#0"},"up":{"uv":[9.0,0.5,10.0,0.0],"tintindex":-2,"rotation":90,"texture":"#0"},"down":{"uv":[15.0,6.5,16.0,7.0],"tintindex":-2,"rotation":90,"texture":"#0"}},"rotation":{"origin":[8.0,-6.0,7.0],"angle":22.5,"axis":"x"}},{"from":[4.99,1.8900001,11.49],"to":[8.01,2.91,12.51],"faces":{"east":{"uv":[10.5,0.0,11.0,0.5],"tintindex":-2,"rotation":0,"texture":"#0"},"south":{"uv":[5.5,1.5,4.0,2.0],"tintindex":-2,"rotation":0,"texture":"#0"},"north":{"uv":[4.0,1.5,5.5,2.0],"tintindex":-2,"rotation":0,"texture":"#0"},"up":{"uv":[5.5,2.0,4.0,1.5],"tintindex":-2,"rotation":0,"texture":"#0"},"down":{"uv":[5.5,2.0,4.0,1.5],"tintindex":-2,"rotation":0,"texture":"#0"}},"rotation":{"origin":[8.0,2.9,9.5],"angle":-45.0,"axis":"y"}},{"from":[6.99,0.99,6.49],"to":[9.01,3.01,9.51],"faces":{"east":{"uv":[10.5,0.0,9.0,1.0],"tintindex":-2,"rotation":0,"texture":"#0"},"south":{"uv":[9.0,0.0,10.0,1.0],"tintindex":-2,"rotation":0,"texture":"#0"},"north":{"uv":[9.0,0.0,10.0,1.0],"tintindex":-2,"rotation":0,"texture":"#0"},"west":{"uv":[9.0,0.0,10.5,1.0],"tintindex":-2,"rotation":0,"texture":"#0"},"up":{"uv":[14.0,3.5,15.0,5.0],"tintindex":-2,"rotation":0,"texture":"#0"},"down":{"uv":[14.5,3.5,16.0,4.5],"tintindex":-2,"rotation":90,"texture":"#0"}}},{"from":[7.99,1.8900001,9.49],"to":[9.01,2.91,11.51],"faces":{"east":{"uv":[15.0,3.5,16.0,4.0],"tintindex":-2,"rotation":0,"texture":"#0"},"west":{"uv":[16.0,3.5,15.0,4.0],"tintindex":-2,"rotation":0,"texture":"#0"},"up":{"uv":[15.0,3.5,15.5,4.5],"tintindex":-2,"rotation":180,"texture":"#0"},"down":{"uv":[15.0,3.5,16.0,4.0],"tintindex":-2,"rotation":270,"texture":"#0"}},"rotation":{"origin":[8.0,2.9,9.5],"angle":45.0,"axis":"y"}},{"from":[7.49,-9.76,7.74],"to":[8.51,-8.74,8.76],"faces":{"east":{"uv":[14.5,4.5,15.0,5.0],"tintindex":-2,"rotation":0,"texture":"#0"},"south":{"uv":[14.5,4.5,15.0,5.0],"tintindex":-2,"rotation":0,"texture":"#0"},"north":{"uv":[14.5,4.5,15.0,5.0],"tintindex":-2,"rotation":0,"texture":"#0"},"west":{"uv":[15.0,4.5,14.5,5.0],"tintindex":-2,"rotation":0,"texture":"#0"},"up":{"uv":[9.0,0.5,10.0,0.0],"tintindex":-2,"rotation":90,"texture":"#0"},"down":{"uv":[14.5,4.5,15.0,5.0],"tintindex":-2,"rotation":90,"texture":"#0"}},"rotation":{"origin":[8.0,-9.0,8.0],"angle":45.0,"axis":"x"}},{"from":[6.99,1.8900001,4.49],"to":[8.01,2.91,6.51],"faces":{"east":{"uv":[16.0,3.5,15.0,4.0],"tintindex":-2,"rotation":0,"texture":"#0"},"west":{"uv":[15.0,3.5,16.0,4.0],"tintindex":-2,"rotation":0,"texture":"#0"},"up":{"uv":[15.0,3.5,15.5,4.5],"tintindex":-2,"rotation":0,"texture":"#0"},"down":{"uv":[15.0,3.5,16.0,4.0],"tintindex":-2,"rotation":90,"texture":"#0"}},"rotation":{"origin":[8.0,2.9,6.5],"angle":45.0,"axis":"y"}},{"from":[7.9,1.8000001,4.5],"to":[9.1,3.0,5.7],"faces":{"east":{"uv":[9.5,0.0,9.0,0.5],"tintindex":-2,"rotation":0,"texture":"#0"},"south":{"uv":[9.5,0.0,9.0,0.5],"tintindex":-2,"rotation":0,"texture":"#0"},"north":{"uv":[9.5,0.0,9.0,0.5],"tintindex":-2,"rotation":0,"texture":"#0"},"west":{"uv":[9.0,0.0,9.5,0.5],"tintindex":-2,"rotation":0,"texture":"#0"},"up":{"uv":[9.0,0.5,9.5,0.0],"tintindex":-2,"rotation":180,"texture":"#0"},"down":{"uv":[9.5,0.0,9.0,0.5],"tintindex":-2,"rotation":270,"texture":"#0"}},"rotation":{"origin":[8.0,2.9,6.5],"angle":-45.0,"axis":"y"}},{"from":[7.5,-9.01,6.99],"to":[8.52,-5.99,9.01],"faces":{"east":{"uv":[16.0,8.5,15.0,7.0],"tintindex":-2,"rotation":0,"texture":"#0"},"south":{"uv":[15.5,8.5,16.0,7.0],"tintindex":-2,"rotation":0,"texture":"#0"},"north":{"uv":[15.0,5.0,15.5,6.5],"tintindex":-2,"rotation":0,"texture":"#0"},"west":{"uv":[15.0,8.5,16.0,7.0],"tintindex":-2,"rotation":0,"texture":"#0"},"up":{"uv":[9.0,0.5,10.0,0.0],"tintindex":-2,"rotation":90,"texture":"#0"},"down":{"uv":[16.0,6.5,15.0,7.0],"tintindex":-2,"rotation":90,"texture":"#0"}},"rotation":{"origin":[8.0,-6.0,9.0],"angle":-22.5,"axis":"x"}},{"from":[7.49,2.93,6.49],"to":[8.51,24.95,9.51],"faces":{"east":{"uv":[1.5,0.5,0.0,11.5],"tintindex":-2,"rotation":0,"texture":"#0"},"south":{"uv":[1.0,0.5,1.5,11.5],"tintindex":-2,"rotation":0,"texture":"#0"},"north":{"uv":[0.0,0.5,0.5,11.5],"tintindex":-2,"rotation":0,"texture":"#0"},"west":{"uv":[0.0,0.5,1.5,11.5],"tintindex":-2,"rotation":0,"texture":"#0"},"up":{"uv":[0.0,0.0,0.5,1.5],"tintindex":-2,"rotation":0,"texture":"#0"}}},{"from":[7.5,23.9,6.9],"to":[8.5,26.04,9.1],"faces":{"east":{"uv":[0.95,0.0,0.0,0.97],"tintindex":-2,"rotation":0,"texture":"#0"},"north":{"uv":[0.0,1.03,0.5,2.1],"tintindex":-2,"rotation":0,"texture":"#0"},"west":{"uv":[0.0,0.0,0.95,0.97],"tintindex":-2,"rotation":0,"texture":"#0"},"up":{"uv":[0.0,0.0,0.5,1.5],"tintindex":-2,"rotation":0,"texture":"#0"}},"rotation":{"origin":[8.0,24.95,8.0],"angle":45.0,"axis":"x"}}],"display":{"gui":{"rotation":[30,225,0]}}}