{"textures":{"2":"modelengine:entity/kpack_knight_horse_black"},"elements":[{"from":[6.5,0.0,8.0],"to":[9.5,8.0,12.0],"faces":{"east":{"uv":[2.375,7.375,2.875,8.375],"tintindex":-2,"rotation":0,"texture":"#2"},"south":{"uv":[4.25,11.125,4.625,12.125],"tintindex":-2,"rotation":0,"texture":"#2"},"north":{"uv":[11.125,1.75,11.5,2.75],"tintindex":-2,"rotation":0,"texture":"#2"},"west":{"uv":[6.0,11.0,6.5,12.0],"tintindex":-2,"rotation":0,"texture":"#2"},"up":{"uv":[4.625,10.0,4.25,9.5],"tintindex":-2,"rotation":0,"texture":"#2"},"down":{"uv":[3.375,9.875,3.0,10.375],"tintindex":-2,"rotation":0,"texture":"#2"}}}],"display":{"gui":{"rotation":[30,225,0]}}}