{"textures":{"0":"modelengine:entity/kpack_knight"},"elements":[{"from":[7.3055644,6.875,3.5726252],"to":[12.305564,11.875,5.572625],"faces":{"east":{"uv":[7.5,2.25,7.75,2.875],"tintindex":-2,"rotation":0,"texture":"#0"},"south":{"uv":[6.0,3.25,6.625,3.875],"tintindex":-2,"rotation":0,"texture":"#0"},"north":{"uv":[5.875,2.625,6.5,3.25],"tintindex":-2,"rotation":0,"texture":"#0"},"west":{"uv":[7.5,2.875,7.75,3.5],"tintindex":-2,"rotation":0,"texture":"#0"},"up":{"uv":[8.125,3.75,7.5,3.5],"tintindex":-2,"rotation":0,"texture":"#0"},"down":{"uv":[8.125,3.75,7.5,4.0],"tintindex":-2,"rotation":0,"texture":"#0"}},"rotation":{"origin":[11.305564,11.875,4.072625],"angle":-22.5,"axis":"y"}},{"from":[12.611203,6.875,5.6512094],"to":[12.611203,11.875,10.651209],"faces":{"east":{"uv":[6.125,6.125,6.75,6.75],"tintindex":-2,"rotation":0,"texture":"#0"},"west":{"uv":[6.25,0.25,6.875,0.875],"tintindex":-2,"rotation":0,"texture":"#0"}},"rotation":{"origin":[12.611203,9.375,8.151209],"angle":22.5,"axis":"y"}},{"from":[3.7860208,7.875,3.927711],"to":[11.786021,15.875,11.9277115],"faces":{"east":{"uv":[1.0,2.75,2.0,3.75],"tintindex":-2,"rotation":0,"texture":"#0"},"south":{"uv":[2.0,2.75,3.0,3.75],"tintindex":-2,"rotation":0,"texture":"#0"},"north":{"uv":[0.0,2.75,1.0,3.75],"tintindex":-2,"rotation":0,"texture":"#0"},"west":{"uv":[3.0,0.0,4.0,1.0],"tintindex":-2,"rotation":0,"texture":"#0"},"up":{"uv":[4.0,2.0,3.0,1.0],"tintindex":-2,"rotation":0,"texture":"#0"},"down":{"uv":[4.0,2.0,3.0,3.0],"tintindex":-2,"rotation":0,"texture":"#0"}}},{"from":[2.9608383,6.875,5.6512094],"to":[2.9608383,11.875,10.651209],"faces":{"east":{"uv":[3.75,6.25,4.375,6.875],"tintindex":-2,"rotation":0,"texture":"#0"},"west":{"uv":[4.375,6.375,5.0,7.0],"tintindex":-2,"rotation":0,"texture":"#0"}},"rotation":{"origin":[2.9608383,9.375,8.151209],"angle":-22.5,"axis":"y"}},{"from":[3.2972112,6.875,3.5726252],"to":[8.297212,11.875,5.572625],"faces":{"east":{"uv":[3.125,7.5,3.375,8.125],"tintindex":-2,"rotation":0,"texture":"#0"},"south":{"uv":[6.125,3.875,6.75,4.5],"tintindex":-2,"rotation":0,"texture":"#0"},"north":{"uv":[3.125,6.125,3.75,6.75],"tintindex":-2,"rotation":0,"texture":"#0"},"west":{"uv":[4.0,7.5,4.25,8.125],"tintindex":-2,"rotation":0,"texture":"#0"},"up":{"uv":[8.125,4.25,7.5,4.0],"tintindex":-2,"rotation":0,"texture":"#0"},"down":{"uv":[4.875,7.5,4.25,7.75],"tintindex":-2,"rotation":0,"texture":"#0"}},"rotation":{"origin":[4.2972116,11.875,4.072625],"angle":22.5,"axis":"y"}}],"display":{"gui":{"rotation":[30,225,0]}}}