{"textures":{"1":"modelengine:entity/kpack_horse_gown_red","2":"modelengine:entity/kpack_knight_horse_black"},"elements":[{"from":[4.5,4.0,-5.0],"to":[11.5,13.000002,14.0],"faces":{"east":{"uv":[5.125,0.0,7.5,1.125],"tintindex":-2,"rotation":0,"texture":"#2"},"south":{"uv":[3.375,9.5,4.25,10.625],"tintindex":-2,"rotation":0,"texture":"#2"},"north":{"uv":[0.0,9.5,0.875,10.625],"tintindex":-2,"rotation":0,"texture":"#2"},"west":{"uv":[5.125,1.125,7.5,2.25],"tintindex":-2,"rotation":0,"texture":"#2"},"up":{"uv":[7.25,9.375,6.375,7.0],"tintindex":-2,"rotation":0,"texture":"#2"},"down":{"uv":[0.875,7.125,0.0,9.5],"tintindex":-2,"rotation":0,"texture":"#2"}},"rotation":{"origin":[8.0,8.0,3.0],"angle":45.0,"axis":"x"}},{"from":[4.0,3.5,-5.0],"to":[12.0,13.500002,14.0],"faces":{"east":{"uv":[5.375,4.5,7.75,5.75],"tintindex":-2,"rotation":0,"texture":"#1"},"south":{"uv":[9.625,2.5,10.625,3.75],"tintindex":-2,"rotation":0,"texture":"#1"},"north":{"uv":[9.625,1.25,10.625,2.5],"tintindex":-2,"rotation":0,"texture":"#1"},"west":{"uv":[7.75,4.5,5.375,5.75],"tintindex":-2,"rotation":0,"texture":"#1"},"up":{"uv":[3.75,8.375,2.75,6.0],"tintindex":-2,"rotation":0,"texture":"#1"},"down":{"uv":[4.75,7.5,3.75,9.875],"tintindex":-2,"rotation":0,"texture":"#1"}},"rotation":{"origin":[8.0,8.0,3.0],"angle":45.0,"axis":"x"}}],"display":{"gui":{"rotation":[30,225,0]}}}