{"textures":{"0":"modelengine:entity/kpack_knight"},"elements":[{"from":[8.0,4.000002,6.0],"to":[11.0,8.0,10.0],"faces":{"east":{"uv":[7.0,2.25,7.5,2.75],"tintindex":-2,"rotation":0,"texture":"#0"},"south":{"uv":[7.25,6.25,7.625,6.75],"tintindex":-2,"rotation":0,"texture":"#0"},"north":{"uv":[6.125,7.25,6.5,7.75],"tintindex":-2,"rotation":0,"texture":"#0"},"west":{"uv":[7.0,2.75,7.5,3.25],"tintindex":-2,"rotation":0,"texture":"#0"},"up":{"uv":[6.875,7.75,6.5,7.25],"tintindex":-2,"rotation":0,"texture":"#0"},"down":{"uv":[7.25,7.25,6.875,7.75],"tintindex":-2,"rotation":0,"texture":"#0"}}}],"display":{"gui":{"rotation":[30,225,0]}}}