{"textures":{"0":"modelengine:entity/kpack_knight"},"elements":[{"from":[8.885819,5.0,4.425975],"to":[11.885819,9.0,4.425975],"faces":{"south":{"uv":[7.125,6.75,7.5,7.25],"tintindex":-2,"rotation":0,"texture":"#0"},"north":{"uv":[7.125,5.75,7.5,6.25],"tintindex":-2,"rotation":0,"texture":"#0"}},"rotation":{"origin":[10.385819,7.0,4.425975],"angle":22.5,"axis":"y"}},{"from":[4.0,5.0,5.0],"to":[9.0,10.0,11.0],"faces":{"east":{"uv":[1.625,5.0,2.375,5.625],"tintindex":-2,"rotation":0,"texture":"#0"},"south":{"uv":[1.625,6.5,2.25,7.125],"tintindex":-2,"rotation":0,"texture":"#0"},"north":{"uv":[5.0,6.375,5.625,7.0],"tintindex":-2,"rotation":0,"texture":"#0"},"west":{"uv":[2.375,5.0,3.125,5.625],"tintindex":-2,"rotation":0,"texture":"#0"},"up":{"uv":[0.625,5.875,0.0,5.125],"tintindex":-2,"rotation":0,"texture":"#0"},"down":{"uv":[5.875,2.625,5.25,3.375],"tintindex":-2,"rotation":0,"texture":"#0"}}}],"display":{"gui":{"rotation":[30,225,0]}}}