{"textures":{"1":"modelengine:entity/kpack_horse_gown_red"},"elements":[{"from":[3.0,1.1161194,5.0303307],"to":[3.0,10.116119,28.03033],"faces":{"east":{"uv":[5.375,0.0,8.25,1.125],"tintindex":-2,"rotation":0,"texture":"#1"},"west":{"uv":[5.375,1.125,8.25,2.25],"tintindex":-2,"rotation":0,"texture":"#1"}}},{"from":[3.0,8.116119,28.03033],"to":[12.5,10.116119,28.03033],"faces":{"south":{"uv":[11.25,3.75,12.5,4.0],"tintindex":-2,"rotation":0,"texture":"#1"},"north":{"uv":[8.25,4.125,9.5,4.375],"tintindex":-2,"rotation":0,"texture":"#1"}}},{"from":[12.5,1.1161194,5.0303307],"to":[12.5,10.116119,28.03033],"faces":{"east":{"uv":[5.375,2.25,8.25,3.375],"tintindex":-2,"rotation":0,"texture":"#1"},"west":{"uv":[5.375,3.375,8.25,4.5],"tintindex":-2,"rotation":0,"texture":"#1"}}}],"display":{"gui":{"rotation":[30,225,0]}}}