{"textures":{"0":"modelengine:entity/kpack_knight"},"elements":[{"from":[6.235938,2.9166641,4.097867],"to":[9.235938,7.916664,8.097867],"faces":{"east":{"uv":[5.625,6.375,6.125,7.0],"tintindex":-2,"rotation":0,"texture":"#0"},"south":{"uv":[5.0,7.0,5.375,7.625],"tintindex":-2,"rotation":0,"texture":"#0"},"north":{"uv":[0.625,5.125,1.0,5.75],"tintindex":-2,"rotation":0,"texture":"#0"},"west":{"uv":[2.25,6.5,2.75,7.125],"tintindex":-2,"rotation":0,"texture":"#0"},"up":{"uv":[7.5,5.25,7.125,4.75],"tintindex":-2,"rotation":0,"texture":"#0"},"down":{"uv":[7.5,5.25,7.125,5.75],"tintindex":-2,"rotation":0,"texture":"#0"}}},{"from":[8.528124,4.916664,7.8042665],"to":[8.528124,7.916664,9.804267],"faces":{"east":{"uv":[4.25,3.375,4.5,3.75],"tintindex":-2,"rotation":0,"texture":"#0"},"west":{"uv":[1.0,4.5,1.25,4.875],"tintindex":-2,"rotation":0,"texture":"#0"}},"rotation":{"origin":[8.528124,6.416664,8.804266],"angle":-45.0,"axis":"y"}}],"display":{"gui":{"rotation":[30,225,0]}}}