{"textures":{"0":"modelengine:entity/kpack_knight"},"elements":[{"from":[7.542237,0.0,7.1173162],"to":[11.542236,3.0,8.117316],"faces":{"east":{"uv":[6.875,2.25,7.0,2.625],"tintindex":-2,"rotation":0,"texture":"#0"},"south":{"uv":[7.375,0.75,7.875,1.125],"tintindex":-2,"rotation":0,"texture":"#0"},"north":{"uv":[7.375,0.375,7.875,0.75],"tintindex":-2,"rotation":0,"texture":"#0"},"west":{"uv":[4.5,7.75,4.625,8.125],"tintindex":-2,"rotation":0,"texture":"#0"},"up":{"uv":[6.625,7.875,6.125,7.75],"tintindex":-2,"rotation":0,"texture":"#0"},"down":{"uv":[7.125,7.75,6.625,7.875],"tintindex":-2,"rotation":0,"texture":"#0"}},"rotation":{"origin":[11.042236,5.0,7.6173162],"angle":22.5,"axis":"y"}},{"from":[4.4577637,0.0,7.1173162],"to":[8.457764,3.0,8.117316],"faces":{"east":{"uv":[5.5,4.25,5.625,4.625],"tintindex":-2,"rotation":0,"texture":"#0"},"south":{"uv":[7.375,0.0,7.875,0.375],"tintindex":-2,"rotation":0,"texture":"#0"},"north":{"uv":[7.25,7.25,7.75,7.625],"tintindex":-2,"rotation":0,"texture":"#0"},"west":{"uv":[6.0,3.875,6.125,4.25],"tintindex":-2,"rotation":0,"texture":"#0"},"up":{"uv":[6.25,2.125,5.75,2.0],"tintindex":-2,"rotation":0,"texture":"#0"},"down":{"uv":[5.75,7.75,5.25,7.875],"tintindex":-2,"rotation":0,"texture":"#0"}},"rotation":{"origin":[4.9577637,5.0,7.6173162],"angle":-22.5,"axis":"y"}},{"from":[2.4577632,3.0,7.1173162],"to":[8.457764,14.0,8.117316],"faces":{"east":{"uv":[2.875,7.25,3.0,8.625],"tintindex":-2,"rotation":0,"texture":"#0"},"south":{"uv":[0.75,0.0,1.5,1.375],"tintindex":-2,"rotation":0,"texture":"#0"},"north":{"uv":[0.0,0.0,0.75,1.375],"tintindex":-2,"rotation":0,"texture":"#0"},"west":{"uv":[3.0,7.25,3.125,8.625],"tintindex":-2,"rotation":0,"texture":"#0"},"up":{"uv":[8.25,6.25,7.5,6.125],"tintindex":-2,"rotation":0,"texture":"#0"},"down":{"uv":[8.25,7.125,7.5,7.25],"tintindex":-2,"rotation":0,"texture":"#0"}},"rotation":{"origin":[4.9577637,5.0,7.6173162],"angle":-22.5,"axis":"y"}},{"from":[7.542237,3.0,7.1173162],"to":[13.542236,14.0,8.117316],"faces":{"east":{"uv":[3.5,7.375,3.625,8.75],"tintindex":-2,"rotation":0,"texture":"#0"},"south":{"uv":[0.75,1.375,1.5,2.75],"tintindex":-2,"rotation":0,"texture":"#0"},"north":{"uv":[0.0,1.375,0.75,2.75],"tintindex":-2,"rotation":0,"texture":"#0"},"west":{"uv":[3.625,7.375,3.75,8.75],"tintindex":-2,"rotation":0,"texture":"#0"},"up":{"uv":[6.0,7.75,5.25,7.625],"tintindex":-2,"rotation":0,"texture":"#0"},"down":{"uv":[8.375,6.25,7.625,6.375],"tintindex":-2,"rotation":0,"texture":"#0"}},"rotation":{"origin":[11.042236,5.0,7.6173162],"angle":22.5,"axis":"y"}}],"display":{"gui":{"rotation":[30,225,0]}}}