{"textures":{"0":"modelengine:entity/kpack_knight"},"elements":[{"from":[3.0,8.0,3.0],"to":[13.0,14.0,8.0],"faces":{"east":{"uv":[4.25,4.625,4.875,5.375],"tintindex":-2,"rotation":0,"texture":"#0"},"south":{"uv":[0.0,3.75,1.25,4.5],"tintindex":-2,"rotation":0,"texture":"#0"},"north":{"uv":[3.0,3.0,4.25,3.75],"tintindex":-2,"rotation":0,"texture":"#0"},"west":{"uv":[4.75,0.0,5.375,0.75],"tintindex":-2,"rotation":0,"texture":"#0"},"up":{"uv":[2.5,4.375,1.25,3.75],"tintindex":-2,"rotation":0,"texture":"#0"},"down":{"uv":[3.75,3.75,2.5,4.375],"tintindex":-2,"rotation":0,"texture":"#0"}}}],"display":{"gui":{"rotation":[30,225,0]}}}