{"textures":{"0":"modelengine:entity/pb_aof_chick_baby"},"elements":[{"from":[6.5,6.5,4.0],"to":[9.5,9.5,9.0],"faces":{"east":{"uv":[0.0,0.0,2.5,1.5],"tintindex":-2,"rotation":0,"texture":"#0"},"south":{"uv":[5.0,1.5,6.5,3.0],"tintindex":-2,"rotation":0,"texture":"#0"},"north":{"uv":[5.0,0.0,6.5,1.5],"tintindex":-2,"rotation":0,"texture":"#0"},"west":{"uv":[0.0,1.5,2.5,3.0],"tintindex":-2,"rotation":0,"texture":"#0"},"up":{"uv":[4.0,2.5,2.5,0.0],"tintindex":-2,"rotation":0,"texture":"#0"},"down":{"uv":[4.0,2.5,2.5,5.0],"tintindex":-2,"rotation":0,"texture":"#0"}},"rotation":{"origin":[8.0,3.5,7.0],"angle":22.5,"axis":"x"}},{"from":[9.5,6.25,3.0],"to":[10.0,8.25,6.0],"faces":{"east":{"uv":[6.5,0.0,8.0,1.0],"tintindex":-2,"rotation":0,"texture":"#0"},"south":{"uv":[7.0,4.0,7.5,5.0],"tintindex":-2,"rotation":0,"texture":"#0"},"north":{"uv":[1.5,5.5,2.0,6.5],"tintindex":-2,"rotation":0,"texture":"#0"},"west":{"uv":[6.5,1.0,8.0,2.0],"tintindex":-2,"rotation":0,"texture":"#0"},"up":{"uv":[7.0,7.0,6.5,5.5],"tintindex":-2,"rotation":0,"texture":"#0"},"down":{"uv":[0.5,7.0,0.0,8.5],"tintindex":-2,"rotation":0,"texture":"#0"}},"rotation":{"origin":[8.0,3.5,7.0],"angle":45.0,"axis":"x"}},{"from":[6.0,6.25,3.0],"to":[6.5,8.25,6.0],"faces":{"east":{"uv":[1.5,6.5,3.0,7.5],"tintindex":-2,"rotation":0,"texture":"#0"},"south":{"uv":[7.0,6.0,7.5,7.0],"tintindex":-2,"rotation":0,"texture":"#0"},"north":{"uv":[7.0,5.0,7.5,6.0],"tintindex":-2,"rotation":0,"texture":"#0"},"west":{"uv":[6.5,2.0,8.0,3.0],"tintindex":-2,"rotation":0,"texture":"#0"},"up":{"uv":[1.0,8.5,0.5,7.0],"tintindex":-2,"rotation":0,"texture":"#0"},"down":{"uv":[1.5,7.0,1.0,8.5],"tintindex":-2,"rotation":0,"texture":"#0"}},"rotation":{"origin":[8.0,3.5,7.0],"angle":45.0,"axis":"x"}},{"from":[7.5,6.75,10.25],"to":[8.5,8.75,11.25],"faces":{"east":{"uv":[7.0,7.0,7.5,8.0],"tintindex":-2,"rotation":0,"texture":"#0"},"south":{"uv":[1.5,7.5,2.0,8.5],"tintindex":-2,"rotation":0,"texture":"#0"},"north":{"uv":[6.5,7.0,7.0,8.0],"tintindex":-2,"rotation":0,"texture":"#0"},"west":{"uv":[2.0,7.5,2.5,8.5],"tintindex":-2,"rotation":0,"texture":"#0"},"up":{"uv":[6.0,8.0,5.5,7.5],"tintindex":-2,"rotation":0,"texture":"#0"},"down":{"uv":[8.0,5.5,7.5,6.0],"tintindex":-2,"rotation":0,"texture":"#0"}}},{"from":[6.75,5.5,4.0],"to":[9.25,8.5,7.0],"faces":{"east":{"uv":[5.0,3.0,6.5,4.5],"tintindex":-2,"rotation":0,"texture":"#0"},"south":{"uv":[3.5,5.0,5.0,6.5],"tintindex":-2,"rotation":0,"texture":"#0"},"north":{"uv":[2.0,5.0,3.5,6.5],"tintindex":-2,"rotation":0,"texture":"#0"},"west":{"uv":[5.0,4.5,6.5,6.0],"tintindex":-2,"rotation":0,"texture":"#0"},"up":{"uv":[1.5,7.0,0.0,5.5],"tintindex":-2,"rotation":0,"texture":"#0"},"down":{"uv":[6.5,6.0,5.0,7.5],"tintindex":-2,"rotation":0,"texture":"#0"}},"rotation":{"origin":[8.0,3.5,7.0],"angle":45.0,"axis":"x"}}],"display":{"gui":{"rotation":[30,225,0]}}}