{"textures":{"0":"modelengine:entity/pb_aof_chick_baby"},"elements":[{"from":[7.5,6.25,7.0],"to":[8.5,9.0,7.0],"faces":{"south":{"uv":[4.0,6.5,4.5,8.0],"tintindex":-2,"rotation":0,"texture":"#0"},"north":{"uv":[2.0,3.0,2.5,4.5],"tintindex":-2,"rotation":0,"texture":"#0"}},"rotation":{"origin":[7.25,6.0,6.5],"angle":22.5,"axis":"x"}},{"from":[7.5,6.0,6.25],"to":[8.5,6.0,7.25],"faces":{"up":{"uv":[8.0,4.5,7.5,4.0],"tintindex":-2,"rotation":0,"texture":"#0"},"down":{"uv":[8.0,4.5,7.5,5.0],"tintindex":-2,"rotation":0,"texture":"#0"}}}],"display":{"gui":{"rotation":[30,225,0]}}}