{"textures":{"0":"modelengine:entity/toucan"},"elements":[{"from":[8.0,5.0,9.0],"to":[9.0,6.0,10.0],"faces":{"east":{"uv":[15.0,7.0,15.5,7.5],"tintindex":0,"rotation":0,"texture":"#0"},"south":{"uv":[7.5,15.0,8.0,15.5],"tintindex":0,"rotation":0,"texture":"#0"},"north":{"uv":[15.0,6.5,15.5,7.0],"tintindex":0,"rotation":0,"texture":"#0"},"west":{"uv":[15.0,7.5,15.5,8.0],"tintindex":0,"rotation":0,"texture":"#0"},"up":{"uv":[8.5,15.5,8.0,15.0],"tintindex":0,"rotation":0,"texture":"#0"},"down":{"uv":[15.5,8.0,15.0,8.5],"tintindex":0,"rotation":0,"texture":"#0"}}},{"from":[6.0,5.0,6.0],"to":[7.0,6.0,8.0],"faces":{"east":{"uv":[11.0,14.0,12.0,14.5],"tintindex":0,"rotation":0,"texture":"#0"},"south":{"uv":[15.0,2.5,15.5,3.0],"tintindex":0,"rotation":0,"texture":"#0"},"north":{"uv":[2.5,15.0,3.0,15.5],"tintindex":0,"rotation":0,"texture":"#0"},"west":{"uv":[14.0,11.0,15.0,11.5],"tintindex":0,"rotation":0,"texture":"#0"},"up":{"uv":[12.5,15.0,12.0,14.0],"tintindex":0,"rotation":0,"texture":"#0"},"down":{"uv":[13.0,14.0,12.5,15.0],"tintindex":0,"rotation":0,"texture":"#0"}}},{"from":[8.0,5.0,6.0],"to":[9.0,6.0,8.0],"faces":{"east":{"uv":[6.5,14.0,7.5,14.5],"tintindex":0,"rotation":0,"texture":"#0"},"south":{"uv":[15.0,2.0,15.5,2.5],"tintindex":0,"rotation":0,"texture":"#0"},"north":{"uv":[15.0,1.5,15.5,2.0],"tintindex":0,"rotation":0,"texture":"#0"},"west":{"uv":[9.0,14.0,10.0,14.5],"tintindex":0,"rotation":0,"texture":"#0"},"up":{"uv":[10.5,15.0,10.0,14.0],"tintindex":0,"rotation":0,"texture":"#0"},"down":{"uv":[11.0,14.0,10.5,15.0],"tintindex":0,"rotation":0,"texture":"#0"}}},{"from":[7.0039997,5.0039997,8.004],"to":[7.9960003,9.996,8.996],"faces":{"east":{"uv":[9.0,12.0,9.5,13.5],"tintindex":0,"rotation":0,"texture":"#0"},"south":{"uv":[9.5,12.0,10.0,13.5],"tintindex":0,"rotation":0,"texture":"#0"},"north":{"uv":[2.5,12.0,3.0,13.5],"tintindex":0,"rotation":0,"texture":"#0"},"west":{"uv":[10.0,12.0,10.5,13.5],"tintindex":0,"rotation":0,"texture":"#0"},"up":{"uv":[15.5,9.0,15.0,8.5],"tintindex":0,"rotation":0,"texture":"#0"},"down":{"uv":[15.5,9.0,15.0,9.5],"tintindex":0,"rotation":0,"texture":"#0"}}},{"from":[6.0,5.0,9.0],"to":[7.0,6.0,10.0],"faces":{"east":{"uv":[15.0,5.0,15.5,5.5],"tintindex":0,"rotation":0,"texture":"#0"},"south":{"uv":[5.5,15.0,6.0,15.5],"tintindex":0,"rotation":0,"texture":"#0"},"north":{"uv":[5.0,15.0,5.5,15.5],"tintindex":0,"rotation":0,"texture":"#0"},"west":{"uv":[15.0,5.5,15.5,6.0],"tintindex":0,"rotation":0,"texture":"#0"},"up":{"uv":[6.5,15.5,6.0,15.0],"tintindex":0,"rotation":0,"texture":"#0"},"down":{"uv":[15.5,6.0,15.0,6.5],"tintindex":0,"rotation":0,"texture":"#0"}}}],"display":{"gui":{"rotation":[30,225,0]}}}