{"textures":{"0":"modelengine:entity/toucan"},"elements":[{"from":[7.5,4.5,7.5],"to":[8.5,5.5,14.5],"faces":{"east":{"uv":[9.0,6.0,12.5,6.5],"tintindex":0,"rotation":0,"texture":"#0"},"south":{"uv":[7.0,15.5,7.5,16.0],"tintindex":0,"rotation":0,"texture":"#0"},"north":{"uv":[15.5,6.5,16.0,7.0],"tintindex":0,"rotation":0,"texture":"#0"},"west":{"uv":[9.0,6.5,12.5,7.0],"tintindex":0,"rotation":0,"texture":"#0"},"up":{"uv":[4.0,13.0,3.5,9.5],"tintindex":0,"rotation":0,"texture":"#0"},"down":{"uv":[4.5,9.5,4.0,13.0],"tintindex":0,"rotation":0,"texture":"#0"}}},{"from":[7.5,7.5,6.5],"to":[8.5,8.5,10.5],"faces":{"east":{"uv":[10.5,11.5,12.5,12.0],"tintindex":0,"rotation":0,"texture":"#0"},"south":{"uv":[6.5,15.5,7.0,16.0],"tintindex":0,"rotation":0,"texture":"#0"},"north":{"uv":[15.5,6.0,16.0,6.5],"tintindex":0,"rotation":0,"texture":"#0"},"west":{"uv":[12.0,0.0,14.0,0.5],"tintindex":0,"rotation":0,"texture":"#0"},"up":{"uv":[8.0,13.5,7.5,11.5],"tintindex":0,"rotation":0,"texture":"#0"},"down":{"uv":[8.5,11.5,8.0,13.5],"tintindex":0,"rotation":0,"texture":"#0"}}},{"from":[7.5,5.5,6.5],"to":[8.5,7.5,12.5],"faces":{"east":{"uv":[0.0,6.5,3.0,7.5],"tintindex":0,"rotation":0,"texture":"#0"},"south":{"uv":[9.0,14.5,9.5,15.5],"tintindex":0,"rotation":0,"texture":"#0"},"north":{"uv":[8.5,14.5,9.0,15.5],"tintindex":0,"rotation":0,"texture":"#0"},"west":{"uv":[6.5,3.0,9.5,4.0],"tintindex":0,"rotation":0,"texture":"#0"},"up":{"uv":[6.0,13.5,5.5,10.5],"tintindex":0,"rotation":0,"texture":"#0"},"down":{"uv":[6.5,10.5,6.0,13.5],"tintindex":0,"rotation":0,"texture":"#0"}}}],"display":{"gui":{"rotation":[30,225,0]}}}