{"textures":{"0":"modelengine:entity/toucan"},"elements":[{"from":[6.5,5.0,9.0],"to":[7.5,6.0,10.0],"faces":{"east":{"uv":[15.0,3.0,15.5,3.5],"tintindex":0,"rotation":0,"texture":"#0"},"south":{"uv":[3.5,15.0,4.0,15.5],"tintindex":0,"rotation":0,"texture":"#0"},"north":{"uv":[3.0,15.0,3.5,15.5],"tintindex":0,"rotation":0,"texture":"#0"},"west":{"uv":[15.0,3.5,15.5,4.0],"tintindex":0,"rotation":0,"texture":"#0"},"up":{"uv":[15.5,4.5,15.0,4.0],"tintindex":0,"rotation":0,"texture":"#0"},"down":{"uv":[15.5,4.5,15.0,5.0],"tintindex":0,"rotation":0,"texture":"#0"}}},{"from":[8.5,5.0,9.0],"to":[9.5,6.0,10.0],"faces":{"east":{"uv":[9.5,14.5,10.0,15.0],"tintindex":0,"rotation":0,"texture":"#0"},"south":{"uv":[14.5,10.0,15.0,10.5],"tintindex":0,"rotation":0,"texture":"#0"},"north":{"uv":[14.5,5.0,15.0,5.5],"tintindex":0,"rotation":0,"texture":"#0"},"west":{"uv":[14.5,10.5,15.0,11.0],"tintindex":0,"rotation":0,"texture":"#0"},"up":{"uv":[11.5,15.0,11.0,14.5],"tintindex":0,"rotation":0,"texture":"#0"},"down":{"uv":[12.0,14.5,11.5,15.0],"tintindex":0,"rotation":0,"texture":"#0"}}},{"from":[6.5,5.0,6.0],"to":[7.5,6.0,8.0],"faces":{"east":{"uv":[4.0,14.0,5.0,14.5],"tintindex":0,"rotation":0,"texture":"#0"},"south":{"uv":[15.0,0.5,15.5,1.0],"tintindex":0,"rotation":0,"texture":"#0"},"north":{"uv":[15.0,0.0,15.5,0.5],"tintindex":0,"rotation":0,"texture":"#0"},"west":{"uv":[14.0,5.5,15.0,6.0],"tintindex":0,"rotation":0,"texture":"#0"},"up":{"uv":[6.5,15.0,6.0,14.0],"tintindex":0,"rotation":0,"texture":"#0"},"down":{"uv":[14.5,6.0,14.0,7.0],"tintindex":0,"rotation":0,"texture":"#0"}}},{"from":[7.5039997,5.0039997,8.004],"to":[8.496,9.996,8.996],"faces":{"east":{"uv":[1.0,12.0,1.5,13.5],"tintindex":0,"rotation":0,"texture":"#0"},"south":{"uv":[1.5,12.0,2.0,13.5],"tintindex":0,"rotation":0,"texture":"#0"},"north":{"uv":[8.5,11.5,9.0,13.0],"tintindex":0,"rotation":0,"texture":"#0"},"west":{"uv":[2.0,12.0,2.5,13.5],"tintindex":0,"rotation":0,"texture":"#0"},"up":{"uv":[8.0,8.5,7.5,8.0],"tintindex":0,"rotation":0,"texture":"#0"},"down":{"uv":[15.0,2.5,14.5,3.0],"tintindex":0,"rotation":0,"texture":"#0"}}},{"from":[8.5,5.0,6.0],"to":[9.5,6.0,8.0],"faces":{"east":{"uv":[6.5,10.5,7.5,11.0],"tintindex":0,"rotation":0,"texture":"#0"},"south":{"uv":[14.5,14.5,15.0,15.0],"tintindex":0,"rotation":0,"texture":"#0"},"north":{"uv":[14.5,14.0,15.0,14.5],"tintindex":0,"rotation":0,"texture":"#0"},"west":{"uv":[14.0,0.0,15.0,0.5],"tintindex":0,"rotation":0,"texture":"#0"},"up":{"uv":[3.0,15.0,2.5,14.0],"tintindex":0,"rotation":0,"texture":"#0"},"down":{"uv":[4.0,14.0,3.5,15.0],"tintindex":0,"rotation":0,"texture":"#0"}}}],"display":{"gui":{"rotation":[30,225,0]}}}