{"textures":{"0":"modelengine:entity/toucan"},"elements":[{"from":[7.5,4.5,7.5],"to":[8.5,5.5,14.5],"faces":{"east":{"uv":[7.0,2.5,10.5,3.0],"tintindex":0,"rotation":0,"texture":"#0"},"south":{"uv":[6.0,15.5,6.5,16.0],"tintindex":0,"rotation":0,"texture":"#0"},"north":{"uv":[15.5,5.5,16.0,6.0],"tintindex":0,"rotation":0,"texture":"#0"},"west":{"uv":[9.0,5.5,12.5,6.0],"tintindex":0,"rotation":0,"texture":"#0"},"up":{"uv":[9.5,12.0,9.0,8.5],"tintindex":0,"rotation":0,"texture":"#0"},"down":{"uv":[3.5,9.5,3.0,13.0],"tintindex":0,"rotation":0,"texture":"#0"}}},{"from":[7.5,7.5,6.5],"to":[8.5,8.5,10.5],"faces":{"east":{"uv":[11.0,10.5,13.0,11.0],"tintindex":0,"rotation":0,"texture":"#0"},"south":{"uv":[5.5,15.5,6.0,16.0],"tintindex":0,"rotation":0,"texture":"#0"},"north":{"uv":[15.5,5.0,16.0,5.5],"tintindex":0,"rotation":0,"texture":"#0"},"west":{"uv":[1.0,11.5,3.0,12.0],"tintindex":0,"rotation":0,"texture":"#0"},"up":{"uv":[7.0,13.5,6.5,11.5],"tintindex":0,"rotation":0,"texture":"#0"},"down":{"uv":[7.5,11.5,7.0,13.5],"tintindex":0,"rotation":0,"texture":"#0"}}},{"from":[7.5,5.5,6.5],"to":[8.5,7.5,12.5],"faces":{"east":{"uv":[6.0,5.0,9.0,6.0],"tintindex":0,"rotation":0,"texture":"#0"},"south":{"uv":[7.0,14.5,7.5,15.5],"tintindex":0,"rotation":0,"texture":"#0"},"north":{"uv":[6.5,14.5,7.0,15.5],"tintindex":0,"rotation":0,"texture":"#0"},"west":{"uv":[6.0,6.0,9.0,7.0],"tintindex":0,"rotation":0,"texture":"#0"},"up":{"uv":[5.0,13.5,4.5,10.5],"tintindex":0,"rotation":0,"texture":"#0"},"down":{"uv":[5.5,10.5,5.0,13.5],"tintindex":0,"rotation":0,"texture":"#0"}}}],"display":{"gui":{"rotation":[30,225,0]}}}