{"textures":{"0":"modelengine:entity/toucan"},"elements":[{"from":[6.5039997,7.5039997,8.004],"to":[7.4960003,8.496,10.996],"faces":{"east":{"uv":[13.5,12.5,15.0,13.0],"tintindex":0,"rotation":0,"texture":"#0"},"south":{"uv":[4.5,15.5,5.0,16.0],"tintindex":0,"rotation":0,"texture":"#0"},"north":{"uv":[15.5,4.0,16.0,4.5],"tintindex":0,"rotation":0,"texture":"#0"},"west":{"uv":[13.5,13.0,15.0,13.5],"tintindex":0,"rotation":0,"texture":"#0"},"up":{"uv":[8.0,15.0,7.5,13.5],"tintindex":0,"rotation":0,"texture":"#0"},"down":{"uv":[8.5,13.5,8.0,15.0],"tintindex":0,"rotation":0,"texture":"#0"}}},{"from":[7.5039997,7.5039997,8.004],"to":[8.496,8.496,11.996],"faces":{"east":{"uv":[11.0,10.0,13.0,10.5],"tintindex":0,"rotation":0,"texture":"#0"},"south":{"uv":[4.0,15.5,4.5,16.0],"tintindex":0,"rotation":0,"texture":"#0"},"north":{"uv":[15.5,3.5,16.0,4.0],"tintindex":0,"rotation":0,"texture":"#0"},"west":{"uv":[10.5,11.0,12.5,11.5],"tintindex":0,"rotation":0,"texture":"#0"},"up":{"uv":[0.5,13.5,0.0,11.5],"tintindex":0,"rotation":0,"texture":"#0"},"down":{"uv":[1.0,11.5,0.5,13.5],"tintindex":0,"rotation":0,"texture":"#0"}}},{"from":[8.504,7.5039997,8.004],"to":[9.496,8.496,10.996],"faces":{"east":{"uv":[13.5,13.5,15.0,14.0],"tintindex":0,"rotation":0,"texture":"#0"},"south":{"uv":[5.0,15.5,5.5,16.0],"tintindex":0,"rotation":0,"texture":"#0"},"north":{"uv":[15.5,4.5,16.0,5.0],"tintindex":0,"rotation":0,"texture":"#0"},"west":{"uv":[0.0,14.0,1.5,14.5],"tintindex":0,"rotation":0,"texture":"#0"},"up":{"uv":[2.0,15.5,1.5,14.0],"tintindex":0,"rotation":0,"texture":"#0"},"down":{"uv":[2.5,14.0,2.0,15.5],"tintindex":0,"rotation":0,"texture":"#0"}}}],"display":{"gui":{"rotation":[30,225,0]}}}