{"textures":{"0":"modelengine:entity/pb_aof_hen_brown"},"elements":[{"from":[3.5,4.55,5.0],"to":[6.5,4.55,8.0],"faces":{"up":{"uv":[9.5,4.75,8.75,4.0],"tintindex":-2,"rotation":0,"texture":"#0"},"down":{"uv":[9.5,6.0,8.75,6.75],"tintindex":-2,"rotation":0,"texture":"#0"}}},{"from":[4.5,4.55,8.0],"to":[5.5,9.55,8.0],"faces":{"south":{"uv":[3.75,9.25,4.0,10.5],"tintindex":-2,"rotation":0,"texture":"#0"},"north":{"uv":[3.5,9.25,3.75,10.5],"tintindex":-2,"rotation":0,"texture":"#0"}}}],"display":{"gui":{"rotation":[30,225,0]}}}