{"textures":{"0":"modelengine:entity/owl"},"elements":[{"from":[4.5,6.8910503,4.9249344],"to":[11.5,13.89105,10.924934],"faces":{"east":{"uv":[2.5,3.5,4.0,5.25],"tintindex":-2,"rotation":0,"texture":"#0"},"south":{"uv":[2.5,1.75,4.25,3.5],"tintindex":-2,"rotation":0,"texture":"#0"},"north":{"uv":[2.5,0.0,4.25,1.75],"tintindex":-2,"rotation":0,"texture":"#0"},"west":{"uv":[4.0,3.5,5.5,5.25],"tintindex":-2,"rotation":0,"texture":"#0"},"up":{"uv":[6.0,1.5,4.25,0.0],"tintindex":-2,"rotation":0,"texture":"#0"},"down":{"uv":[6.0,1.5,4.25,3.0],"tintindex":-2,"rotation":0,"texture":"#0"}}},{"from":[5.5,5.0,6.5],"to":[10.5,8.0,11.5],"faces":{"east":{"uv":[7.5,0.75,8.75,1.5],"tintindex":-2,"rotation":0,"texture":"#0"},"south":{"uv":[0.0,8.25,1.25,9.0],"tintindex":-2,"rotation":0,"texture":"#0"},"north":{"uv":[5.5,4.5,6.75,5.25],"tintindex":-2,"rotation":0,"texture":"#0"},"west":{"uv":[2.5,8.25,3.75,9.0],"tintindex":-2,"rotation":0,"texture":"#0"},"up":{"uv":[8.25,5.75,7.0,4.5],"tintindex":-2,"rotation":0,"texture":"#0"},"down":{"uv":[8.5,1.5,7.25,2.75],"tintindex":-2,"rotation":0,"texture":"#0"}},"rotation":{"origin":[7.0,6.0,8.0],"angle":-22.5,"axis":"x"}},{"from":[5.5,-1.0,11.5],"to":[10.5,5.0,11.5],"faces":{"south":{"uv":[2.5,6.75,3.75,8.25],"tintindex":-2,"rotation":0,"texture":"#0"},"north":{"uv":[3.75,6.75,2.5,8.25],"tintindex":-2,"rotation":0,"texture":"#0"}},"rotation":{"origin":[7.0,6.0,8.0],"angle":-22.5,"axis":"x"}}],"display":{"gui":{"rotation":[30,225,0]}}}