{"textures":{"0":"modelengine:entity/owl"},"elements":[{"from":[8.0,10.571428,5.0232143],"to":[11.0,10.571428,5.2732143],"faces":{"south":{"uv":[11.0,6.0,11.5,7.0],"tintindex":-2,"rotation":270,"texture":"#0"},"up":{"uv":[2.8125,9.25,2.5,10.0],"tintindex":-2,"rotation":270,"texture":"#0"},"down":{"uv":[12.0625,3.25,11.0,4.75],"tintindex":-2,"rotation":270,"texture":"#0"}}},{"from":[7.5,8.071428,4.0232143],"to":[8.5,9.071428,5.0232143],"faces":{"east":{"uv":[6.75,5.0,7.0,5.25],"tintindex":-2,"rotation":0,"texture":"#0"},"south":{"uv":[7.0,6.5,7.25,6.75],"tintindex":-2,"rotation":0,"texture":"#0"},"north":{"uv":[2.25,5.0,2.5,5.25],"tintindex":-2,"rotation":0,"texture":"#0"},"west":{"uv":[7.25,2.75,7.5,3.0],"tintindex":-2,"rotation":0,"texture":"#0"},"up":{"uv":[7.5,6.75,7.25,6.5],"tintindex":-2,"rotation":0,"texture":"#0"},"down":{"uv":[7.75,2.75,7.5,3.0],"tintindex":-2,"rotation":0,"texture":"#0"}}},{"from":[8.0,13.571428,5.0232143],"to":[11.0,13.571428,5.2732143],"faces":{"up":{"uv":[12.0,3.25,12.5625,4.25],"tintindex":-2,"rotation":270,"texture":"#0"},"down":{"uv":[2.5,9.25,2.8125,10.0],"tintindex":-2,"rotation":270,"texture":"#0"}}},{"from":[5.0,10.571428,5.0232143],"to":[5.0,13.571428,5.2732143],"faces":{"east":{"uv":[2.8125,9.25,2.5,10.0],"tintindex":-2,"rotation":0,"texture":"#0"},"west":{"uv":[11.5625,3.25,11.25,4.25],"tintindex":-2,"rotation":0,"texture":"#0"}}},{"from":[1.5,13.071428,4.9232144],"to":[8.5,16.071428,4.9232144],"faces":{"south":{"uv":[8.75,5.75,7.0,6.5],"tintindex":-2,"rotation":0,"texture":"#0"},"north":{"uv":[7.0,5.75,8.75,6.5],"tintindex":-2,"rotation":0,"texture":"#0"}},"rotation":{"origin":[5.0,14.571428,4.9232144],"angle":-22.5,"axis":"z"}},{"from":[5.0,10.571428,5.0232143],"to":[8.0,10.571428,5.2732143],"faces":{"up":{"uv":[2.8125,9.25,2.5,10.0],"tintindex":-2,"rotation":270,"texture":"#0"},"down":{"uv":[13.5625,3.0,13.0,4.0],"tintindex":-2,"rotation":270,"texture":"#0"}}},{"from":[8.0,10.571428,5.2732143],"to":[11.0,13.571428,5.2732143],"faces":{"east":{"uv":[5.5,3.0,7.0,4.5],"tintindex":-2,"rotation":0,"texture":"#0"},"south":{"uv":[1.75,5.25,3.5,6.75],"tintindex":-2,"rotation":0,"texture":"#0"},"north":{"uv":[3.5,9.25,4.25,10.0],"tintindex":-2,"rotation":0,"texture":"#0"},"west":{"uv":[6.0,0.0,7.5,1.5],"tintindex":-2,"rotation":0,"texture":"#0"},"up":{"uv":[5.25,6.75,3.5,5.25],"tintindex":-2,"rotation":0,"texture":"#0"},"down":{"uv":[7.0,5.25,5.25,6.75],"tintindex":-2,"rotation":0,"texture":"#0"}}},{"from":[11.0,10.571428,5.0232143],"to":[11.0,13.571428,5.2732143],"faces":{"east":{"uv":[12.75,3.5,13.3125,4.5],"tintindex":-2,"rotation":0,"texture":"#0"},"west":{"uv":[2.5,9.25,2.8125,10.0],"tintindex":-2,"rotation":0,"texture":"#0"}}},{"from":[8.0,10.571428,5.0232143],"to":[8.0,13.571428,5.2732143],"faces":{"east":{"uv":[2.8125,9.25,2.5,10.0],"tintindex":-2,"rotation":0,"texture":"#0"},"west":{"uv":[3.0625,9.25,2.75,10.25],"tintindex":-2,"rotation":0,"texture":"#0"}}},{"from":[7.5,13.071428,4.9232144],"to":[14.5,16.071428,4.9232144],"faces":{"south":{"uv":[7.0,5.75,8.75,6.5],"tintindex":-2,"rotation":0,"texture":"#0"},"north":{"uv":[8.75,5.75,7.0,6.5],"tintindex":-2,"rotation":0,"texture":"#0"}},"rotation":{"origin":[11.0,14.571428,4.9232144],"angle":22.5,"axis":"z"}},{"from":[4.5,8.071428,5.0232143],"to":[11.5,14.071428,11.023214],"faces":{"east":{"uv":[5.5,3.0,7.0,4.5],"tintindex":-2,"rotation":0,"texture":"#0"},"south":{"uv":[1.75,5.25,3.5,6.75],"tintindex":-2,"rotation":0,"texture":"#0"},"north":{"uv":[0.0,5.0,1.75,6.5],"tintindex":-2,"rotation":0,"texture":"#0"},"west":{"uv":[6.0,0.0,7.5,1.5],"tintindex":-2,"rotation":0,"texture":"#0"},"up":{"uv":[5.25,6.75,3.5,5.25],"tintindex":-2,"rotation":0,"texture":"#0"},"down":{"uv":[7.0,5.25,5.25,6.75],"tintindex":-2,"rotation":0,"texture":"#0"}}},{"from":[5.0,10.571428,5.2732143],"to":[8.0,13.571428,5.2732143],"faces":{"east":{"uv":[5.5,3.0,7.0,4.5],"tintindex":-2,"rotation":0,"texture":"#0"},"south":{"uv":[1.75,5.25,3.5,6.75],"tintindex":-2,"rotation":0,"texture":"#0"},"north":{"uv":[3.5,9.25,4.25,10.0],"tintindex":-2,"rotation":0,"texture":"#0"},"west":{"uv":[6.0,0.0,7.5,1.5],"tintindex":-2,"rotation":0,"texture":"#0"},"up":{"uv":[5.25,6.75,3.5,5.25],"tintindex":-2,"rotation":0,"texture":"#0"},"down":{"uv":[7.0,5.25,5.25,6.75],"tintindex":-2,"rotation":0,"texture":"#0"}}},{"from":[7.0,9.071428,4.0232143],"to":[9.0,11.071428,5.0232143],"faces":{"east":{"uv":[6.75,4.5,7.0,5.0],"tintindex":-2,"rotation":0,"texture":"#0"},"south":{"uv":[8.5,2.0,9.0,2.5],"tintindex":-2,"rotation":0,"texture":"#0"},"north":{"uv":[5.0,3.0,5.5,3.5],"tintindex":-2,"rotation":0,"texture":"#0"},"west":{"uv":[6.5,8.75,6.75,9.25],"tintindex":-2,"rotation":0,"texture":"#0"},"up":{"uv":[2.25,5.25,1.75,5.0],"tintindex":-2,"rotation":0,"texture":"#0"},"down":{"uv":[1.75,6.5,1.25,6.75],"tintindex":-2,"rotation":0,"texture":"#0"}}},{"from":[5.0,13.571428,5.0232143],"to":[8.0,13.571428,5.2732143],"faces":{"up":{"uv":[12.0,3.0,12.5625,4.0],"tintindex":-2,"rotation":270,"texture":"#0"},"down":{"uv":[2.5,9.25,2.8125,10.0],"tintindex":-2,"rotation":270,"texture":"#0"}}}],"display":{"gui":{"rotation":[30,225,0]}}}