{"textures":{"0":"modelengine:entity/owl"},"elements":[{"from":[8.002,6.002,8.002],"to":[8.998,8.998,8.998],"faces":{"east":{"uv":[2.5,5.75,2.75,6.5],"tintindex":0,"rotation":0,"texture":"#0"},"south":{"uv":[3.25,5.75,3.5,6.5],"tintindex":0,"rotation":0,"texture":"#0"},"north":{"uv":[2.75,5.75,3.0,6.5],"tintindex":0,"rotation":0,"texture":"#0"},"west":{"uv":[3.0,5.75,3.25,6.5],"tintindex":0,"rotation":0,"texture":"#0"},"up":{"uv":[3.0,5.75,2.75,5.5],"tintindex":0,"rotation":0,"texture":"#0"},"down":{"uv":[3.25,5.5,3.0,5.75],"tintindex":0,"rotation":0,"texture":"#0"}}},{"from":[8.0,6.0,7.0],"to":[9.0,6.0,9.0],"faces":{"up":{"uv":[3.5,1.0,3.25,0.5],"tintindex":0,"rotation":0,"texture":"#0"},"down":{"uv":[3.75,0.5,3.5,1.0],"tintindex":0,"rotation":0,"texture":"#0"}}}],"display":{"gui":{"rotation":[30,225,0]}}}