{"textures":{"0":"modelengine:entity/owl"},"elements":[{"from":[7.0,7.0,7.0],"to":[8.0,8.0,10.0],"faces":{"east":{"uv":[0.0,9.25,0.75,9.5],"tintindex":0,"rotation":0,"texture":"#0"},"south":{"uv":[1.75,9.25,2.0,9.5],"tintindex":0,"rotation":0,"texture":"#0"},"north":{"uv":[0.75,9.25,1.0,9.5],"tintindex":0,"rotation":0,"texture":"#0"},"west":{"uv":[1.0,9.25,1.75,9.5],"tintindex":0,"rotation":0,"texture":"#0"},"up":{"uv":[1.0,9.25,0.75,8.5],"tintindex":0,"rotation":0,"texture":"#0"},"down":{"uv":[1.25,8.5,1.0,9.25],"tintindex":0,"rotation":0,"texture":"#0"}}},{"from":[7.0,1.0,7.0],"to":[8.0,7.0,11.0],"faces":{"east":{"uv":[2.5,6.5,3.5,8.0],"tintindex":0,"rotation":0,"texture":"#0"},"south":{"uv":[4.75,6.5,5.0,8.0],"tintindex":0,"rotation":0,"texture":"#0"},"north":{"uv":[3.5,6.5,3.75,8.0],"tintindex":0,"rotation":0,"texture":"#0"},"west":{"uv":[3.75,6.5,4.75,8.0],"tintindex":0,"rotation":0,"texture":"#0"},"up":{"uv":[3.75,6.5,3.5,5.5],"tintindex":0,"rotation":0,"texture":"#0"},"down":{"uv":[4.0,5.5,3.75,6.5],"tintindex":0,"rotation":0,"texture":"#0"}}},{"from":[7.0,0.0,8.0],"to":[8.0,1.0,11.0],"faces":{"east":{"uv":[9.0,3.75,9.75,4.0],"tintindex":0,"rotation":0,"texture":"#0"},"south":{"uv":[10.75,3.75,11.0,4.0],"tintindex":0,"rotation":0,"texture":"#0"},"north":{"uv":[9.75,3.75,10.0,4.0],"tintindex":0,"rotation":0,"texture":"#0"},"west":{"uv":[10.0,3.75,10.75,4.0],"tintindex":0,"rotation":0,"texture":"#0"},"up":{"uv":[10.0,3.75,9.75,3.0],"tintindex":0,"rotation":0,"texture":"#0"},"down":{"uv":[10.25,3.0,10.0,3.75],"tintindex":0,"rotation":0,"texture":"#0"}}}],"display":{"gui":{"rotation":[30,225,0]}}}