{"textures":{"0":"modelengine:entity/owl"},"elements":[{"from":[7.0,6.0,7.0],"to":[8.0,6.0,9.0],"faces":{"up":{"uv":[3.5,0.5,3.25,0.0],"tintindex":0,"rotation":0,"texture":"#0"},"down":{"uv":[3.75,0.0,3.5,0.5],"tintindex":0,"rotation":0,"texture":"#0"}}},{"from":[7.002,6.002,8.002],"to":[7.998,8.998,8.998],"faces":{"east":{"uv":[0.0,4.75,0.25,5.5],"tintindex":0,"rotation":0,"texture":"#0"},"south":{"uv":[0.75,4.75,1.0,5.5],"tintindex":0,"rotation":0,"texture":"#0"},"north":{"uv":[0.25,4.75,0.5,5.5],"tintindex":0,"rotation":0,"texture":"#0"},"west":{"uv":[0.5,4.75,0.75,5.5],"tintindex":0,"rotation":0,"texture":"#0"},"up":{"uv":[0.5,4.75,0.25,4.5],"tintindex":0,"rotation":0,"texture":"#0"},"down":{"uv":[0.75,4.5,0.5,4.75],"tintindex":0,"rotation":0,"texture":"#0"}}}],"display":{"gui":{"rotation":[30,225,0]}}}