{"textures":{"0":"modelengine:entity/crab_hermit"},"elements":[{"from":[6.5,7.55,8.25],"to":[9.5,9.55,8.25],"faces":{"south":{"uv":[6.0,10.25,6.75,10.75],"tintindex":-2,"rotation":0,"texture":"#0"},"north":{"uv":[5.0,10.25,5.75,10.75],"tintindex":-2,"rotation":0,"texture":"#0"}}},{"from":[9.5,7.55,3.25],"to":[9.5,9.55,8.25],"faces":{"east":{"uv":[5.75,8.5,7.0,9.0],"tintindex":-2,"rotation":0,"texture":"#0"},"west":{"uv":[8.75,0.0,10.0,0.5],"tintindex":-2,"rotation":0,"texture":"#0"}}},{"from":[6.5,7.55,3.25],"to":[6.5,9.55,8.25],"faces":{"east":{"uv":[8.75,0.75,10.0,1.25],"tintindex":-2,"rotation":0,"texture":"#0"},"west":{"uv":[8.75,1.5,10.0,2.0],"tintindex":-2,"rotation":0,"texture":"#0"}}},{"from":[6.5,7.55,3.25],"to":[9.5,9.55,3.25],"faces":{"south":{"uv":[10.25,9.75,11.0,10.25],"tintindex":-2,"rotation":0,"texture":"#0"},"north":{"uv":[10.25,9.0,11.0,9.5],"tintindex":-2,"rotation":0,"texture":"#0"}}},{"from":[6.5,9.55,3.25],"to":[9.5,9.55,8.25],"faces":{"up":{"uv":[8.5,2.75,7.75,1.5],"tintindex":-2,"rotation":0,"texture":"#0"},"down":{"uv":[3.0,8.0,2.25,9.25],"tintindex":-2,"rotation":0,"texture":"#0"}}}],"display":{"gui":{"rotation":[30,225,0]}}}